# Start: 2026-05-02 17:10:21
# Adapter: Scanmatik SM2 USB
# Bus: CAN1 6-14
# Bitrate: 500k
# Frames: 11-bit
# Firmware: FW:1096 HW:02 SN:A87720
# DLL: 1.0.0.130 (built 30.03.2025)
# API: 04.04

LOG   C:\Users\vano\Desktop\codex\canscanmatik\bin\Release\net8.0-windows\logs\CAN1_20260502_171021.log
17:10:21.748  CAN1  2C7       [8]  1E 00 00 00 00 00 00 0B
17:10:21.748  CAN1  10C       [8]  06 41 90 81 8F 19 00 00
17:10:21.748  CAN1  117       [8]  42 40 00 00 57 00 00 27
17:10:21.748  CAN1  11B       [8]  CC 40 54 E3 20 08 54 E1
17:10:21.748  CAN1  10F       [8]  00 00 00 00 00 00 00 00
17:10:21.748  CAN1  121       [8]  51 40 2A A9 6A 8A AA 00
17:10:21.748  CAN1  124       [8]  5E 40 00 15 55 2A A8 00
17:10:21.748  CAN1  14E       [8]  E2 65 50 55 13 10 00 00
17:10:21.748  CAN1  272       [8]  E9 60 18 07 00 AE 42 A8
17:10:21.748  CAN1  28E       [8]  2E 61 BF 01 31 80 00 00
17:10:21.748  CAN1  292       [8]  BB 60 00 00 00 00 00 00
17:10:21.748  CAN1  660       [8]  01 00 00 00 00 99 00 00
17:10:21.748  CAN1  661       [8]  00 59 00 A7 00 00 00 00
17:10:21.748  CAN1  662       [8]  00 00 00 00 00 00 00 00
17:10:21.748  CAN1  710       [8]  08 C0 8C 5D C3 84 00 80
17:10:21.748  CAN1  1AE       [8]  1A 60 00 01 0F FF 7F F8
17:10:21.748  CAN1  205       [8]  EC 65 55 7F F9 18 00 CA
17:10:21.748  CAN1  135       [8]  C6 21 1C FD 00 00 00 00
17:10:21.748  CAN1  23A       [8]  A0 60 00 00 00 00 00 00
17:10:21.748  CAN1  225       [8]  BE B8 FF 00 00 0D 8E F0
17:10:21.748  CAN1  32A       [8]  A6 AA B0 00 00 00 00 00
17:10:21.748  CAN1  1F4       [8]  A0 06 13 00 00 00 00 06
17:10:21.748  CAN1  2C7       [8]  1E 00 00 00 00 00 00 0C
17:10:21.748  CAN1  2AA       [8]  00 00 00 05 05 09 01 08
17:10:21.748  CAN1  10C       [8]  F6 51 90 81 8F 19 00 00
17:10:21.748  CAN1  117       [8]  52 40 00 00 57 00 00 17
17:10:21.748  CAN1  11B       [8]  75 50 54 E3 20 08 54 E1
17:10:21.748  CAN1  121       [8]  E8 50 2A A9 6A 8A AA 00
17:10:21.748  CAN1  124       [8]  E7 50 00 15 55 2A A8 00
17:10:21.748  CAN1  14E       [8]  5B 75 50 55 13 10 00 00
17:10:21.748  CAN1  15E       [8]  D5 30 80 00 50 10 00 00
17:10:21.748  CAN1  272       [8]  D9 70 18 07 00 AE 42 A8
17:10:21.763  CAN1  28E       [8]  1E 71 BF 01 31 80 00 00
17:10:21.763  CAN1  292       [8]  02 70 00 00 00 00 00 00
17:10:21.763  CAN1  660       [8]  01 00 00 00 00 99 00 00
17:10:21.763  CAN1  661       [8]  00 59 00 A7 00 00 00 00
17:10:21.763  CAN1  662       [8]  00 00 00 00 00 00 00 00
17:10:21.763  CAN1  710       [8]  08 C0 8C 5D C3 84 00 80
17:10:21.763  CAN1  1AE       [8]  0A 70 00 01 0F FF 7F F8
17:10:21.763  CAN1  205       [8]  DB 75 55 7F F9 18 00 CB
17:10:21.763  CAN1  135       [8]  C5 22 1C FD 00 00 00 00
17:10:21.763  CAN1  23A       [8]  90 70 00 00 00 00 00 00
17:10:21.763  CAN1  1F4       [8]  A0 06 13 00 00 00 00 06
17:10:21.763  CAN1  2C7       [8]  1E 00 00 00 00 00 00 0D
17:10:21.763  CAN1  10C       [8]  E6 61 90 81 8F 19 00 00
17:10:21.763  CAN1  117       [8]  62 40 00 00 57 00 00 07
17:10:21.763  CAN1  11B       [8]  A3 60 54 E3 20 08 54 E1
17:10:21.763  CAN1  10F       [8]  00 00 00 00 00 00 00 00
17:10:21.763  CAN1  121       [8]  3E 60 2A A9 6A 8A AA 00
17:10:21.763  CAN1  124       [8]  31 60 00 15 55 2A A8 00
17:10:21.763  CAN1  14E       [8]  F2 85 50 55 13 10 00 00
17:10:21.763  CAN1  272       [8]  C9 80 18 07 00 AE 42 A8
17:10:21.763  CAN1  28E       [8]  0E 81 BF 01 31 80 00 00
17:10:21.763  CAN1  292       [8]  AB 80 00 00 00 00 00 00
17:10:21.763  CAN1  2B2       [8]  22 10 00 00 41 00 90 41
17:10:21.763  CAN1  660       [8]  01 00 00 00 00 99 00 00
17:10:21.763  CAN1  661       [8]  00 59 00 A7 00 00 00 00
17:10:21.763  CAN1  662       [8]  00 00 00 00 00 00 00 00
17:10:21.763  CAN1  710       [8]  08 C0 8C 5D C3 84 00 80
17:10:21.763  CAN1  1AE       [8]  FA 80 00 01 0F FF 7F F8
17:10:21.763  CAN1  205       [8]  CB 85 55 7F F9 18 00 CB
17:10:21.763  CAN1  135       [8]  C4 23 1C FD 00 00 00 00
17:10:21.763  CAN1  23A       [8]  80 80 00 00 00 00 00 00
17:10:21.763  CAN1  225       [8]  AE C8 FF 00 00 0D 8E F0
17:10:21.775  CAN1  2A3       [8]  01 FF FF 00 00 00 00 00
17:10:21.775  CAN1  32A       [8]  96 AA C0 00 00 00 00 00
17:10:21.775  CAN1  1F4       [8]  A0 06 13 00 00 00 00 06
17:10:21.775  CAN1  2C7       [8]  1E 00 00 00 00 00 00 0E
17:10:21.775  CAN1  2AA       [8]  00 00 00 05 05 09 02 0B
17:10:21.775  CAN1  10C       [8]  D6 71 90 81 8F 19 00 00
17:10:21.775  CAN1  117       [8]  72 40 00 00 57 00 00 F7
17:10:21.775  CAN1  11B       [8]  1A 70 54 E3 20 08 54 E1
17:10:21.775  CAN1  121       [8]  87 70 2A A9 6A 8A AA 00
17:10:21.775  CAN1  124       [8]  88 70 00 15 55 2A A8 00
17:10:21.775  CAN1  07D       [8]  CB 20 15 00 00 00 00 00
17:10:21.775  CAN1  14E       [8]  4B 95 50 55 13 10 00 00
17:10:21.775  CAN1  15E       [8]  DD 40 80 00 50 10 00 00
17:10:21.775  CAN1  272       [8]  B9 90 18 07 00 AE 42 A8
17:10:21.775  CAN1  28E       [8]  FE 91 BF 01 31 80 00 00
17:10:21.775  CAN1  292       [8]  12 90 00 00 00 00 00 00
17:10:21.775  CAN1  660       [8]  01 00 00 00 00 99 00 00
17:10:21.775  CAN1  661       [8]  00 59 00 A7 00 00 00 00
17:10:21.775  CAN1  662       [8]  00 00 00 00 00 00 00 00
17:10:21.775  CAN1  710       [8]  08 C0 8C 5D C3 84 00 80
17:10:21.775  CAN1  1AE       [8]  EA 90 00 01 0F FF 7F F8
17:10:21.775  CAN1  205       [8]  BB 95 55 7F F9 18 00 CB
17:10:21.775  CAN1  135       [8]  C3 24 1C FD 00 00 00 00
17:10:21.775  CAN1  23A       [8]  70 90 00 00 00 00 00 00
17:10:21.775  CAN1  1F4       [8]  A0 06 13 00 00 00 00 06
17:10:21.775  CAN1  2C7       [8]  1E 00 00 00 00 00 00 0F
17:10:21.775  CAN1  10C       [8]  C6 81 90 81 8F 19 00 00
17:10:21.775  CAN1  117       [8]  82 40 00 00 57 00 00 E7
17:10:21.775  CAN1  11B       [8]  B3 80 54 E3 20 08 54 E1
17:10:21.775  CAN1  10F       [8]  00 00 00 00 00 00 00 00
17:10:21.775  CAN1  121       [8]  2E 80 2A A9 6A 8A AA 00
17:10:21.775  CAN1  124       [8]  21 80 00 15 55 2A A8 00
17:10:21.787  CAN1  14E       [8]  9D A5 50 55 13 10 00 00
17:10:21.787  CAN1  272       [8]  A9 A0 18 07 00 AE 42 A8
17:10:21.787  CAN1  28E       [8]  EE A1 BF 01 31 80 00 00
17:10:21.787  CAN1  292       [8]  C4 A0 00 00 00 00 00 00
17:10:21.787  CAN1  660       [8]  01 00 00 00 00 99 00 00
17:10:21.787  CAN1  661       [8]  00 59 00 A7 00 00 00 00
17:10:21.787  CAN1  662       [8]  00 00 00 00 00 00 00 00
17:10:21.787  CAN1  710       [8]  08 C0 8C 5D C3 84 40 80
17:10:21.787  CAN1  1AE       [8]  DA A0 00 01 0F FF 7F F8
17:10:21.787  CAN1  205       [8]  AB A5 55 7F F9 18 00 CB
17:10:21.787  CAN1  135       [8]  C2 25 1C FD 00 00 00 00
17:10:21.787  CAN1  23A       [8]  60 A0 00 00 00 00 00 00
17:10:21.787  CAN1  225       [8]  9E D8 FF 00 00 0D 8E F0
17:10:21.787  CAN1  32A       [8]  86 AA D0 00 00 00 00 00
17:10:21.787  CAN1  1F4       [8]  A0 06 13 00 00 00 00 06
17:10:21.787  CAN1  2C7       [8]  1E 00 00 00 00 00 00 00
17:10:21.787  CAN1  2AA       [8]  00 00 00 05 05 09 03 0A
17:10:21.787  CAN1  10C       [8]  B6 91 90 81 8F 19 00 00
17:10:21.787  CAN1  117       [8]  92 40 00 00 57 00 00 D7
17:10:21.787  CAN1  11B       [8]  0A 90 54 E3 20 08 54 E1
17:10:21.787  CAN1  121       [8]  97 90 2A A9 6A 8A AA 00
17:10:21.787  CAN1  124       [8]  98 90 00 15 55 2A A8 00
17:10:21.787  CAN1  14E       [8]  24 B5 50 55 13 10 00 00
17:10:21.787  CAN1  15E       [8]  64 50 80 00 50 10 00 00
17:10:21.787  CAN1  272       [8]  99 B0 18 07 00 AE 42 A8
17:10:21.787  CAN1  28E       [8]  DE B1 BF 01 31 80 00 00
17:10:21.787  CAN1  292       [8]  7D B0 00 00 00 00 00 00
17:10:21.787  CAN1  660       [8]  01 00 00 00 00 99 00 00
17:10:21.787  CAN1  661       [8]  00 59 00 A7 00 00 00 00
17:10:21.787  CAN1  662       [8]  00 00 00 00 00 00 00 00
17:10:21.787  CAN1  710       [8]  08 C0 8C 5D C3 84 00 80
17:10:21.787  CAN1  1AE       [8]  CA B0 00 01 0F FF 7F F8
17:10:21.803  CAN1  205       [8]  9E B5 55 7F F9 18 00 C8
17:10:21.803  CAN1  135       [8]  C1 26 1C FD 00 00 00 00
17:10:21.803  CAN1  23A       [8]  50 B0 00 00 00 00 00 00
17:10:21.803  CAN1  1F4       [8]  A0 06 13 00 00 00 00 06
17:10:21.803  CAN1  2C7       [8]  1E 00 00 00 00 00 00 01
17:10:21.803  CAN1  10C       [8]  A6 A1 90 81 8F 19 00 00
17:10:21.803  CAN1  117       [8]  A2 40 00 00 57 00 00 C7
17:10:21.803  CAN1  11B       [8]  DC A0 54 E3 20 08 54 E1
17:10:21.803  CAN1  10F       [8]  00 00 00 00 00 00 00 00
17:10:21.803  CAN1  121       [8]  41 A0 2A A9 6A 8A AA 00
17:10:21.803  CAN1  124       [8]  4E A0 00 15 55 2A A8 00
17:10:21.803  CAN1  14E       [8]  2C C5 50 55 13 10 00 00
17:10:21.803  CAN1  272       [8]  89 C0 18 07 00 AE 42 A8
17:10:21.803  CAN1  28E       [8]  CE C1 BF 01 31 80 00 00
17:10:21.803  CAN1  292       [8]  75 C0 00 00 00 00 00 00
17:10:21.803  CAN1  660       [8]  01 00 00 00 00 99 00 00
17:10:21.803  CAN1  661       [8]  00 59 00 A7 00 00 00 00
17:10:21.803  CAN1  662       [8]  00 00 00 00 00 00 00 00
17:10:21.803  CAN1  710       [8]  08 C0 8C 5D C3 84 00 80
17:10:21.803  CAN1  1AE       [8]  BA C0 00 01 0F FF 7F F8
17:10:21.803  CAN1  205       [8]  8E C5 55 7F F9 18 00 C8
17:10:21.803  CAN1  135       [8]  C0 27 1C FD 00 00 00 00
17:10:21.803  CAN1  23A       [8]  40 C0 00 00 00 00 00 00
17:10:21.803  CAN1  225       [8]  8E E8 FF 00 00 0D 8E F0
17:10:21.803  CAN1  32A       [8]  76 AA E0 00 00 00 00 00
17:10:21.803  CAN1  1F4       [8]  A0 06 13 00 00 00 00 06
17:10:21.803  CAN1  2C7       [8]  1E 00 00 00 00 00 00 02
17:10:21.803  CAN1  2AA       [8]  00 00 00 05 05 09 04 0D
17:10:21.803  CAN1  10C       [8]  96 B1 90 81 8F 19 00 00
17:10:21.803  CAN1  117       [8]  B2 40 00 00 57 00 00 B7
17:10:21.803  CAN1  11B       [8]  65 B0 54 E3 20 08 54 E1
17:10:21.803  CAN1  121       [8]  F8 B0 2A A9 6A 8A AA 00
17:10:21.816  CAN1  124       [8]  F7 B0 00 15 55 2A A8 00
17:10:21.816  CAN1  14E       [8]  95 D5 50 55 13 10 00 00
17:10:21.816  CAN1  15E       [8]  B2 60 80 00 50 10 00 00
17:10:21.816  CAN1  272       [8]  79 D0 18 07 00 AE 42 A8
17:10:21.816  CAN1  28E       [8]  BE D1 BF 01 31 80 00 00
17:10:21.816  CAN1  292       [8]  CC D0 00 00 00 00 00 00
17:10:21.816  CAN1  660       [8]  01 00 00 00 00 99 00 00
17:10:21.816  CAN1  661       [8]  00 59 00 A7 00 00 00 00
17:10:21.816  CAN1  662       [8]  00 00 00 00 00 00 00 00
17:10:21.816  CAN1  710       [8]  08 C0 8C 5D C3 84 00 80
17:10:21.816  CAN1  1AE       [8]  AA D0 00 01 0F FF 7F F8
17:10:21.816  CAN1  205       [8]  7B D5 55 7F F9 18 00 CB
17:10:21.816  CAN1  135       [8]  BF 28 1C FD 00 00 00 00
17:10:21.816  CAN1  23A       [8]  30 D0 00 00 00 00 00 00
17:10:21.816  CAN1  2A3       [8]  01 FF FF 00 00 00 00 00
17:10:21.816  CAN1  1F4       [8]  A0 06 13 00 00 00 00 06
17:10:21.816  CAN1  2C7       [8]  1E 00 00 00 00 00 00 03
17:10:21.816  CAN1  10C       [8]  86 C1 90 81 8F 19 00 00
17:10:21.816  CAN1  117       [8]  C2 40 00 00 57 00 00 A7
17:10:21.816  CAN1  11B       [8]  6D C0 54 E3 20 08 54 E1
17:10:21.816  CAN1  10F       [8]  00 00 00 00 00 00 00 00
17:10:21.816  CAN1  121       [8]  F0 C0 2A A9 6A 8A AA 00
17:10:21.816  CAN1  124       [8]  FF C0 00 15 55 2A A8 00
17:10:21.816  CAN1  14E       [8]  43 E5 50 55 13 10 00 00
17:10:21.816  CAN1  272       [8]  69 E0 18 07 00 AE 42 A8
17:10:21.816  CAN1  28E       [8]  AE E1 BF 01 31 80 00 00
17:10:21.816  CAN1  292       [8]  1A E0 00 00 00 00 00 00
17:10:21.816  CAN1  660       [8]  01 00 00 00 00 99 00 00
17:10:21.816  CAN1  661       [8]  00 59 00 A7 00 00 00 00
17:10:21.816  CAN1  662       [8]  00 00 00 00 00 00 00 00
17:10:21.816  CAN1  710       [8]  08 C0 8C 5D C3 84 00 80
17:10:21.816  CAN1  1AE       [8]  9A E0 00 01 0F FF 7F F8
17:10:21.828  CAN1  205       [8]  6B E5 55 7F F9 18 00 CB
17:10:21.828  CAN1  23A       [8]  20 E0 00 00 00 00 00 00
17:10:21.828  CAN1  135       [8]  BE 29 1C FD 00 00 00 00
17:10:21.828  CAN1  225       [8]  7E F8 FF 00 00 0D 8E F0
17:10:21.828  CAN1  32A       [8]  66 AA F0 00 00 00 00 00
17:10:21.828  CAN1  1F4       [8]  A0 06 13 00 00 00 00 06
17:10:21.828  CAN1  2C7       [8]  1E 00 00 00 00 00 00 04
17:10:21.828  CAN1  2AA       [8]  00 00 00 05 05 09 05 0C
17:10:21.828  CAN1  10C       [8]  76 D1 90 81 8F 19 00 00
17:10:21.828  CAN1  117       [8]  D2 40 00 00 57 00 00 97
17:10:21.828  CAN1  11B       [8]  D4 D0 54 E3 20 08 54 E1
17:10:21.828  CAN1  121       [8]  49 D0 2A A9 6A 8A AA 00
17:10:21.828  CAN1  124       [8]  46 D0 00 15 55 2A A8 00
17:10:21.828  CAN1  14E       [8]  FA F5 50 55 13 10 00 00
17:10:21.828  CAN1  15E       [8]  0B 70 80 00 50 10 00 00
17:10:21.828  CAN1  272       [8]  59 F0 18 07 00 AE 42 A8
17:10:21.828  CAN1  28E       [8]  9E F1 BF 01 31 80 00 00
17:10:21.828  CAN1  292       [8]  A3 F0 00 00 00 00 00 00
17:10:21.828  CAN1  660       [8]  01 00 00 00 00 99 00 00
17:10:21.828  CAN1  661       [8]  00 59 00 A7 00 00 00 00
17:10:21.828  CAN1  662       [8]  00 00 00 00 00 00 00 00
17:10:21.828  CAN1  710       [8]  08 C0 8C 5D C3 83 40 80
17:10:21.828  CAN1  256       [8]  59 10 00 61 25 2B A2 44
17:10:21.828  CAN1  312       [8]  10 00 00 79 C0 00 00 00
17:10:21.828  CAN1  313       [8]  7D 02 04 02 3F D1 3E 80
17:10:21.828  CAN1  317       [8]  3C 2D F3 83 2E E3 E8 00
17:10:21.828  CAN1  1AE       [8]  8A F0 00 01 0F FF 7F F8
17:10:21.828  CAN1  135       [8]  BD 2A 1C FD 00 00 00 00
17:10:21.828  CAN1  205       [8]  5C F5 55 7F F9 18 00 CA
17:10:21.828  CAN1  23A       [8]  10 F0 00 00 00 00 00 00
17:10:21.828  CAN1  323       [8]  0F 65 14 00 7D 03 E8 01
17:10:21.828  CAN1  324       [8]  00 00 00 00 00 00 01 00
17:10:21.842  CAN1  1F4       [8]  A0 06 13 00 00 00 00 06
17:10:21.842  CAN1  338       [8]  00 28 5D C0 FF 00 02 00
17:10:21.842  CAN1  2C7       [8]  1E 00 00 00 00 00 00 05
17:10:21.842  CAN1  10C       [8]  66 E1 90 81 8F 19 00 00
17:10:21.842  CAN1  117       [8]  E2 40 00 00 57 00 00 87
17:10:21.842  CAN1  11B       [8]  02 E0 54 E3 20 08 54 E1
17:10:21.842  CAN1  10F       [8]  00 00 00 00 00 00 00 00
17:10:21.842  CAN1  121       [8]  9F E0 2A A9 6A 8A AA 00
17:10:21.842  CAN1  124       [8]  90 E0 00 15 55 2A A8 00
17:10:21.842  CAN1  14E       [8]  53 05 50 55 13 10 00 00
17:10:21.842  CAN1  272       [8]  49 00 18 07 00 AE 42 A8
17:10:21.842  CAN1  28E       [8]  8E 01 BF 01 31 80 00 00
17:10:21.842  CAN1  292       [8]  0A 00 00 00 00 00 00 00
17:10:21.842  CAN1  660       [8]  01 00 00 00 00 99 00 00
17:10:21.842  CAN1  661       [8]  00 59 00 A7 00 00 00 00
17:10:21.842  CAN1  662       [8]  00 00 00 00 00 00 00 00
17:10:21.842  CAN1  710       [8]  08 C0 8C 5D C3 83 80 80
17:10:21.842  CAN1  1AE       [8]  7A 00 00 01 0F FF 7F F8
17:10:21.842  CAN1  205       [8]  4C 05 55 7F F9 18 00 CA
17:10:21.842  CAN1  23A       [8]  00 00 00 00 00 00 00 00
17:10:21.842  CAN1  135       [8]  BC 2B 1C FD 00 00 00 00
17:10:21.842  CAN1  225       [8]  6E 08 FF 00 00 0D 8E F0
17:10:21.842  CAN1  32A       [8]  56 AA 00 00 00 00 00 00
17:10:21.842  CAN1  1F4       [8]  A0 06 13 00 00 00 00 06
17:10:21.842  CAN1  2C7       [8]  1E 00 00 00 00 00 00 06
17:10:21.842  CAN1  2AA       [8]  00 00 00 05 05 09 06 0F
17:10:21.842  CAN1  10C       [8]  56 F1 90 81 8F 19 00 00
17:10:21.842  CAN1  117       [8]  F2 40 00 00 57 00 00 77
17:10:21.842  CAN1  11B       [8]  BB F0 54 E3 20 08 54 E1
17:10:21.842  CAN1  121       [8]  26 F0 2A A9 6A 8A AA 00
17:10:21.842  CAN1  124       [8]  29 F0 00 15 55 2A A8 00
17:10:21.842  CAN1  14E       [8]  EA 15 50 55 13 10 00 00
17:10:21.856  CAN1  15E       [8]  03 00 80 00 50 10 00 00
17:10:21.856  CAN1  272       [8]  39 10 18 07 00 AE 42 A8
17:10:21.856  CAN1  28E       [8]  7E 11 BF 01 31 80 00 00
17:10:21.856  CAN1  292       [8]  B3 10 00 00 00 00 00 00
17:10:21.856  CAN1  660       [8]  01 00 00 00 00 99 00 00
17:10:21.856  CAN1  661       [8]  00 59 00 A7 00 00 00 00
17:10:21.856  CAN1  662       [8]  00 00 00 00 00 00 00 00
17:10:21.856  CAN1  710       [8]  08 C0 8C 5D C3 83 C0 80
17:10:21.856  CAN1  1AE       [8]  6A 10 00 01 0F FF 7F F8
17:10:21.856  CAN1  205       [8]  3C 15 55 7F F9 18 00 CA
17:10:21.856  CAN1  135       [8]  BB 2C 1C FD 00 00 00 00
17:10:21.856  CAN1  23A       [8]  F0 10 00 00 00 00 00 00
17:10:21.856  CAN1  1F4       [8]  A0 06 13 00 00 00 00 06
17:10:21.856  CAN1  2C7       [8]  1E 00 00 00 00 00 00 07
17:10:21.856  CAN1  10C       [8]  46 01 90 81 8F 19 00 00
17:10:21.856  CAN1  117       [8]  02 40 00 00 57 00 00 67
17:10:21.856  CAN1  11B       [8]  12 00 54 E3 20 08 54 E1
17:10:21.856  CAN1  10F       [8]  00 00 00 00 00 00 00 00
17:10:21.856  CAN1  121       [8]  8F 00 2A A9 6A 8A AA 00
17:10:21.856  CAN1  124       [8]  80 00 00 15 55 2A A8 00
17:10:21.856  CAN1  14E       [8]  3C 25 50 55 13 10 00 00
17:10:21.856  CAN1  272       [8]  29 20 18 07 00 AE 42 A8
17:10:21.856  CAN1  28E       [8]  6E 21 BF 01 31 80 00 00
17:10:21.856  CAN1  292       [8]  65 20 00 00 00 00 00 00
17:10:21.856  CAN1  2B2       [8]  32 20 00 00 41 00 90 41
17:10:21.856  CAN1  660       [8]  01 00 00 00 00 99 00 00
17:10:21.856  CAN1  661       [8]  00 59 00 A7 00 00 00 00
17:10:21.856  CAN1  662       [8]  00 00 00 00 00 00 00 00
17:10:21.856  CAN1  710       [8]  08 C0 8C 5D C3 83 C0 80
17:10:21.856  CAN1  1AE       [8]  5A 20 00 01 0F FF 7F F8
17:10:21.856  CAN1  205       [8]  2C 25 55 7F F9 18 00 CA
17:10:21.856  CAN1  23A       [8]  E0 20 00 00 00 00 00 00
17:10:21.868  CAN1  135       [8]  BA 2D 1C FD 00 00 00 00
17:10:21.868  CAN1  225       [8]  5E 18 FF 00 00 0D 8E F0
17:10:21.868  CAN1  2A3       [8]  01 FF FF 00 00 00 00 00
17:10:21.868  CAN1  32A       [8]  46 AA 10 00 00 00 00 00
17:10:21.868  CAN1  1F4       [8]  A0 06 13 00 00 00 00 06
17:10:21.868  CAN1  2C7       [8]  1E 00 00 00 00 00 00 08
17:10:21.868  CAN1  2AA       [8]  00 00 00 05 05 09 07 0E
17:10:21.868  CAN1  10C       [8]  36 11 90 81 8F 19 00 00
17:10:21.868  CAN1  117       [8]  12 40 00 00 57 00 00 57
17:10:21.868  CAN1  11B       [8]  AB 10 54 E3 20 08 54 E1
17:10:21.868  CAN1  121       [8]  36 10 2A A9 6A 8A AA 00
17:10:21.868  CAN1  124       [8]  39 10 00 15 55 2A A8 00
17:10:21.868  CAN1  07D       [8]  BB 30 15 00 00 00 00 00
17:10:21.868  CAN1  14E       [8]  85 35 50 55 13 10 00 00
17:10:21.868  CAN1  15E       [8]  BA 10 80 00 50 10 00 00
17:10:21.868  CAN1  272       [8]  19 30 18 07 00 AE 42 A8
17:10:21.868  CAN1  28E       [8]  5E 31 BF 01 31 80 00 00
17:10:21.868  CAN1  292       [8]  DC 30 00 00 00 00 00 00
17:10:21.868  CAN1  660       [8]  01 00 00 00 00 99 00 00
17:10:21.868  CAN1  661       [8]  00 59 00 A7 00 00 00 00
17:10:21.868  CAN1  662       [8]  00 00 00 00 00 00 00 00
17:10:21.868  CAN1  710       [8]  08 C0 8C 5D C3 83 C0 80
17:10:21.868  CAN1  1AE       [8]  4A 30 00 01 0F FF 7F F8
17:10:21.868  CAN1  205       [8]  1B 35 55 7F F9 18 00 CB
17:10:21.868  CAN1  135       [8]  B9 2E 1C FD 00 00 00 00
17:10:21.868  CAN1  23A       [8]  D0 30 00 00 00 00 00 00
17:10:21.868  CAN1  1F4       [8]  A0 06 13 00 00 00 00 06
17:10:21.868  CAN1  2C7       [8]  1E 00 00 00 00 00 00 09
17:10:21.868  CAN1  10C       [8]  26 21 90 81 8F 19 00 00
17:10:21.868  CAN1  117       [8]  22 40 00 00 57 00 00 47
17:10:21.868  CAN1  11B       [8]  7D 20 54 E3 20 08 54 E1
17:10:21.868  CAN1  10F       [8]  00 00 00 00 00 00 00 00
17:10:21.882  CAN1  121       [8]  E0 20 2A A9 6A 8A AA 00
17:10:21.882  CAN1  124       [8]  EF 20 00 15 55 2A A8 00
17:10:21.882  CAN1  14E       [8]  8D 45 50 55 13 10 00 00
17:10:21.882  CAN1  272       [8]  09 40 18 07 00 AE 42 A8
17:10:21.882  CAN1  28E       [8]  4E 41 BF 01 31 80 00 00
17:10:21.882  CAN1  292       [8]  D4 40 00 00 00 00 00 00
17:10:21.882  CAN1  660       [8]  01 00 00 00 00 99 00 00
17:10:21.882  CAN1  661       [8]  00 59 00 A7 00 00 00 00
17:10:21.882  CAN1  662       [8]  00 00 00 00 00 00 00 00
17:10:21.882  CAN1  710       [8]  08 C0 8C 5D C3 83 C0 80
17:10:21.882  CAN1  1AE       [8]  3A 40 00 01 0F FF 7F F8
17:10:21.882  CAN1  205       [8]  0B 45 55 7F F9 18 00 CB
17:10:21.882  CAN1  23A       [8]  C0 40 00 00 00 00 00 00
17:10:21.882  CAN1  135       [8]  B8 2F 1C FD 00 00 00 00
17:10:21.882  CAN1  225       [8]  4E 28 FF 00 00 0D 8E F0
17:10:21.882  CAN1  32A       [8]  36 AA 20 00 00 00 00 00
17:10:21.882  CAN1  1F4       [8]  A0 06 13 00 00 00 00 06
17:10:21.882  CAN1  2C7       [8]  1E 00 00 00 00 00 00 0A
17:10:21.882  CAN1  2AA       [8]  00 00 00 05 05 09 08 01
17:10:21.882  CAN1  10C       [8]  16 31 90 81 8F 19 00 00
17:10:21.882  CAN1  117       [8]  32 40 00 00 57 00 00 37
17:10:21.882  CAN1  11B       [8]  C4 30 54 E3 20 08 54 E1
17:10:21.882  CAN1  121       [8]  59 30 2A A9 6A 8A AA 00
17:10:21.882  CAN1  124       [8]  56 30 00 15 55 2A A8 00
17:10:21.882  CAN1  14E       [8]  34 55 50 55 13 10 00 00
17:10:21.882  CAN1  15E       [8]  6C 20 80 00 50 10 00 00
17:10:21.882  CAN1  272       [8]  F9 50 18 07 00 AE 42 A8
17:10:21.882  CAN1  28E       [8]  3E 51 BF 01 31 80 00 00
17:10:21.882  CAN1  292       [8]  6D 50 00 00 00 00 00 00
17:10:21.882  CAN1  660       [8]  01 00 00 00 00 99 00 00
17:10:21.882  CAN1  661       [8]  00 59 00 A7 00 00 00 00
17:10:21.882  CAN1  662       [8]  00 00 00 00 00 00 00 00
17:10:21.907  CAN1  710       [8]  08 C0 8C 5D C3 84 00 80
17:10:21.907  CAN1  1AE       [8]  2A 50 00 01 0F FF 7F F8
17:10:21.907  CAN1  205       [8]  FB 55 55 7F F9 18 00 CB
17:10:21.907  CAN1  135       [8]  C7 20 1C FD 00 00 00 00
17:10:21.907  CAN1  23A       [8]  B0 50 00 00 00 00 00 00
17:10:21.907  CAN1  1F4       [8]  A0 06 13 00 00 00 00 06
17:10:21.907  CAN1  2C7       [8]  1E 00 00 00 00 00 00 0B
17:10:21.907  CAN1  10C       [8]  06 41 90 81 8F 19 00 00
17:10:21.907  CAN1  117       [8]  42 40 00 00 57 00 00 27
17:10:21.907  CAN1  11B       [8]  CC 40 54 E3 20 08 54 E1
17:10:21.907  CAN1  10F       [8]  00 00 00 00 00 00 00 00
17:10:21.907  CAN1  121       [8]  51 40 2A A9 6A 8A AA 00
17:10:21.907  CAN1  124       [8]  5E 40 00 15 55 2A A8 00
17:10:21.907  CAN1  14E       [8]  E2 65 50 55 13 10 00 00
17:10:21.907  CAN1  272       [8]  E9 60 18 07 00 AE 42 A8
17:10:21.907  CAN1  28E       [8]  2E 61 BF 01 31 80 00 00
17:10:21.907  CAN1  292       [8]  BB 60 00 00 00 00 00 00
17:10:21.907  CAN1  660       [8]  01 00 00 00 00 99 00 00
17:10:21.907  CAN1  661       [8]  00 59 00 A7 00 00 00 00
17:10:21.907  CAN1  662       [8]  00 00 00 00 00 00 00 00
17:10:21.907  CAN1  710       [8]  08 C0 8C 5D C3 84 00 80
17:10:21.907  CAN1  1AE       [8]  1A 60 00 01 0F FF 7F F8
17:10:21.907  CAN1  205       [8]  EB 65 55 7F F9 18 00 CB
17:10:21.907  CAN1  23A       [8]  A0 60 00 00 00 00 00 00
17:10:21.907  CAN1  135       [8]  C6 21 1C FD 00 00 00 00
17:10:21.907  CAN1  225       [8]  3E 38 FF 00 00 0D 8E F0
17:10:21.907  CAN1  32A       [8]  26 AA 30 00 00 00 00 00
17:10:21.907  CAN1  1F4       [8]  A0 06 13 00 00 00 00 06
17:10:21.907  CAN1  2C7       [8]  1E 00 00 00 00 00 00 0C
17:10:21.907  CAN1  2AA       [8]  00 00 00 05 05 09 09 00
17:10:21.907  CAN1  10C       [8]  F6 51 90 81 8F 19 00 00
17:10:21.907  CAN1  117       [8]  52 40 00 00 57 00 00 17
17:10:21.910  CAN1  11B       [8]  75 50 54 E3 20 08 54 E1
17:10:21.910  CAN1  121       [8]  E8 50 2A A9 6A 8A AA 00
17:10:21.910  CAN1  124       [8]  E7 50 00 15 55 2A A8 00
17:10:21.910  CAN1  14E       [8]  5B 75 50 55 13 10 00 00
17:10:21.910  CAN1  15E       [8]  D5 30 80 00 50 10 00 00
17:10:21.910  CAN1  272       [8]  D9 70 18 07 00 AE 42 A8
17:10:21.910  CAN1  28E       [8]  1E 71 BF 01 31 80 00 00
17:10:21.910  CAN1  292       [8]  02 70 00 00 00 00 00 00
17:10:21.910  CAN1  660       [8]  01 00 00 00 00 99 00 00
17:10:21.910  CAN1  661       [8]  00 59 00 A7 00 00 00 00
17:10:21.910  CAN1  662       [8]  00 00 00 00 00 00 00 00
17:10:21.910  CAN1  710       [8]  08 C0 8C 5D C3 83 80 80
17:10:21.910  CAN1  1AE       [8]  0A 70 00 01 0F FF 7F F8
17:10:21.910  CAN1  205       [8]  DB 75 55 7F F9 18 00 CB
17:10:21.910  CAN1  135       [8]  C5 22 1C FD 00 00 00 00
17:10:21.910  CAN1  23A       [8]  90 70 00 00 00 00 00 00
17:10:21.910  CAN1  2A3       [8]  01 FF FF 00 00 00 00 00
17:10:21.910  CAN1  1F4       [8]  A0 06 13 00 00 00 00 06
17:10:21.910  CAN1  2C7       [8]  1E 00 00 00 00 00 00 0D
17:10:21.910  CAN1  10C       [8]  E6 61 90 81 8F 19 00 00
17:10:21.910  CAN1  117       [8]  62 40 00 00 57 00 00 07
17:10:21.910  CAN1  11B       [8]  A3 60 54 E3 20 08 54 E1
17:10:21.910  CAN1  10F       [8]  00 00 00 00 00 00 00 00
17:10:21.910  CAN1  121       [8]  3E 60 2A A9 6A 8A AA 00
17:10:21.910  CAN1  124       [8]  31 60 00 15 55 2A A8 00
17:10:21.910  CAN1  14E       [8]  F2 85 50 55 13 10 00 00
17:10:21.910  CAN1  272       [8]  C9 80 18 07 00 AE 42 A8
17:10:21.910  CAN1  28E       [8]  0E 81 BF 01 31 80 00 00
17:10:21.910  CAN1  292       [8]  AB 80 00 00 00 00 00 00
17:10:21.910  CAN1  660       [8]  01 00 00 00 00 99 00 00
17:10:21.910  CAN1  661       [8]  00 59 00 A7 00 00 00 00
17:10:21.910  CAN1  662       [8]  00 00 00 00 00 00 00 00
17:10:21.923  CAN1  710       [8]  08 C0 8C 5D C3 84 00 80
17:10:21.923  CAN1  1AE       [8]  FA 80 00 01 0F FF 7F F8
17:10:21.923  CAN1  205       [8]  CB 85 55 7F F9 18 00 CB
17:10:21.923  CAN1  23A       [8]  80 80 00 00 00 00 00 00
17:10:21.923  CAN1  135       [8]  C4 23 1C FD 00 00 00 00
17:10:21.923  CAN1  225       [8]  2E 48 FF 00 00 0D 8E F0
17:10:21.923  CAN1  32A       [8]  16 AA 40 00 00 00 00 00
17:10:21.923  CAN1  1F4       [8]  A0 06 13 00 00 00 00 06
17:10:21.923  CAN1  2C7       [8]  1E 00 00 00 00 00 00 0E
17:10:21.923  CAN1  2AA       [8]  00 00 00 05 05 09 0A 03
17:10:21.923  CAN1  10C       [8]  D6 71 90 81 8F 19 00 00
17:10:21.923  CAN1  117       [8]  72 40 00 00 57 00 00 F7
17:10:21.923  CAN1  11B       [8]  1A 70 54 E3 20 08 54 E1
17:10:21.923  CAN1  121       [8]  87 70 2A A9 6A 8A AA 00
17:10:21.923  CAN1  124       [8]  88 70 00 15 55 2A A8 00
17:10:21.923  CAN1  14E       [8]  4B 95 50 55 13 10 00 00
17:10:21.923  CAN1  15E       [8]  DD 40 80 00 50 10 00 00
17:10:21.923  CAN1  272       [8]  B9 90 18 07 00 AE 42 A8
17:10:21.923  CAN1  28E       [8]  FE 91 BF 01 31 80 00 00
17:10:21.923  CAN1  292       [8]  12 90 00 00 00 00 00 00
17:10:21.923  CAN1  660       [8]  01 00 00 00 00 99 00 00
17:10:21.923  CAN1  661       [8]  00 59 00 A7 00 00 00 00
17:10:21.923  CAN1  662       [8]  00 00 00 00 00 00 00 00
17:10:21.923  CAN1  710       [8]  08 C0 8C 5D C3 84 40 80
17:10:21.923  CAN1  256       [8]  58 10 00 61 25 2B A3 44
17:10:21.923  CAN1  312       [8]  10 00 00 7A C0 00 00 00
17:10:21.923  CAN1  313       [8]  7D 02 04 02 3F D1 3E 80
17:10:21.923  CAN1  317       [8]  3C 2D F3 83 2E E3 E8 00
17:10:21.923  CAN1  1AE       [8]  EA 90 00 01 0F FF 7F F8
17:10:21.923  CAN1  135       [8]  C3 24 1C FD 00 00 00 00
17:10:21.923  CAN1  205       [8]  BD 95 55 7F F9 18 00 C9
17:10:21.923  CAN1  23A       [8]  70 90 00 00 00 00 00 00
17:10:21.947  CAN1  323       [8]  0F 65 14 00 7D 03 E8 01
17:10:21.947  CAN1  324       [8]  00 00 00 00 00 00 01 00
17:10:21.947  CAN1  1F4       [8]  A0 06 13 00 00 00 00 06
17:10:21.947  CAN1  338       [8]  00 28 5D C0 FF 00 02 00
17:10:21.947  CAN1  2C7       [8]  1E 00 00 00 00 00 00 0F
17:10:21.947  CAN1  10C       [8]  C6 81 90 81 8F 19 00 00
17:10:21.947  CAN1  117       [8]  82 40 00 00 57 00 00 E7
17:10:21.947  CAN1  11B       [8]  B3 80 54 E3 20 08 54 E1
17:10:21.947  CAN1  10F       [8]  00 00 00 00 00 00 00 00
17:10:21.947  CAN1  121       [8]  2E 80 2A A9 6A 8A AA 00
17:10:21.947  CAN1  124       [8]  21 80 00 15 55 2A A8 00
17:10:21.947  CAN1  14E       [8]  9D A5 50 55 13 10 00 00
17:10:21.947  CAN1  272       [8]  A9 A0 18 07 00 AE 42 A8
17:10:21.947  CAN1  28E       [8]  EE A1 BF 01 31 80 00 00
17:10:21.947  CAN1  292       [8]  C4 A0 00 00 00 00 00 00
17:10:21.947  CAN1  660       [8]  01 00 00 00 00 99 00 00
17:10:21.947  CAN1  661       [8]  00 59 00 A7 00 00 00 00
17:10:21.947  CAN1  662       [8]  00 00 00 00 00 00 00 00
17:10:21.947  CAN1  710       [8]  08 C0 8C 5D C3 84 40 80
17:10:21.947  CAN1  1AE       [8]  DA A0 00 01 0F FF 7F F8
17:10:21.947  CAN1  205       [8]  AD A5 55 7F F9 18 00 C9
17:10:21.947  CAN1  23A       [8]  60 A0 00 00 00 00 00 00
17:10:21.947  CAN1  135       [8]  C2 25 1C FD 00 00 00 00
17:10:21.947  CAN1  225       [8]  1E 58 FF 00 00 0D 8E F0
17:10:21.947  CAN1  32A       [8]  06 AA 50 00 00 00 00 00
17:10:21.947  CAN1  1F4       [8]  A0 06 13 00 00 00 00 06
17:10:21.947  CAN1  2C7       [8]  1E 00 00 00 00 00 00 00
17:10:21.947  CAN1  2AA       [8]  00 00 00 05 05 09 0B 02
17:10:21.947  CAN1  10C       [8]  B6 91 90 81 8F 19 00 00
17:10:21.947  CAN1  117       [8]  92 40 00 00 57 00 00 D7
17:10:21.947  CAN1  11B       [8]  0A 90 54 E3 20 08 54 E1
17:10:21.947  CAN1  121       [8]  97 90 2A A9 6A 8A AA 00
17:10:21.962  CAN1  124       [8]  98 90 00 15 55 2A A8 00
17:10:21.962  CAN1  14E       [8]  24 B5 50 55 13 10 00 00
17:10:21.962  CAN1  15E       [8]  64 50 80 00 50 10 00 00
17:10:21.962  CAN1  272       [8]  99 B0 18 07 00 AE 42 A8
17:10:21.962  CAN1  28E       [8]  DE B1 BF 01 31 80 00 00
17:10:21.962  CAN1  292       [8]  7D B0 00 00 00 00 00 00
17:10:21.962  CAN1  660       [8]  01 00 00 00 00 99 00 00
17:10:21.962  CAN1  661       [8]  00 59 00 A7 00 00 00 00
17:10:21.962  CAN1  662       [8]  00 00 00 00 00 00 00 00
17:10:21.962  CAN1  710       [8]  08 C0 8C 5D C3 84 00 80
17:10:21.962  CAN1  1AE       [8]  CA B0 00 01 0F FF 7F F8
17:10:21.962  CAN1  205       [8]  9C B5 55 7F F9 18 00 CA
17:10:21.962  CAN1  135       [8]  C1 26 1C FD 00 00 00 00
17:10:21.962  CAN1  23A       [8]  50 B0 00 00 00 00 00 00
17:10:21.962  CAN1  1F4       [8]  A0 06 13 00 00 00 00 06
17:10:21.962  CAN1  2C7       [8]  1E 00 00 00 00 00 00 01
17:10:21.962  CAN1  10C       [8]  A6 A1 90 81 8F 19 00 00
17:10:21.962  CAN1  117       [8]  A2 40 00 00 57 00 00 C7
17:10:21.962  CAN1  11B       [8]  DC A0 54 E3 20 08 54 E1
17:10:21.962  CAN1  10F       [8]  00 00 00 00 00 00 00 00
17:10:21.962  CAN1  121       [8]  41 A0 2A A9 6A 8A AA 00
17:10:21.962  CAN1  124       [8]  4E A0 00 15 55 2A A8 00
17:10:21.962  CAN1  14E       [8]  2C C5 50 55 13 10 00 00
17:10:21.962  CAN1  272       [8]  89 C0 18 07 00 AE 42 A8
17:10:21.962  CAN1  28E       [8]  CE C1 BF 01 31 80 00 00
17:10:21.962  CAN1  292       [8]  75 C0 00 00 00 00 00 00
17:10:21.962  CAN1  2B2       [8]  42 30 00 00 41 00 90 41
17:10:21.962  CAN1  660       [8]  01 00 00 00 00 99 00 00
17:10:21.962  CAN1  661       [8]  00 59 00 A7 00 00 00 00
17:10:21.962  CAN1  662       [8]  00 00 00 00 00 00 00 00
17:10:21.962  CAN1  710       [8]  08 C0 8C 5D C3 84 00 80
17:10:21.962  CAN1  1AE       [8]  BA C0 00 01 0F FF 7F F8
17:10:21.975  CAN1  205       [8]  8C C5 55 7F F9 18 00 CA
17:10:21.975  CAN1  23A       [8]  40 C0 00 00 00 00 00 00
17:10:21.975  CAN1  135       [8]  C0 27 1C FD 00 00 00 00
17:10:21.975  CAN1  225       [8]  0E 68 FF 00 00 0D 8E F0
17:10:21.975  CAN1  2A3       [8]  01 FF FF 00 00 00 00 00
17:10:21.975  CAN1  32A       [8]  F6 AA 60 00 00 00 00 00
17:10:21.975  CAN1  1F4       [8]  A0 06 13 00 00 00 00 06
17:10:21.975  CAN1  2C7       [8]  1E 00 00 00 00 00 00 02
17:10:21.975  CAN1  2AA       [8]  00 00 00 05 05 09 0C 05
17:10:21.975  CAN1  10C       [8]  96 B1 90 81 8F 19 00 00
17:10:21.975  CAN1  117       [8]  B2 40 00 00 57 00 00 B7
17:10:21.975  CAN1  11B       [8]  65 B0 54 E3 20 08 54 E1
17:10:21.975  CAN1  121       [8]  F8 B0 2A A9 6A 8A AA 00
17:10:21.975  CAN1  124       [8]  F7 B0 00 15 55 2A A8 00
17:10:21.975  CAN1  07D       [8]  AB 40 15 00 00 00 00 00
17:10:21.975  CAN1  14E       [8]  95 D5 50 55 13 10 00 00
17:10:21.975  CAN1  15E       [8]  B2 60 80 00 50 10 00 00
17:10:21.975  CAN1  272       [8]  79 D0 18 07 00 AE 42 A8
17:10:21.975  CAN1  28E       [8]  BE D1 BF 01 31 80 00 00
17:10:21.975  CAN1  292       [8]  CC D0 00 00 00 00 00 00
17:10:21.975  CAN1  660       [8]  01 00 00 00 00 99 00 00
17:10:21.975  CAN1  661       [8]  00 59 00 A7 00 00 00 00
17:10:21.975  CAN1  662       [8]  00 00 00 00 00 00 00 00
17:10:21.975  CAN1  710       [8]  08 C0 8C 5D C3 84 00 80
17:10:21.975  CAN1  1AE       [8]  AA D0 00 01 0F FF 7F F8
17:10:21.975  CAN1  205       [8]  7B D5 55 7F F9 18 00 CB
17:10:21.975  CAN1  135       [8]  BF 28 1C FD 00 00 00 00
17:10:21.975  CAN1  23A       [8]  30 D0 00 00 00 00 00 00
17:10:21.975  CAN1  1F4       [8]  A0 06 13 00 00 00 00 06
17:10:21.975  CAN1  2C7       [8]  1E 00 00 00 00 00 00 03
17:10:21.975  CAN1  10C       [8]  86 C1 90 81 8F 19 00 00
17:10:21.975  CAN1  117       [8]  C2 40 00 00 57 00 00 A7
17:10:21.988  CAN1  11B       [8]  6D C0 54 E3 20 08 54 E1
17:10:21.988  CAN1  10F       [8]  00 00 00 00 00 00 00 00
17:10:21.988  CAN1  121       [8]  F0 C0 2A A9 6A 8A AA 00
17:10:21.988  CAN1  124       [8]  FF C0 00 15 55 2A A8 00
17:10:21.988  CAN1  14E       [8]  43 E5 50 55 13 10 00 00
17:10:21.988  CAN1  272       [8]  69 E0 18 07 00 AE 42 A8
17:10:21.988  CAN1  28E       [8]  AE E1 BF 01 31 80 00 00
17:10:21.988  CAN1  292       [8]  1A E0 00 00 00 00 00 00
17:10:21.988  CAN1  660       [8]  01 00 00 00 00 99 00 00
17:10:21.988  CAN1  661       [8]  00 59 00 A7 00 00 00 00
17:10:21.988  CAN1  662       [8]  00 00 00 00 00 00 00 00
17:10:21.988  CAN1  710       [8]  08 C0 8C 5D C3 83 80 60
17:10:21.988  CAN1  1AE       [8]  9A E0 00 01 0F FF 7F F8
17:10:21.988  CAN1  205       [8]  6B E5 55 7F F9 18 00 CB
17:10:21.988  CAN1  23A       [8]  20 E0 00 00 00 00 00 00
17:10:21.988  CAN1  135       [8]  BE 29 1C FD 00 00 00 00
17:10:21.988  CAN1  225       [8]  FE 78 FF 00 00 0D 8E F0
17:10:21.988  CAN1  32A       [8]  E6 AA 70 00 00 00 00 00
17:10:21.988  CAN1  1F4       [8]  A0 06 13 00 00 00 00 06
17:10:21.988  CAN1  2C7       [8]  1E 00 00 00 00 00 00 04
17:10:21.988  CAN1  2AA       [8]  00 00 00 05 05 09 0D 04
17:10:21.988  CAN1  10C       [8]  76 D1 90 81 8F 19 00 00
17:10:21.988  CAN1  117       [8]  D2 40 00 00 57 00 00 97
17:10:21.988  CAN1  11B       [8]  D4 D0 54 E3 20 08 54 E1
17:10:21.988  CAN1  121       [8]  49 D0 2A A9 6A 8A AA 00
17:10:21.988  CAN1  124       [8]  46 D0 00 15 55 2A A8 00
17:10:21.988  CAN1  14E       [8]  FA F5 50 55 13 10 00 00
17:10:21.988  CAN1  15E       [8]  0B 70 80 00 50 10 00 00
17:10:21.988  CAN1  272       [8]  59 F0 18 07 00 AE 42 A8
17:10:21.988  CAN1  28E       [8]  9E F1 BF 01 31 80 00 00
17:10:21.988  CAN1  292       [8]  A3 F0 00 00 00 00 00 00
17:10:21.988  CAN1  660       [8]  01 00 00 00 00 99 00 00
17:10:22.002  CAN1  661       [8]  00 59 00 A7 00 00 00 00
17:10:22.002  CAN1  662       [8]  00 00 00 00 00 00 00 00
17:10:22.002  CAN1  710       [8]  08 C0 8C 5D C3 84 00 70
17:10:22.002  CAN1  1AE       [8]  8A F0 00 01 0F FF 7F F8
17:10:22.002  CAN1  205       [8]  5B F5 55 7F F9 18 00 CB
17:10:22.002  CAN1  135       [8]  BD 2A 1C FD 00 00 00 00
17:10:22.002  CAN1  23A       [8]  10 F0 00 00 00 00 00 00
17:10:22.002  CAN1  1F4       [8]  A0 06 13 00 00 00 00 06
17:10:22.002  CAN1  2C7       [8]  1E 00 00 00 00 00 00 05
17:10:22.002  CAN1  10C       [8]  66 E1 90 81 8F 19 00 00
17:10:22.002  CAN1  117       [8]  E2 40 00 00 57 00 00 87
17:10:22.002  CAN1  11B       [8]  02 E0 54 E3 20 08 54 E1
17:10:22.002  CAN1  10F       [8]  00 00 00 00 00 00 00 00
17:10:22.002  CAN1  121       [8]  9F E0 2A A9 6A 8A AA 00
17:10:22.002  CAN1  124       [8]  90 E0 00 15 55 2A A8 00
17:10:22.002  CAN1  14E       [8]  53 05 50 55 13 10 00 00
17:10:22.002  CAN1  272       [8]  49 00 18 07 00 AE 42 A8
17:10:22.002  CAN1  28E       [8]  8E 01 BF 01 31 80 00 00
17:10:22.002  CAN1  292       [8]  0A 00 00 00 00 00 00 00
17:10:22.002  CAN1  660       [8]  01 00 00 00 00 99 00 00
17:10:22.002  CAN1  661       [8]  00 59 00 A7 00 00 00 00
17:10:22.002  CAN1  662       [8]  00 00 00 00 00 00 00 00
17:10:22.002  CAN1  710       [8]  08 C0 8C 5D C3 84 00 80
17:10:22.002  CAN1  1AE       [8]  7A 00 00 01 0F FF 7F F8
17:10:22.002  CAN1  205       [8]  4B 05 55 7F F9 18 00 CB
17:10:22.002  CAN1  135       [8]  BC 2B 1C FD 00 00 00 00
17:10:22.002  CAN1  23A       [8]  00 00 00 00 00 00 00 00
17:10:22.002  CAN1  225       [8]  EE 88 FF 00 00 0D 8E F0
17:10:22.002  CAN1  32A       [8]  D6 AA 80 00 00 00 00 00
17:10:22.002  CAN1  1F4       [8]  A0 06 13 00 00 00 00 06
17:10:22.002  CAN1  2C7       [8]  1E 00 00 00 00 00 00 06
17:10:22.002  CAN1  2AA       [8]  00 00 00 05 05 09 0E 07
17:10:22.015  CAN1  10C       [8]  56 F1 90 81 8F 19 00 00
17:10:22.015  CAN1  117       [8]  F2 40 00 00 57 00 00 77
17:10:22.015  CAN1  11B       [8]  BB F0 54 E3 20 08 54 E1
17:10:22.015  CAN1  121       [8]  26 F0 2A A9 6A 8A AA 00
17:10:22.015  CAN1  124       [8]  29 F0 00 15 55 2A A8 00
17:10:22.015  CAN1  14E       [8]  EA 15 50 55 13 10 00 00
17:10:22.015  CAN1  15E       [8]  03 00 80 00 50 10 00 00
17:10:22.015  CAN1  272       [8]  39 10 18 07 00 AE 42 A8
17:10:22.015  CAN1  28E       [8]  7E 11 BF 01 31 80 00 00
17:10:22.015  CAN1  292       [8]  B3 10 00 00 00 00 00 00
17:10:22.015  CAN1  660       [8]  01 00 00 00 00 99 00 00
17:10:22.015  CAN1  661       [8]  00 59 00 A7 00 00 00 00
17:10:22.015  CAN1  662       [8]  00 00 00 00 00 00 00 00
17:10:22.015  CAN1  710       [8]  08 C0 8C 5D C3 84 00 80
17:10:22.015  CAN1  1AE       [8]  6A 10 00 01 0F FF 7F F8
17:10:22.015  CAN1  205       [8]  3B 15 55 7F F9 18 00 CB
17:10:22.015  CAN1  135       [8]  BB 2C 1C FD 00 00 00 00
17:10:22.015  CAN1  23A       [8]  F0 10 00 00 00 00 00 00
17:10:22.015  CAN1  2A3       [8]  01 FF FF 00 00 00 00 00
17:10:22.015  CAN1  1F4       [8]  A0 06 13 00 00 00 00 06
17:10:22.015  CAN1  2C7       [8]  1E 00 00 00 00 00 00 07
17:10:22.015  CAN1  10C       [8]  46 01 90 81 8F 19 00 00
17:10:22.015  CAN1  117       [8]  02 40 00 00 57 00 00 67
17:10:22.015  CAN1  11B       [8]  12 00 54 E3 20 08 54 E1
17:10:22.015  CAN1  10F       [8]  00 00 00 00 00 00 00 00
17:10:22.015  CAN1  121       [8]  8F 00 2A A9 6A 8A AA 00
17:10:22.015  CAN1  124       [8]  80 00 00 15 55 2A A8 00
17:10:22.015  CAN1  14E       [8]  3C 25 50 55 13 10 00 00
17:10:22.015  CAN1  272       [8]  29 20 18 07 00 AE 42 A8
17:10:22.015  CAN1  28E       [8]  6E 21 BF 01 31 80 00 00
17:10:22.015  CAN1  292       [8]  65 20 00 00 00 00 00 00
17:10:22.015  CAN1  660       [8]  01 00 00 00 00 99 00 00
17:10:22.027  CAN1  661       [8]  00 59 00 A7 00 00 00 00
17:10:22.027  CAN1  662       [8]  00 00 00 00 00 00 00 00
17:10:22.027  CAN1  710       [8]  08 C0 8C 5D C3 84 00 80
17:10:22.027  CAN1  1AE       [8]  5A 20 00 01 0F FF 7F F8
17:10:22.027  CAN1  205       [8]  2B 25 55 7F F9 18 00 CB
17:10:22.027  CAN1  23A       [8]  E0 20 00 00 00 00 00 00
17:10:22.027  CAN1  135       [8]  BA 2D 1C FD 00 00 00 00
17:10:22.027  CAN1  225       [8]  DE 98 FF 00 00 0D 8E F0
17:10:22.027  CAN1  32A       [8]  C6 AA 90 00 00 00 00 00
17:10:22.027  CAN1  1F4       [8]  A0 06 13 00 00 00 00 06
17:10:22.027  CAN1  2C7       [8]  1E 00 00 00 00 00 00 08
17:10:22.027  CAN1  2AA       [8]  00 00 00 05 05 09 0F 06
17:10:22.027  CAN1  10C       [8]  36 11 90 81 8F 19 00 00
17:10:22.027  CAN1  117       [8]  12 40 00 00 57 00 00 57
17:10:22.027  CAN1  11B       [8]  AB 10 54 E3 20 08 54 E1
17:10:22.027  CAN1  121       [8]  36 10 2A A9 6A 8A AA 00
17:10:22.027  CAN1  124       [8]  39 10 00 15 55 2A A8 00
17:10:22.027  CAN1  14E       [8]  85 35 50 55 13 10 00 00
17:10:22.027  CAN1  15E       [8]  BA 10 80 00 50 10 00 00
17:10:22.027  CAN1  272       [8]  19 30 18 07 00 AE 42 A8
17:10:22.027  CAN1  28E       [8]  5E 31 BF 01 31 80 00 00
17:10:22.027  CAN1  292       [8]  DC 30 00 00 00 00 00 00
17:10:22.027  CAN1  660       [8]  01 00 00 00 00 99 00 00
17:10:22.027  CAN1  661       [8]  00 59 00 A7 00 00 00 00
17:10:22.027  CAN1  662       [8]  00 00 00 00 00 00 00 00
17:10:22.027  CAN1  710       [8]  08 C0 8C 5D C3 84 00 80
17:10:22.027  CAN1  256       [8]  57 10 00 61 25 2B A4 44
17:10:22.027  CAN1  312       [8]  10 00 00 7A C0 00 00 00
17:10:22.027  CAN1  313       [8]  7D 02 04 02 3F D1 3E 80
17:10:22.027  CAN1  317       [8]  3C 2D F3 83 2E E3 E8 00
17:10:22.027  CAN1  1AE       [8]  4A 30 00 01 0F FF 7F F8
17:10:22.027  CAN1  135       [8]  B9 2E 1C FD 00 00 00 00
17:10:22.042  CAN1  205       [8]  1B 35 55 7F F9 18 00 CB
17:10:22.042  CAN1  23A       [8]  D0 30 00 00 00 00 00 00
17:10:22.042  CAN1  323       [8]  0F 65 14 00 7D 03 E8 01
17:10:22.042  CAN1  324       [8]  00 00 01 00 10 00 01 00
17:10:22.042  CAN1  1F4       [8]  A0 06 13 00 00 00 00 06
17:10:22.042  CAN1  338       [8]  00 28 5D C0 FF 00 02 00
17:10:22.042  CAN1  2C7       [8]  1E 00 00 00 00 00 00 09
17:10:22.042  CAN1  10C       [8]  26 21 90 81 8F 19 00 00
17:10:22.042  CAN1  117       [8]  22 40 00 00 57 00 00 47
17:10:22.042  CAN1  11B       [8]  7D 20 54 E3 20 08 54 E1
17:10:22.042  CAN1  10F       [8]  00 00 00 00 00 00 00 00
17:10:22.042  CAN1  121       [8]  E0 20 2A A9 6A 8A AA 00
17:10:22.042  CAN1  124       [8]  EF 20 00 15 55 2A A8 00
17:10:22.042  CAN1  14E       [8]  8D 45 50 55 13 10 00 00
17:10:22.042  CAN1  272       [8]  09 40 18 07 00 AE 42 A8
17:10:22.042  CAN1  28E       [8]  4E 41 BF 01 31 80 00 00
17:10:22.042  CAN1  292       [8]  D4 40 00 00 00 00 00 00
17:10:22.042  CAN1  660       [8]  01 00 00 00 00 99 00 00
17:10:22.042  CAN1  661       [8]  00 59 00 A7 00 00 00 00
17:10:22.042  CAN1  662       [8]  00 00 00 00 00 00 00 00
17:10:22.042  CAN1  710       [8]  08 C0 8C 5D C3 84 40 80
17:10:22.042  CAN1  1AE       [8]  3A 40 00 01 0F FF 7F F8
17:10:22.042  CAN1  205       [8]  0B 45 55 7F F9 18 00 CB
17:10:22.042  CAN1  135       [8]  B8 2F 1C FD 00 00 00 00
17:10:22.042  CAN1  23A       [8]  C0 40 00 00 00 00 00 00
17:10:22.042  CAN1  225       [8]  CE A8 FF 00 00 0D 8E F0
17:10:22.042  CAN1  32A       [8]  B6 AA A0 00 00 00 00 00
17:10:22.042  CAN1  1F4       [8]  A0 06 13 00 00 00 00 06
17:10:22.042  CAN1  2C7       [8]  1E 00 00 00 00 00 00 0A
17:10:22.042  CAN1  2AA       [8]  00 00 00 05 05 09 00 09
17:10:22.042  CAN1  10C       [8]  16 31 90 81 8F 19 00 00
17:10:22.042  CAN1  117       [8]  32 40 00 00 57 00 00 37
17:10:22.054  CAN1  11B       [8]  C4 30 54 E3 20 08 54 E1
17:10:22.054  CAN1  121       [8]  59 30 2A A9 6A 8A AA 00
17:10:22.054  CAN1  124       [8]  56 30 00 15 55 2A A8 00
17:10:22.054  CAN1  14E       [8]  34 55 50 55 13 10 00 00
17:10:22.054  CAN1  15E       [8]  6C 20 80 00 50 10 00 00
17:10:22.054  CAN1  272       [8]  F9 50 18 07 00 AE 42 A8
17:10:22.054  CAN1  28E       [8]  3E 51 BF 01 31 80 00 00
17:10:22.054  CAN1  292       [8]  6D 50 00 00 00 00 00 00
17:10:22.054  CAN1  660       [8]  01 00 00 00 00 99 00 00
17:10:22.054  CAN1  661       [8]  00 59 00 A7 00 00 00 00
17:10:22.054  CAN1  662       [8]  00 00 00 00 00 00 00 00
17:10:22.054  CAN1  710       [8]  08 C0 8C 5D C3 84 00 80
17:10:22.054  CAN1  1AE       [8]  2A 50 00 01 0F FF 7F F8
17:10:22.054  CAN1  205       [8]  FB 55 55 7F F9 18 00 CB
17:10:22.054  CAN1  135       [8]  C7 20 1C FD 00 00 00 00
17:10:22.054  CAN1  23A       [8]  B0 50 00 00 00 00 00 00
17:10:22.054  CAN1  1F4       [8]  A0 06 13 00 00 00 00 06
17:10:22.054  CAN1  2C7       [8]  1E 00 00 00 00 00 00 0B
17:10:22.054  CAN1  10C       [8]  06 41 90 81 8F 19 00 00
17:10:22.054  CAN1  117       [8]  42 40 00 00 57 00 00 27
17:10:22.054  CAN1  11B       [8]  CC 40 54 E3 20 08 54 E1
17:10:22.054  CAN1  10F       [8]  00 00 00 00 00 00 00 00
17:10:22.054  CAN1  121       [8]  51 40 2A A9 6A 8A AA 00
17:10:22.054  CAN1  124       [8]  5E 40 00 15 55 2A A8 00
17:10:22.054  CAN1  14E       [8]  E2 65 50 55 13 10 00 00
17:10:22.054  CAN1  272       [8]  E9 60 18 07 00 AE 42 A8
17:10:22.054  CAN1  28E       [8]  2E 61 BF 01 31 80 00 00
17:10:22.054  CAN1  292       [8]  BB 60 00 00 00 00 00 00
17:10:22.054  CAN1  2B2       [8]  52 40 00 00 41 00 90 41
17:10:22.054  CAN1  660       [8]  01 00 00 00 00 99 00 00
17:10:22.054  CAN1  661       [8]  00 59 00 A7 00 00 00 00
17:10:22.054  CAN1  662       [8]  00 00 00 00 00 00 00 00
17:10:22.067  CAN1  710       [8]  08 C0 8C 5D C3 84 00 80
17:10:22.067  CAN1  1AE       [8]  1A 60 00 01 0F FF 7F F8
17:10:22.067  CAN1  205       [8]  EB 65 55 7F F9 18 00 CB
17:10:22.067  CAN1  23A       [8]  A0 60 00 00 00 00 00 00
17:10:22.067  CAN1  135       [8]  C6 21 1C FD 00 00 00 00
17:10:22.067  CAN1  225       [8]  BE B8 FF 00 00 0D 8E F0
17:10:22.067  CAN1  2A3       [8]  01 FF FF 00 00 00 00 00
17:10:22.067  CAN1  32A       [8]  A6 AA B0 00 00 00 00 00
17:10:22.067  CAN1  1F4       [8]  A0 06 13 00 00 00 00 06
17:10:22.067  CAN1  2C7       [8]  1E 00 00 00 00 00 00 0C
17:10:22.067  CAN1  2AA       [8]  00 00 00 05 05 09 01 08
17:10:22.067  CAN1  10C       [8]  F6 51 90 81 8F 19 00 00
17:10:22.067  CAN1  117       [8]  52 40 00 00 57 00 00 17
17:10:22.067  CAN1  11B       [8]  75 50 54 E3 20 08 54 E1
17:10:22.067  CAN1  121       [8]  E8 50 2A A9 6A 8A AA 00
17:10:22.067  CAN1  124       [8]  E7 50 00 15 55 2A A8 00
17:10:22.067  CAN1  07D       [8]  9B 50 15 00 00 00 00 00
17:10:22.067  CAN1  14E       [8]  5B 75 50 55 13 10 00 00
17:10:22.067  CAN1  15E       [8]  D5 30 80 00 50 10 00 00
17:10:22.067  CAN1  272       [8]  D9 70 18 07 00 AE 42 A8
17:10:22.067  CAN1  28E       [8]  1E 71 BF 01 31 80 00 00
17:10:22.067  CAN1  292       [8]  02 70 00 00 00 00 00 00
17:10:22.067  CAN1  660       [8]  01 00 00 00 00 99 00 00
17:10:22.067  CAN1  661       [8]  00 59 00 A7 00 00 00 00
17:10:22.067  CAN1  662       [8]  00 00 00 00 00 00 00 00
17:10:22.067  CAN1  710       [8]  08 C0 8C 5D C3 84 00 80
17:10:22.067  CAN1  1AE       [8]  0A 70 00 01 0F FF 7F F8
17:10:22.067  CAN1  205       [8]  DC 75 55 7F F9 18 00 CA
17:10:22.067  CAN1  135       [8]  C0 22 1C FC 06 00 00 00
17:10:22.067  CAN1  23A       [8]  90 70 00 00 00 00 00 00
17:10:22.067  CAN1  1F4       [8]  A0 06 13 00 00 00 00 06
17:10:22.067  CAN1  2C7       [8]  1E 00 00 00 00 00 00 0D
17:10:22.082  CAN1  10C       [8]  E6 61 90 81 8F 19 00 00
17:10:22.082  CAN1  117       [8]  62 40 00 00 57 00 00 07
17:10:22.082  CAN1  11B       [8]  A3 60 54 E3 20 08 54 E1
17:10:22.082  CAN1  10F       [8]  00 00 00 00 00 00 00 00
17:10:22.082  CAN1  121       [8]  3E 60 2A A9 6A 8A AA 00
17:10:22.082  CAN1  124       [8]  31 60 00 15 55 2A A8 00
17:10:22.082  CAN1  14E       [8]  F2 85 50 55 13 10 00 00
17:10:22.082  CAN1  272       [8]  C9 80 18 07 00 AE 42 A8
17:10:22.082  CAN1  28E       [8]  0E 81 BF 01 31 80 00 00
17:10:22.082  CAN1  292       [8]  AB 80 00 00 00 00 00 00
17:10:22.082  CAN1  660       [8]  01 00 00 00 00 99 00 00
17:10:22.082  CAN1  661       [8]  00 59 00 A7 00 00 00 00
17:10:22.082  CAN1  662       [8]  00 00 00 00 00 00 00 00
17:10:22.082  CAN1  710       [8]  08 C0 8C 5D C3 84 00 80
17:10:22.082  CAN1  1AE       [8]  FA 80 00 01 0F FF 7F F8
17:10:22.082  CAN1  205       [8]  CC 85 55 7F F9 18 00 CA
17:10:22.082  CAN1  23A       [8]  80 80 00 00 00 00 00 00
17:10:22.082  CAN1  135       [8]  C4 23 1C FD 00 00 00 00
17:10:22.082  CAN1  225       [8]  AE C8 FF 00 00 0D 8E F0
17:10:22.082  CAN1  32A       [8]  96 AA C0 00 00 00 00 00
17:10:22.082  CAN1  1F4       [8]  A0 06 13 00 00 00 00 06
17:10:22.082  CAN1  2C7       [8]  1E 00 00 00 00 00 00 0E
17:10:22.082  CAN1  2AA       [8]  00 00 00 05 05 09 02 0B
17:10:22.082  CAN1  10C       [8]  D6 71 90 81 8F 19 00 00
17:10:22.082  CAN1  117       [8]  72 40 00 00 57 00 00 F7
17:10:22.082  CAN1  11B       [8]  1A 70 54 E3 20 08 54 E1
17:10:22.082  CAN1  121       [8]  87 70 2A A9 6A 8A AA 00
17:10:22.082  CAN1  124       [8]  88 70 00 15 55 2A A8 00
17:10:22.082  CAN1  14E       [8]  4B 95 50 55 13 10 00 00
17:10:22.082  CAN1  15E       [8]  DD 40 80 00 50 10 00 00
17:10:22.082  CAN1  272       [8]  B9 90 18 07 00 AE 42 A8
17:10:22.082  CAN1  28E       [8]  FE 91 BF 01 31 80 00 00
17:10:22.094  CAN1  292       [8]  12 90 00 00 00 00 00 00
17:10:22.094  CAN1  660       [8]  01 00 00 00 00 99 00 00
17:10:22.094  CAN1  661       [8]  00 59 00 A7 00 00 00 00
17:10:22.094  CAN1  662       [8]  00 00 00 00 00 00 00 00
17:10:22.094  CAN1  710       [8]  08 C0 8C 5D C3 84 00 80
17:10:22.094  CAN1  1AE       [8]  EA 90 00 01 0F FF 7F F8
17:10:22.094  CAN1  205       [8]  BB 95 55 7F F9 18 00 CB
17:10:22.094  CAN1  135       [8]  C3 24 1C FD 00 00 00 00
17:10:22.094  CAN1  23A       [8]  70 90 00 00 00 00 00 00
17:10:22.094  CAN1  1F4       [8]  A0 06 13 00 00 00 00 06
17:10:22.094  CAN1  2C7       [8]  1E 00 00 00 00 00 00 0F
17:10:22.094  CAN1  10C       [8]  C6 81 90 81 8F 19 00 00
17:10:22.094  CAN1  117       [8]  82 40 00 00 57 00 00 E7
17:10:22.094  CAN1  11B       [8]  B3 80 54 E3 20 08 54 E1
17:10:22.094  CAN1  10F       [8]  00 00 00 00 00 00 00 00
17:10:22.094  CAN1  121       [8]  2E 80 2A A9 6A 8A AA 00
17:10:22.094  CAN1  124       [8]  21 80 00 15 55 2A A8 00
17:10:22.094  CAN1  14E       [8]  9D A5 50 55 13 10 00 00
17:10:22.094  CAN1  272       [8]  A9 A0 18 07 00 AE 42 A8
17:10:22.094  CAN1  28E       [8]  EE A1 BF 01 31 80 00 00
17:10:22.094  CAN1  292       [8]  C4 A0 00 00 00 00 00 00
17:10:22.094  CAN1  660       [8]  01 00 00 00 00 99 00 00
17:10:22.094  CAN1  661       [8]  00 59 00 A7 00 00 00 00
17:10:22.094  CAN1  662       [8]  00 00 00 00 00 00 00 00
17:10:22.094  CAN1  710       [8]  08 C0 8C 5D C3 84 00 80
17:10:22.094  CAN1  1AE       [8]  DA A0 00 01 0F FF 7F F8
17:10:22.094  CAN1  205       [8]  AB A5 55 7F F9 18 00 CB
17:10:22.094  CAN1  23A       [8]  60 A0 00 00 00 00 00 00
17:10:22.094  CAN1  135       [8]  C2 25 1C FD 00 00 00 00
17:10:22.094  CAN1  225       [8]  9E D8 FF 00 00 0D 8E F0
17:10:22.094  CAN1  32A       [8]  86 AA D0 00 00 00 00 00
17:10:22.094  CAN1  1F4       [8]  A0 06 13 00 00 00 00 06
17:10:22.109  CAN1  2C7       [8]  1E 00 00 00 00 00 00 00
17:10:22.109  CAN1  2AA       [8]  00 00 00 05 05 09 03 0A
17:10:22.109  CAN1  10C       [8]  B6 91 90 81 8F 19 00 00
17:10:22.109  CAN1  117       [8]  92 40 00 00 57 00 00 D7
17:10:22.109  CAN1  11B       [8]  0A 90 54 E3 20 08 54 E1
17:10:22.109  CAN1  121       [8]  97 90 2A A9 6A 8A AA 00
17:10:22.109  CAN1  124       [8]  98 90 00 15 55 2A A8 00
17:10:22.109  CAN1  14E       [8]  24 B5 50 55 13 10 00 00
17:10:22.109  CAN1  15E       [8]  64 50 80 00 50 10 00 00
17:10:22.109  CAN1  272       [8]  99 B0 18 07 00 AE 42 A8
17:10:22.109  CAN1  28E       [8]  DE B1 BF 01 31 80 00 00
17:10:22.109  CAN1  292       [8]  7D B0 00 00 00 00 00 00
17:10:22.109  CAN1  660       [8]  01 00 00 00 00 99 00 00
17:10:22.109  CAN1  661       [8]  00 59 00 A7 00 00 00 00
17:10:22.109  CAN1  662       [8]  00 00 00 00 00 00 00 00
17:10:22.109  CAN1  710       [8]  08 C0 8C 5D C3 84 00 80
17:10:22.109  CAN1  1AE       [8]  CA B0 00 01 0F FF 7F F8
17:10:22.109  CAN1  205       [8]  9B B5 55 7F F9 18 00 CB
17:10:22.109  CAN1  135       [8]  C1 26 1C FD 00 00 00 00
17:10:22.109  CAN1  23A       [8]  50 B0 00 00 00 00 00 00
17:10:22.109  CAN1  2A3       [8]  01 FF FF 00 00 00 00 00
17:10:22.109  CAN1  1F4       [8]  A0 06 13 00 00 00 00 06
17:10:22.109  CAN1  2C7       [8]  1E 00 00 00 00 00 00 01
17:10:22.109  CAN1  10C       [8]  A6 A1 90 81 8F 19 00 00
17:10:22.109  CAN1  117       [8]  A2 40 00 00 57 00 00 C7
17:10:22.109  CAN1  11B       [8]  DC A0 54 E3 20 08 54 E1
17:10:22.109  CAN1  10F       [8]  00 00 00 00 00 00 00 00
17:10:22.109  CAN1  121       [8]  41 A0 2A A9 6A 8A AA 00
17:10:22.109  CAN1  124       [8]  4E A0 00 15 55 2A A8 00
17:10:22.109  CAN1  14E       [8]  2C C5 50 55 13 10 00 00
17:10:22.109  CAN1  272       [8]  89 C0 18 07 00 AE 42 A8
17:10:22.109  CAN1  28E       [8]  CE C1 BF 01 31 80 00 00
17:10:22.122  CAN1  292       [8]  75 C0 00 00 00 00 00 00
17:10:22.122  CAN1  3A7       [8]  01 00 4D 41 00 00 00 00
17:10:22.122  CAN1  660       [8]  01 00 00 00 00 99 00 00
17:10:22.122  CAN1  661       [8]  00 59 00 A7 00 00 00 00
17:10:22.122  CAN1  662       [8]  00 00 00 00 00 00 00 00
17:10:22.122  CAN1  710       [8]  08 C0 8C 5D C3 84 00 80
17:10:22.122  CAN1  1AE       [8]  BA C0 00 01 0F FF 7F F8
17:10:22.122  CAN1  205       [8]  8B C5 55 7F F9 18 00 CB
17:10:22.122  CAN1  23A       [8]  40 C0 00 00 00 00 00 00
17:10:22.122  CAN1  135       [8]  C0 27 1C FD 00 00 00 00
17:10:22.122  CAN1  225       [8]  8E E8 FF 00 00 0D 8E F0
17:10:22.122  CAN1  32A       [8]  76 AA E0 00 00 00 00 00
17:10:22.122  CAN1  1F4       [8]  A0 06 13 00 00 00 00 06
17:10:22.122  CAN1  2C7       [8]  1E 00 00 00 00 00 00 02
17:10:22.122  CAN1  2AA       [8]  00 00 00 05 05 09 04 0D
17:10:22.122  CAN1  10C       [8]  96 B1 90 81 8F 19 00 00
17:10:22.122  CAN1  117       [8]  B2 40 00 00 57 00 00 B7
17:10:22.122  CAN1  11B       [8]  65 B0 54 E3 20 08 54 E1
17:10:22.122  CAN1  121       [8]  F8 B0 2A A9 6A 8A AA 00
17:10:22.122  CAN1  124       [8]  F7 B0 00 15 55 2A A8 00
17:10:22.122  CAN1  14E       [8]  95 D5 50 55 13 10 00 00
17:10:22.122  CAN1  15E       [8]  B2 60 80 00 50 10 00 00
17:10:22.122  CAN1  272       [8]  79 D0 18 07 00 AE 42 A8
17:10:22.122  CAN1  28E       [8]  BE D1 BF 01 31 80 00 00
17:10:22.122  CAN1  292       [8]  CC D0 00 00 00 00 00 00
17:10:22.122  CAN1  660       [8]  01 00 00 00 00 99 00 00
17:10:22.122  CAN1  661       [8]  00 59 00 A7 00 00 00 00
17:10:22.122  CAN1  662       [8]  00 00 00 00 00 00 00 00
17:10:22.122  CAN1  710       [8]  08 C0 8C 5D C3 84 00 80
17:10:22.122  CAN1  256       [8]  56 10 00 61 25 2B A5 44
17:10:22.122  CAN1  312       [8]  10 00 00 7A C0 00 00 00
17:10:22.122  CAN1  313       [8]  7D 02 04 02 3F D1 3E 80
17:10:22.135  CAN1  317       [8]  3C 2D F3 83 2E E3 E8 00
17:10:22.135  CAN1  1AE       [8]  AA D0 00 01 0F FF 7F F8
17:10:22.135  CAN1  135       [8]  BF 28 1C FD 00 00 00 00
17:10:22.135  CAN1  205       [8]  7D D5 55 7F F9 18 00 C9
17:10:22.135  CAN1  23A       [8]  30 D0 00 00 00 00 00 00
17:10:22.135  CAN1  323       [8]  0F 65 14 00 7D 03 E8 01
17:10:22.135  CAN1  324       [8]  00 00 00 00 00 00 01 00
17:10:22.135  CAN1  1F4       [8]  A0 06 13 00 00 00 00 06
17:10:22.135  CAN1  338       [8]  00 28 5D C0 FF 00 02 00
17:10:22.135  CAN1  2C7       [8]  1E 00 00 00 00 00 00 03
17:10:22.135  CAN1  10C       [8]  86 C1 90 81 8F 19 00 00
17:10:22.135  CAN1  117       [8]  C2 40 00 00 57 00 00 A7
17:10:22.135  CAN1  11B       [8]  6D C0 54 E3 20 08 54 E1
17:10:22.135  CAN1  10F       [8]  00 00 00 00 00 00 00 00
17:10:22.135  CAN1  121       [8]  F0 C0 2A A9 6A 8A AA 00
17:10:22.135  CAN1  124       [8]  FF C0 00 15 55 2A A8 00
17:10:22.135  CAN1  14E       [8]  43 E5 50 55 13 10 00 00
17:10:22.135  CAN1  272       [8]  69 E0 18 07 00 AE 42 A8
17:10:22.135  CAN1  28E       [8]  AE E1 BF 01 31 80 00 00
17:10:22.135  CAN1  292       [8]  1A E0 00 00 00 00 00 00
17:10:22.135  CAN1  660       [8]  01 00 00 00 00 99 00 00
17:10:22.135  CAN1  661       [8]  00 59 00 A7 00 00 00 00
17:10:22.135  CAN1  662       [8]  00 00 00 00 00 00 00 00
17:10:22.135  CAN1  710       [8]  08 C0 8C 5D C3 84 00 80
17:10:22.135  CAN1  1AE       [8]  9A E0 00 01 0F FF 7F F8
17:10:22.135  CAN1  205       [8]  6D E5 55 7F F9 18 00 C9
17:10:22.135  CAN1  23A       [8]  20 E0 00 00 00 00 00 00
17:10:22.135  CAN1  135       [8]  BE 29 1C FD 00 00 00 00
17:10:22.135  CAN1  225       [8]  7E F8 FF 00 00 0D 8E F0
17:10:22.135  CAN1  32A       [8]  66 AA F0 00 00 00 00 00
17:10:22.135  CAN1  1F4       [8]  A0 06 13 00 00 00 00 06
17:10:22.135  CAN1  2C7       [8]  1E 00 00 00 00 00 00 04
17:10:22.158  CAN1  2AA       [8]  00 00 00 05 05 09 05 0C
17:10:22.158  CAN1  10C       [8]  76 D1 90 81 8F 19 00 00
17:10:22.158  CAN1  117       [8]  D2 40 00 00 57 00 00 97
17:10:22.158  CAN1  11B       [8]  D4 D0 54 E3 20 08 54 E1
17:10:22.158  CAN1  121       [8]  49 D0 2A A9 6A 8A AA 00
17:10:22.158  CAN1  124       [8]  46 D0 00 15 55 2A A8 00
17:10:22.158  CAN1  14E       [8]  FA F5 50 55 13 10 00 00
17:10:22.158  CAN1  15E       [8]  0B 70 80 00 50 10 00 00
17:10:22.158  CAN1  272       [8]  59 F0 18 07 00 AE 42 A8
17:10:22.158  CAN1  28E       [8]  9E F1 BF 01 31 80 00 00
17:10:22.158  CAN1  292       [8]  A3 F0 00 00 00 00 00 00
17:10:22.158  CAN1  660       [8]  01 00 00 00 00 99 00 00
17:10:22.158  CAN1  661       [8]  00 59 00 A7 00 00 00 00
17:10:22.158  CAN1  662       [8]  00 00 00 00 00 00 00 00
17:10:22.158  CAN1  710       [8]  08 C0 8C 5D C3 84 00 80
17:10:22.158  CAN1  1AE       [8]  8A F0 00 01 0F FF 7F F8
17:10:22.158  CAN1  205       [8]  5D F5 55 7F F9 18 00 C9
17:10:22.158  CAN1  135       [8]  BD 2A 1C FD 00 00 00 00
17:10:22.158  CAN1  23A       [8]  10 F0 00 00 00 00 00 00
17:10:22.158  CAN1  1F4       [8]  A0 06 13 00 00 00 00 06
17:10:22.158  CAN1  2C7       [8]  1E 00 00 00 00 00 00 05
17:10:22.158  CAN1  10C       [8]  66 E1 90 81 8F 19 00 00
17:10:22.158  CAN1  117       [8]  E2 40 00 00 57 00 00 87
17:10:22.158  CAN1  11B       [8]  02 E0 54 E3 20 08 54 E1
17:10:22.158  CAN1  10F       [8]  00 00 00 00 00 00 00 00
17:10:22.158  CAN1  121       [8]  9F E0 2A A9 6A 8A AA 00
17:10:22.158  CAN1  124       [8]  90 E0 00 15 55 2A A8 00
17:10:22.158  CAN1  14E       [8]  53 05 50 55 13 10 00 00
17:10:22.158  CAN1  272       [8]  49 00 18 07 00 AE 42 A8
17:10:22.158  CAN1  28E       [8]  8E 01 BF 01 31 80 00 00
17:10:22.158  CAN1  292       [8]  0A 00 00 00 00 00 00 00
17:10:22.158  CAN1  2B2       [8]  62 50 00 00 41 00 90 41
17:10:22.172  CAN1  660       [8]  01 00 00 00 00 99 00 00
17:10:22.172  CAN1  661       [8]  00 59 00 A7 00 00 00 00
17:10:22.172  CAN1  662       [8]  00 00 00 00 00 00 00 00
17:10:22.172  CAN1  710       [8]  08 C0 8C 5D C3 84 00 80
17:10:22.172  CAN1  1AE       [8]  7A 00 00 01 0F FF 7F F8
17:10:22.172  CAN1  205       [8]  4D 05 55 7F F9 18 00 C9
17:10:22.172  CAN1  23A       [8]  00 00 00 00 00 00 00 00
17:10:22.172  CAN1  135       [8]  BC 2B 1C FD 00 00 00 00
17:10:22.172  CAN1  225       [8]  6E 08 FF 00 00 0D 8E F0
17:10:22.172  CAN1  2A3       [8]  01 FF FF 00 00 00 00 00
17:10:22.172  CAN1  32A       [8]  56 AA 00 00 00 00 00 00
17:10:22.172  CAN1  1F4       [8]  A0 06 13 00 00 00 00 06
17:10:22.172  CAN1  2C7       [8]  1E 00 00 00 00 00 00 06
17:10:22.172  CAN1  2AA       [8]  00 00 00 05 05 09 06 0F
17:10:22.172  CAN1  10C       [8]  56 F1 90 81 8F 19 00 00
17:10:22.172  CAN1  117       [8]  F2 40 00 00 57 00 00 77
17:10:22.172  CAN1  11B       [8]  BB F0 54 E3 20 08 54 E1
17:10:22.172  CAN1  121       [8]  26 F0 2A A9 6A 8A AA 00
17:10:22.172  CAN1  124       [8]  29 F0 00 15 55 2A A8 00
17:10:22.172  CAN1  07D       [8]  8B 60 15 00 00 00 00 00
17:10:22.172  CAN1  14E       [8]  EA 15 50 55 13 10 00 00
17:10:22.172  CAN1  15E       [8]  03 00 80 00 50 10 00 00
17:10:22.172  CAN1  272       [8]  39 10 18 07 00 AE 42 A8
17:10:22.172  CAN1  28E       [8]  7E 11 BF 01 31 80 00 00
17:10:22.172  CAN1  292       [8]  B3 10 00 00 00 00 00 00
17:10:22.172  CAN1  660       [8]  01 00 00 00 00 99 00 00
17:10:22.172  CAN1  661       [8]  00 59 00 A7 00 00 00 00
17:10:22.172  CAN1  662       [8]  00 00 00 00 00 00 00 00
17:10:22.172  CAN1  710       [8]  08 C0 8C 5D C3 84 00 80
17:10:22.172  CAN1  1AE       [8]  6A 10 00 01 0F FF 7F F8
17:10:22.172  CAN1  205       [8]  3C 15 55 7F F9 18 00 CA
17:10:22.172  CAN1  135       [8]  BB 2C 1C FD 00 00 00 00
17:10:22.184  CAN1  23A       [8]  F0 10 00 00 00 00 00 00
17:10:22.184  CAN1  1F4       [8]  A0 06 13 00 00 00 00 06
17:10:22.184  CAN1  2C7       [8]  1E 00 00 00 00 00 00 07
17:10:22.184  CAN1  10C       [8]  46 01 90 81 8F 19 00 00
17:10:22.184  CAN1  117       [8]  02 40 00 00 57 00 00 67
17:10:22.184  CAN1  11B       [8]  12 00 54 E3 20 08 54 E1
17:10:22.184  CAN1  10F       [8]  00 00 00 00 00 00 00 00
17:10:22.184  CAN1  121       [8]  8F 00 2A A9 6A 8A AA 00
17:10:22.184  CAN1  124       [8]  80 00 00 15 55 2A A8 00
17:10:22.184  CAN1  14E       [8]  3C 25 50 55 13 10 00 00
17:10:22.184  CAN1  272       [8]  29 20 18 07 00 AE 42 A8
17:10:22.184  CAN1  28E       [8]  6E 21 BF 01 31 80 00 00
17:10:22.184  CAN1  292       [8]  65 20 00 00 00 00 00 00
17:10:22.184  CAN1  660       [8]  01 00 00 00 00 99 00 00
17:10:22.184  CAN1  661       [8]  00 59 00 A7 00 00 00 00
17:10:22.184  CAN1  662       [8]  00 00 00 00 00 00 00 00
17:10:22.184  CAN1  710       [8]  08 C0 8C 5D C3 83 80 80
17:10:22.184  CAN1  1AE       [8]  5A 20 00 01 0F FF 7F F8
17:10:22.184  CAN1  205       [8]  2C 25 55 7F F9 18 00 CA
17:10:22.184  CAN1  23A       [8]  E0 20 00 00 00 00 00 00
17:10:22.184  CAN1  135       [8]  BA 2D 1C FD 00 00 00 00
17:10:22.184  CAN1  225       [8]  5E 18 FF 00 00 0D 8E F0
17:10:22.184  CAN1  32A       [8]  46 AA 10 00 00 00 00 00
17:10:22.184  CAN1  1F4       [8]  A0 06 13 00 00 00 00 06
17:10:22.184  CAN1  2C7       [8]  1E 00 00 00 00 00 00 08
17:10:22.184  CAN1  2AA       [8]  00 00 00 05 05 09 07 0E
17:10:22.184  CAN1  10C       [8]  36 11 90 81 8F 19 00 00
17:10:22.184  CAN1  117       [8]  12 40 00 00 57 00 00 57
17:10:22.184  CAN1  11B       [8]  AB 10 54 E3 20 08 54 E1
17:10:22.184  CAN1  121       [8]  36 10 2A A9 6A 8A AA 00
17:10:22.184  CAN1  124       [8]  39 10 00 15 55 2A A8 00
17:10:22.184  CAN1  14E       [8]  85 35 50 55 13 10 00 00
17:10:22.197  CAN1  15E       [8]  BA 10 80 00 50 10 00 00
17:10:22.197  CAN1  272       [8]  19 30 18 07 00 AE 42 A8
17:10:22.197  CAN1  28E       [8]  5E 31 BF 01 31 80 00 00
17:10:22.197  CAN1  292       [8]  DC 30 00 00 00 00 00 00
17:10:22.197  CAN1  660       [8]  01 00 00 00 00 99 00 00
17:10:22.197  CAN1  661       [8]  00 59 00 A7 00 00 00 00
17:10:22.197  CAN1  662       [8]  00 00 00 00 00 00 00 00
17:10:22.197  CAN1  710       [8]  08 C0 8C 5D C3 83 C0 80
17:10:22.197  CAN1  1AE       [8]  4A 30 00 01 0F FF 7F F8
17:10:22.197  CAN1  205       [8]  1B 35 55 7F F9 18 00 CB
17:10:22.197  CAN1  135       [8]  B9 2E 1C FD 00 00 00 00
17:10:22.197  CAN1  23A       [8]  D0 30 00 00 00 00 00 00
17:10:22.197  CAN1  1F4       [8]  A0 06 13 00 00 00 00 06
17:10:22.197  CAN1  2C7       [8]  1E 00 00 00 00 00 00 09
17:10:22.197  CAN1  10C       [8]  26 21 90 81 8F 19 00 00
17:10:22.197  CAN1  117       [8]  22 40 00 00 57 00 00 47
17:10:22.197  CAN1  11B       [8]  7D 20 54 E3 20 08 54 E1
17:10:22.197  CAN1  10F       [8]  00 00 00 00 00 00 00 00
17:10:22.197  CAN1  121       [8]  E0 20 2A A9 6A 8A AA 00
17:10:22.197  CAN1  124       [8]  EF 20 00 15 55 2A A8 00
17:10:22.197  CAN1  14E       [8]  8D 45 50 55 13 10 00 00
17:10:22.197  CAN1  272       [8]  09 40 18 07 00 AE 42 A8
17:10:22.197  CAN1  28E       [8]  4E 41 BF 01 31 80 00 00
17:10:22.197  CAN1  292       [8]  D4 40 00 00 00 00 00 00
17:10:22.197  CAN1  660       [8]  01 00 00 00 00 99 00 00
17:10:22.197  CAN1  661       [8]  00 59 00 A7 00 00 00 00
17:10:22.197  CAN1  662       [8]  00 00 00 00 00 00 00 00
17:10:22.197  CAN1  710       [8]  08 C0 8C 5D C3 84 40 80
17:10:22.197  CAN1  1AE       [8]  3A 40 00 01 0F FF 7F F8
17:10:22.197  CAN1  205       [8]  0B 45 55 7F F9 18 00 CB
17:10:22.197  CAN1  23A       [8]  C0 40 00 00 00 00 00 00
17:10:22.197  CAN1  135       [8]  B8 2F 1C FD 00 00 00 00
17:10:22.212  CAN1  225       [8]  4E 28 FF 00 00 0D 8E F0
17:10:22.212  CAN1  32A       [8]  36 AA 20 00 00 00 00 00
17:10:22.212  CAN1  1F4       [8]  A0 06 13 00 00 00 00 06
17:10:22.212  CAN1  2C7       [8]  1E 00 00 00 00 00 00 0A
17:10:22.212  CAN1  2AA       [8]  00 00 00 05 05 09 08 01
17:10:22.212  CAN1  10C       [8]  16 31 90 81 8F 19 00 00
17:10:22.212  CAN1  117       [8]  32 40 00 00 57 00 00 37
17:10:22.212  CAN1  11B       [8]  C4 30 54 E3 20 08 54 E1
17:10:22.212  CAN1  121       [8]  59 30 2A A9 6A 8A AA 00
17:10:22.212  CAN1  124       [8]  56 30 00 15 55 2A A8 00
17:10:22.212  CAN1  14E       [8]  34 55 50 55 13 10 00 00
17:10:22.212  CAN1  15E       [8]  6C 20 80 00 50 10 00 00
17:10:22.212  CAN1  272       [8]  F9 50 18 07 00 AE 42 A8
17:10:22.212  CAN1  28E       [8]  3E 51 BF 01 31 80 00 00
17:10:22.212  CAN1  292       [8]  6D 50 00 00 00 00 00 00
17:10:22.212  CAN1  660       [8]  01 00 00 00 00 99 00 00
17:10:22.212  CAN1  661       [8]  00 59 00 A7 00 00 00 00
17:10:22.212  CAN1  662       [8]  00 00 00 00 00 00 00 00
17:10:22.212  CAN1  710       [8]  08 C0 8C 5D C3 84 40 80
17:10:22.212  CAN1  1AE       [8]  2A 50 00 01 0F FF 7F F8
17:10:22.212  CAN1  205       [8]  FC 55 55 7F F9 18 00 CA
17:10:22.212  CAN1  135       [8]  C7 20 1C FD 00 00 00 00
17:10:22.212  CAN1  23A       [8]  B0 50 00 00 00 00 00 00
17:10:22.212  CAN1  2A3       [8]  01 FF FF 00 00 00 00 00
17:10:22.212  CAN1  1F4       [8]  A0 06 13 00 00 00 00 06
17:10:22.212  CAN1  2C7       [8]  1E 00 00 00 00 00 00 0B
17:10:22.212  CAN1  10C       [8]  06 41 90 81 8F 19 00 00
17:10:22.212  CAN1  117       [8]  42 40 00 00 57 00 00 27
17:10:22.212  CAN1  11B       [8]  CC 40 54 E3 20 08 54 E1
17:10:22.212  CAN1  10F       [8]  00 00 00 00 00 00 00 00
17:10:22.212  CAN1  121       [8]  51 40 2A A9 6A 8A AA 00
17:10:22.212  CAN1  124       [8]  5E 40 00 15 55 2A A8 00
17:10:22.225  CAN1  14E       [8]  E2 65 50 55 13 10 00 00
17:10:22.225  CAN1  272       [8]  E9 60 18 07 00 AE 42 A8
17:10:22.225  CAN1  28E       [8]  2E 61 BF 01 31 80 00 00
17:10:22.225  CAN1  292       [8]  BB 60 00 00 00 00 00 00
17:10:22.225  CAN1  660       [8]  01 00 00 00 00 99 00 00
17:10:22.225  CAN1  661       [8]  00 59 00 A7 00 00 00 00
17:10:22.225  CAN1  662       [8]  00 00 00 00 00 00 00 00
17:10:22.225  CAN1  710       [8]  08 C0 8C 5D C3 84 80 80
17:10:22.225  CAN1  1AE       [8]  1A 60 00 01 0F FF 7F F8
17:10:22.225  CAN1  205       [8]  EC 65 55 7F F9 18 00 CA
17:10:22.225  CAN1  23A       [8]  A0 60 00 00 00 00 00 00
17:10:22.225  CAN1  135       [8]  C6 21 1C FD 00 00 00 00
17:10:22.225  CAN1  225       [8]  3E 38 FF 00 00 0D 8E F0
17:10:22.225  CAN1  32A       [8]  26 AA 30 00 00 00 00 00
17:10:22.225  CAN1  1F4       [8]  A0 06 13 00 00 00 00 06
17:10:22.225  CAN1  2C7       [8]  1E 00 00 00 00 00 00 0C
17:10:22.225  CAN1  2AA       [8]  00 00 00 05 05 09 09 00
17:10:22.225  CAN1  10C       [8]  F6 51 90 81 8F 19 00 00
17:10:22.225  CAN1  117       [8]  52 40 00 00 57 00 00 17
17:10:22.225  CAN1  11B       [8]  75 50 54 E3 20 08 54 E1
17:10:22.225  CAN1  121       [8]  E8 50 2A A9 6A 8A AA 00
17:10:22.225  CAN1  124       [8]  E7 50 00 15 55 2A A8 00
17:10:22.225  CAN1  14E       [8]  5B 75 50 55 13 10 00 00
17:10:22.225  CAN1  15E       [8]  D5 30 80 00 50 10 00 00
17:10:22.225  CAN1  272       [8]  D9 70 18 07 00 AE 42 A8
17:10:22.225  CAN1  28E       [8]  1E 71 BF 01 31 80 00 00
17:10:22.225  CAN1  292       [8]  02 70 00 00 00 00 00 00
17:10:22.225  CAN1  660       [8]  01 00 00 00 00 99 00 00
17:10:22.225  CAN1  661       [8]  00 59 00 A7 00 00 00 00
17:10:22.225  CAN1  662       [8]  00 00 00 00 00 00 00 00
17:10:22.225  CAN1  710       [8]  08 C0 8C 5D C3 84 40 80
17:10:22.225  CAN1  256       [8]  55 10 00 61 25 2B A6 44
17:10:22.237  CAN1  312       [8]  10 00 00 7A C0 00 00 00
17:10:22.237  CAN1  313       [8]  7D 02 04 02 3F D1 3E 80
17:10:22.237  CAN1  317       [8]  3C 2D F3 83 2E E3 E8 00
17:10:22.237  CAN1  1AE       [8]  0A 70 00 01 0F FF 7F F8
17:10:22.237  CAN1  135       [8]  C5 22 1C FD 00 00 00 00
17:10:22.237  CAN1  205       [8]  DD 75 55 7F F9 18 00 C9
17:10:22.237  CAN1  23A       [8]  90 70 00 00 00 00 00 00
17:10:22.237  CAN1  323       [8]  0F 65 14 00 7D 03 E8 01
17:10:22.237  CAN1  324       [8]  00 00 00 00 00 00 01 00
17:10:22.237  CAN1  1F4       [8]  A0 06 13 00 00 00 00 06
17:10:22.237  CAN1  338       [8]  00 28 5D C0 FF 00 02 00
17:10:22.237  CAN1  2C7       [8]  1E 00 00 00 00 00 00 0D
17:10:22.237  CAN1  10C       [8]  E6 61 90 81 8F 19 00 00
17:10:22.237  CAN1  117       [8]  62 40 00 00 57 00 00 07
17:10:22.237  CAN1  11B       [8]  A3 60 54 E3 20 08 54 E1
17:10:22.237  CAN1  10F       [8]  00 00 00 00 00 00 00 00
17:10:22.237  CAN1  121       [8]  3E 60 2A A9 6A 8A AA 00
17:10:22.237  CAN1  124       [8]  31 60 00 15 55 2A A8 00
17:10:22.237  CAN1  14E       [8]  F2 85 50 55 13 10 00 00
17:10:22.237  CAN1  272       [8]  C9 80 18 07 00 AE 42 A8
17:10:22.237  CAN1  28E       [8]  0E 81 BF 01 31 80 00 00
17:10:22.237  CAN1  292       [8]  AB 80 00 00 00 00 00 00
17:10:22.237  CAN1  660       [8]  01 00 00 00 00 99 00 00
17:10:22.237  CAN1  661       [8]  00 59 00 A7 00 00 00 00
17:10:22.237  CAN1  662       [8]  00 00 00 00 00 00 00 00
17:10:22.237  CAN1  710       [8]  08 C0 8C 5D C3 84 00 80
17:10:22.237  CAN1  1AE       [8]  FA 80 00 01 0F FF 7F F8
17:10:22.237  CAN1  205       [8]  CD 85 55 7F F9 18 00 C9
17:10:22.237  CAN1  23A       [8]  80 80 00 00 00 00 00 00
17:10:22.237  CAN1  135       [8]  C4 23 1C FD 00 00 00 00
17:10:22.237  CAN1  225       [8]  2E 48 FF 00 00 0D 8E F0
17:10:22.237  CAN1  32A       [8]  16 AA 40 00 00 00 00 00
17:10:22.253  CAN1  1F4       [8]  A0 06 13 00 00 00 00 06
17:10:22.253  CAN1  2C7       [8]  1E 00 00 00 00 00 00 0E
17:10:22.253  CAN1  2AA       [8]  00 00 00 05 05 09 0A 03
17:10:22.253  CAN1  10C       [8]  D6 71 90 81 8F 19 00 00
17:10:22.253  CAN1  117       [8]  72 40 00 00 57 00 00 F7
17:10:22.253  CAN1  11B       [8]  1A 70 54 E3 20 08 54 E1
17:10:22.253  CAN1  121       [8]  87 70 2A A9 6A 8A AA 00
17:10:22.253  CAN1  124       [8]  88 70 00 15 55 2A A8 00
17:10:22.253  CAN1  14E       [8]  4B 95 50 55 13 10 00 00
17:10:22.253  CAN1  15E       [8]  DD 40 80 00 50 10 00 00
17:10:22.253  CAN1  272       [8]  B9 90 18 07 00 AE 42 A8
17:10:22.253  CAN1  28E       [8]  FE 91 BF 01 31 80 00 00
17:10:22.253  CAN1  292       [8]  12 90 00 00 00 00 00 00
17:10:22.253  CAN1  660       [8]  01 00 00 00 00 99 00 00
17:10:22.253  CAN1  661       [8]  00 59 00 A7 00 00 00 00
17:10:22.253  CAN1  662       [8]  00 00 00 00 00 00 00 00
17:10:22.253  CAN1  710       [8]  08 C0 8C 5D C3 84 00 80
17:10:22.253  CAN1  1AE       [8]  EA 90 00 01 0F FF 7F F8
17:10:22.253  CAN1  205       [8]  BD 95 55 7F F9 18 00 C9
17:10:22.253  CAN1  135       [8]  C3 24 1C FD 00 00 00 00
17:10:22.253  CAN1  23A       [8]  70 90 00 00 00 00 00 00
17:10:22.253  CAN1  1F4       [8]  A0 06 13 00 00 00 00 06
17:10:22.253  CAN1  2C7       [8]  1E 00 00 00 00 00 00 0F
17:10:22.253  CAN1  10C       [8]  C6 81 90 81 8F 19 00 00
17:10:22.253  CAN1  117       [8]  82 40 00 00 57 00 00 E7
17:10:22.253  CAN1  11B       [8]  B3 80 54 E3 20 08 54 E1
17:10:22.253  CAN1  10F       [8]  00 00 00 00 00 00 00 00
17:10:22.253  CAN1  121       [8]  2E 80 2A A9 6A 8A AA 00
17:10:22.253  CAN1  124       [8]  21 80 00 15 55 2A A8 00
17:10:22.253  CAN1  14E       [8]  9D A5 50 55 13 10 00 00
17:10:22.253  CAN1  272       [8]  A9 A0 18 07 00 AE 42 A8
17:10:22.253  CAN1  28E       [8]  EE A1 BF 01 31 80 00 00
17:10:22.265  CAN1  292       [8]  C4 A0 00 00 00 00 00 00
17:10:22.265  CAN1  2B2       [8]  72 60 00 00 41 00 90 41
17:10:22.265  CAN1  660       [8]  01 00 00 00 00 99 00 00
17:10:22.265  CAN1  661       [8]  00 59 00 A7 00 00 00 00
17:10:22.265  CAN1  662       [8]  00 00 00 00 00 00 00 00
17:10:22.265  CAN1  710       [8]  08 C0 8C 5D C3 84 00 80
17:10:22.265  CAN1  1AE       [8]  DA A0 00 01 0F FF 7F F8
17:10:22.265  CAN1  205       [8]  AD A5 55 7F F9 18 00 C9
17:10:22.265  CAN1  23A       [8]  60 A0 00 00 00 00 00 00
17:10:22.265  CAN1  135       [8]  C2 25 1C FD 00 00 00 00
17:10:22.265  CAN1  225       [8]  1E 58 FF 00 00 0D 8E F0
17:10:22.265  CAN1  2A3       [8]  01 FF FF 00 00 00 00 00
17:10:22.265  CAN1  32A       [8]  06 AA 50 00 00 00 00 00
17:10:22.265  CAN1  1F4       [8]  A0 06 13 00 00 00 00 06
17:10:22.265  CAN1  2C7       [8]  1E 00 00 00 00 00 00 00
17:10:22.265  CAN1  2AA       [8]  00 00 00 05 05 09 0B 02
17:10:22.265  CAN1  10C       [8]  B6 91 90 81 8F 19 00 00
17:10:22.265  CAN1  117       [8]  92 40 00 00 57 00 00 D7
17:10:22.265  CAN1  11B       [8]  0A 90 54 E3 20 08 54 E1
17:10:22.265  CAN1  121       [8]  97 90 2A A9 6A 8A AA 00
17:10:22.265  CAN1  124       [8]  98 90 00 15 55 2A A8 00
17:10:22.265  CAN1  14E       [8]  24 B5 50 55 13 10 00 00
17:10:22.265  CAN1  07D       [8]  7B 70 15 00 00 00 00 00
17:10:22.265  CAN1  15E       [8]  64 50 80 00 50 10 00 00
17:10:22.265  CAN1  272       [8]  99 B0 18 07 00 AE 42 A8
17:10:22.265  CAN1  28E       [8]  DE B1 BF 01 31 80 00 00
17:10:22.265  CAN1  292       [8]  7D B0 00 00 00 00 00 00
17:10:22.265  CAN1  660       [8]  01 00 00 00 00 99 00 00
17:10:22.265  CAN1  661       [8]  00 59 00 A7 00 00 00 00
17:10:22.265  CAN1  662       [8]  00 00 00 00 00 00 00 00
17:10:22.265  CAN1  710       [8]  08 C0 8C 5D C3 84 40 80
17:10:22.265  CAN1  1AE       [8]  CA B0 00 01 0F FF 7F F8
17:10:22.278  CAN1  205       [8]  9B B5 55 7F F9 18 00 CB
17:10:22.278  CAN1  135       [8]  C1 26 1C FD 00 00 00 00
17:10:22.278  CAN1  23A       [8]  50 B0 00 00 00 00 00 00
17:10:22.278  CAN1  1F4       [8]  A0 06 13 00 00 00 00 06
17:10:22.278  CAN1  2C7       [8]  1E 00 00 00 00 00 00 01
17:10:22.278  CAN1  10C       [8]  A6 A1 90 81 8F 19 00 00
17:10:22.278  CAN1  117       [8]  A2 40 00 00 57 00 00 C7
17:10:22.278  CAN1  11B       [8]  DC A0 54 E3 20 08 54 E1
17:10:22.278  CAN1  10F       [8]  00 00 00 00 00 00 00 00
17:10:22.278  CAN1  121       [8]  41 A0 2A A9 6A 8A AA 00
17:10:22.278  CAN1  124       [8]  4E A0 00 15 55 2A A8 00
17:10:22.278  CAN1  14E       [8]  2C C5 50 55 13 10 00 00
17:10:22.278  CAN1  272       [8]  89 C0 18 07 00 AE 42 A8
17:10:22.278  CAN1  28E       [8]  CE C1 BF 01 31 80 00 00
17:10:22.278  CAN1  292       [8]  75 C0 00 00 00 00 00 00
17:10:22.278  CAN1  660       [8]  01 00 00 00 00 99 00 00
17:10:22.278  CAN1  661       [8]  00 59 00 A7 00 00 00 00
17:10:22.278  CAN1  662       [8]  00 00 00 00 00 00 00 00
17:10:22.278  CAN1  710       [8]  08 C0 8C 5D C3 84 40 80
17:10:22.278  CAN1  1AE       [8]  BA C0 00 01 0F FF 7F F8
17:10:22.278  CAN1  205       [8]  8B C5 55 7F F9 18 00 CB
17:10:22.278  CAN1  23A       [8]  40 C0 00 00 00 00 00 00
17:10:22.278  CAN1  135       [8]  C0 27 1C FD 00 00 00 00
17:10:22.278  CAN1  225       [8]  0E 68 FF 00 00 0D 8E F0
17:10:22.278  CAN1  32A       [8]  F6 AA 60 00 00 00 00 00
17:10:22.278  CAN1  1F4       [8]  A0 06 13 00 00 00 00 06
17:10:22.278  CAN1  2C7       [8]  1E 00 00 00 00 00 00 02
17:10:22.278  CAN1  2AA       [8]  00 00 00 05 05 09 0C 05
17:10:22.278  CAN1  10C       [8]  96 B1 90 81 8F 19 00 00
17:10:22.278  CAN1  117       [8]  B2 40 00 00 57 00 00 B7
17:10:22.278  CAN1  11B       [8]  65 B0 54 E3 20 08 54 E1
17:10:22.278  CAN1  121       [8]  F8 B0 2A A9 6A 8A AA 00
17:10:22.292  CAN1  124       [8]  F7 B0 00 15 55 2A A8 00
17:10:22.292  CAN1  14E       [8]  95 D5 50 55 13 10 00 00
17:10:22.292  CAN1  15E       [8]  B2 60 80 00 50 10 00 00
17:10:22.292  CAN1  272       [8]  79 D0 18 07 00 AE 42 A8
17:10:22.292  CAN1  28E       [8]  BE D1 BF 01 31 80 00 00
17:10:22.292  CAN1  292       [8]  CC D0 00 00 00 00 00 00
17:10:22.292  CAN1  660       [8]  01 00 00 00 00 99 00 00
17:10:22.292  CAN1  661       [8]  00 59 00 A7 00 00 00 00
17:10:22.292  CAN1  662       [8]  00 00 00 00 00 00 00 00
17:10:22.292  CAN1  710       [8]  08 C0 8C 5D C3 84 80 80
17:10:22.292  CAN1  1AE       [8]  AA D0 00 01 0F FF 7F F8
17:10:22.292  CAN1  205       [8]  7B D5 55 7F F9 18 00 CB
17:10:22.292  CAN1  135       [8]  BF 28 1C FD 00 00 00 00
17:10:22.292  CAN1  23A       [8]  30 D0 00 00 00 00 00 00
17:10:22.292  CAN1  1F4       [8]  A0 06 13 00 00 00 00 06
17:10:22.292  CAN1  2C7       [8]  1E 00 00 00 00 00 00 03
17:10:22.292  CAN1  10C       [8]  86 C1 90 81 8F 19 00 00
17:10:22.292  CAN1  117       [8]  C2 40 00 00 57 00 00 A7
17:10:22.292  CAN1  11B       [8]  6D C0 54 E3 20 08 54 E1
17:10:22.292  CAN1  10F       [8]  00 00 00 00 00 00 00 00
17:10:22.292  CAN1  121       [8]  F0 C0 2A A9 6A 8A AA 00
17:10:22.292  CAN1  124       [8]  FF C0 00 15 55 2A A8 00
17:10:22.292  CAN1  14E       [8]  43 E5 50 55 13 10 00 00
17:10:22.292  CAN1  272       [8]  69 E0 18 07 00 AE 42 A8
17:10:22.292  CAN1  28E       [8]  AE E1 BF 01 31 80 00 00
17:10:22.292  CAN1  292       [8]  1A E0 00 00 00 00 00 00
17:10:22.292  CAN1  660       [8]  01 00 00 00 00 99 00 00
17:10:22.292  CAN1  661       [8]  00 59 00 A7 00 00 00 00
17:10:22.292  CAN1  662       [8]  00 00 00 00 00 00 00 00
17:10:22.292  CAN1  710       [8]  08 C0 8C 5D C3 84 40 80
17:10:22.292  CAN1  1AE       [8]  9A E0 00 01 0F FF 7F F8
17:10:22.292  CAN1  205       [8]  6B E5 55 7F F9 18 00 CB
17:10:22.317  CAN1  23A       [8]  20 E0 00 00 00 00 00 00
17:10:22.317  CAN1  135       [8]  BE 29 1C FD 00 00 00 00
17:10:22.317  CAN1  225       [8]  FE 78 FF 00 00 0D 8E F0
17:10:22.317  CAN1  32A       [8]  E6 AA 70 00 00 00 00 00
17:10:22.317  CAN1  1F4       [8]  A0 06 13 00 00 00 00 06
17:10:22.317  CAN1  2C7       [8]  1E 00 00 00 00 00 00 04
17:10:22.317  CAN1  2AA       [8]  00 00 00 05 05 09 0D 04
17:10:22.317  CAN1  10C       [8]  76 D1 90 81 8F 19 00 00
17:10:22.317  CAN1  117       [8]  D2 40 00 00 57 00 00 97
17:10:22.317  CAN1  11B       [8]  D4 D0 54 E3 20 08 54 E1
17:10:22.317  CAN1  121       [8]  49 D0 2A A9 6A 8A AA 00
17:10:22.317  CAN1  124       [8]  46 D0 00 15 55 2A A8 00
17:10:22.317  CAN1  14E       [8]  FA F5 50 55 13 10 00 00
17:10:22.317  CAN1  15E       [8]  0B 70 80 00 50 10 00 00
17:10:22.317  CAN1  272       [8]  59 F0 18 07 00 AE 42 A8
17:10:22.317  CAN1  28E       [8]  9E F1 BF 01 31 80 00 00
17:10:22.317  CAN1  292       [8]  A3 F0 00 00 00 00 00 00
17:10:22.317  CAN1  660       [8]  01 00 00 00 00 99 00 00
17:10:22.317  CAN1  661       [8]  00 59 00 A7 00 00 00 00
17:10:22.317  CAN1  662       [8]  00 00 00 00 00 00 00 00
17:10:22.317  CAN1  710       [8]  08 C0 8C 5D C3 84 00 80
17:10:22.317  CAN1  1AE       [8]  8A F0 00 01 0F FF 7F F8
17:10:22.317  CAN1  205       [8]  5C F5 55 7F F9 18 00 CA
17:10:22.317  CAN1  23A       [8]  10 F0 00 00 00 00 00 00
17:10:22.317  CAN1  135       [8]  BD 2A 1C FD 00 00 00 00
17:10:22.317  CAN1  2A3       [8]  01 FF FF 00 00 00 00 00
17:10:22.317  CAN1  1F4       [8]  A0 06 13 00 00 00 00 06
17:10:22.317  CAN1  2C7       [8]  1E 00 00 00 00 00 00 05
17:10:22.317  CAN1  10C       [8]  66 E1 90 81 8F 19 00 00
17:10:22.317  CAN1  117       [8]  E2 40 00 00 57 00 00 87
17:10:22.317  CAN1  11B       [8]  02 E0 54 E3 20 08 54 E1
17:10:22.317  CAN1  10F       [8]  00 00 00 00 00 00 00 00
17:10:22.320  CAN1  121       [8]  9F E0 2A A9 6A 8A AA 00
17:10:22.320  CAN1  124       [8]  90 E0 00 15 55 2A A8 00
17:10:22.320  CAN1  14E       [8]  53 05 50 55 13 10 00 00
17:10:22.320  CAN1  272       [8]  49 00 18 07 00 AE 42 A8
17:10:22.320  CAN1  28E       [8]  8E 01 BF 01 31 80 00 00
17:10:22.320  CAN1  292       [8]  0A 00 00 00 00 00 00 00
17:10:22.320  CAN1  660       [8]  01 00 00 00 00 99 00 00
17:10:22.320  CAN1  661       [8]  00 59 00 A7 00 00 00 00
17:10:22.320  CAN1  662       [8]  00 00 00 00 00 00 00 00
17:10:22.320  CAN1  710       [8]  08 C0 8C 5D C3 84 00 80
17:10:22.320  CAN1  1AE       [8]  7A 00 00 01 0F FF 7F F8
17:10:22.320  CAN1  205       [8]  4C 05 55 7F F9 18 00 CA
17:10:22.320  CAN1  23A       [8]  00 00 00 00 00 00 00 00
17:10:22.320  CAN1  135       [8]  BC 2B 1C FD 00 00 00 00
17:10:22.320  CAN1  225       [8]  EE 88 FF 00 00 0D 8E F0
17:10:22.320  CAN1  32A       [8]  D6 AA 80 00 00 00 00 00
17:10:22.320  CAN1  1F4       [8]  A0 06 13 00 00 00 00 06
17:10:22.320  CAN1  2C7       [8]  1E 00 00 00 00 00 00 06
17:10:22.320  CAN1  2AA       [8]  00 00 00 05 05 09 0E 07
17:10:22.320  CAN1  10C       [8]  56 F1 90 81 8F 19 00 00
17:10:22.320  CAN1  117       [8]  F2 40 00 00 57 00 00 77
17:10:22.320  CAN1  11B       [8]  BB F0 54 E3 20 08 54 E1
17:10:22.320  CAN1  121       [8]  26 F0 2A A9 6A 8A AA 00
17:10:22.320  CAN1  124       [8]  29 F0 00 15 55 2A A8 00
17:10:22.320  CAN1  14E       [8]  EA 15 50 55 13 10 00 00
17:10:22.320  CAN1  15E       [8]  03 00 80 00 50 10 00 00
17:10:22.320  CAN1  272       [8]  39 10 18 07 00 AE 42 A8
17:10:22.320  CAN1  28E       [8]  7E 11 BF 01 31 80 00 00
17:10:22.320  CAN1  292       [8]  B3 10 00 00 00 00 00 00
17:10:22.320  CAN1  660       [8]  01 00 00 00 00 99 00 00
17:10:22.320  CAN1  661       [8]  00 59 00 A7 00 00 00 00
17:10:22.320  CAN1  662       [8]  00 00 00 00 00 00 00 00
17:10:22.335  CAN1  710       [8]  08 C0 8C 5D C3 84 00 80
17:10:22.335  CAN1  256       [8]  54 10 00 61 25 2B A7 44
17:10:22.335  CAN1  312       [8]  10 00 00 7A C0 00 00 00
17:10:22.335  CAN1  313       [8]  7D 02 04 02 3F D1 3E 80
17:10:22.335  CAN1  317       [8]  3C 2D F3 83 2E E3 E8 00
17:10:22.335  CAN1  1AE       [8]  6A 10 00 01 0F FF 7F F8
17:10:22.335  CAN1  135       [8]  BB 2C 1C FD 00 00 00 00
17:10:22.335  CAN1  205       [8]  3C 15 55 7F F9 18 00 CA
17:10:22.335  CAN1  23A       [8]  F0 10 00 00 00 00 00 00
17:10:22.335  CAN1  323       [8]  0F 65 14 00 7D 03 E8 01
17:10:22.335  CAN1  324       [8]  00 00 00 00 00 00 01 00
17:10:22.335  CAN1  1F4       [8]  A0 06 13 00 00 00 00 06
17:10:22.335  CAN1  338       [8]  00 28 5D C0 FF 00 02 00
17:10:22.335  CAN1  2C7       [8]  1E 00 00 00 00 00 00 07
17:10:22.335  CAN1  10C       [8]  46 01 90 81 8F 19 00 00
17:10:22.335  CAN1  117       [8]  02 40 00 00 57 00 00 67
17:10:22.335  CAN1  11B       [8]  12 00 54 E3 20 08 54 E1
17:10:22.335  CAN1  10F       [8]  00 00 00 00 00 00 00 00
17:10:22.335  CAN1  121       [8]  8F 00 2A A9 6A 8A AA 00
17:10:22.335  CAN1  124       [8]  80 00 00 15 55 2A A8 00
17:10:22.335  CAN1  14E       [8]  3C 25 50 55 13 10 00 00
17:10:22.335  CAN1  272       [8]  29 20 18 07 00 AE 42 A8
17:10:22.335  CAN1  28E       [8]  6E 21 BF 01 31 80 00 00
17:10:22.335  CAN1  292       [8]  65 20 00 00 00 00 00 00
17:10:22.335  CAN1  660       [8]  01 00 00 00 00 99 00 00
17:10:22.335  CAN1  661       [8]  00 59 00 A7 00 00 00 00
17:10:22.335  CAN1  662       [8]  00 00 00 00 00 00 00 00
17:10:22.335  CAN1  710       [8]  08 C0 8C 5D C3 84 40 80
17:10:22.335  CAN1  1AE       [8]  5A 20 00 01 0F FF 7F F8
17:10:22.335  CAN1  205       [8]  2C 25 55 7F F9 18 00 CA
17:10:22.335  CAN1  23A       [8]  E0 20 00 00 00 00 00 00
17:10:22.335  CAN1  135       [8]  BA 2D 1C FD 00 00 00 00
17:10:22.348  CAN1  225       [8]  DE 98 FF 00 00 0D 8E F0
17:10:22.348  CAN1  32A       [8]  C6 AA 90 00 00 00 00 00
17:10:22.348  CAN1  1F4       [8]  A0 06 13 00 00 00 00 06
17:10:22.348  CAN1  2C7       [8]  1E 00 00 00 00 00 00 08
17:10:22.348  CAN1  2AA       [8]  00 00 00 05 05 09 0F 06
17:10:22.348  CAN1  10C       [8]  36 11 90 81 8F 19 00 00
17:10:22.348  CAN1  117       [8]  12 40 00 00 57 00 00 57
17:10:22.348  CAN1  11B       [8]  AB 10 54 E3 20 08 54 E1
17:10:22.348  CAN1  121       [8]  36 10 2A A9 6A 8A AA 00
17:10:22.348  CAN1  124       [8]  39 10 00 15 55 2A A8 00
17:10:22.348  CAN1  14E       [8]  85 35 50 55 13 10 00 00
17:10:22.348  CAN1  15E       [8]  BA 10 80 00 50 10 00 00
17:10:22.348  CAN1  272       [8]  19 30 18 07 00 AE 42 A8
17:10:22.348  CAN1  28E       [8]  5E 31 BF 01 31 80 00 00
17:10:22.348  CAN1  292       [8]  DC 30 00 00 00 00 00 00
17:10:22.348  CAN1  660       [8]  01 00 00 00 00 99 00 00
17:10:22.348  CAN1  661       [8]  00 59 00 A7 00 00 00 00
17:10:22.348  CAN1  662       [8]  00 00 00 00 00 00 00 00
17:10:22.348  CAN1  710       [8]  08 C0 8C 5D C3 84 40 80
17:10:22.348  CAN1  1AE       [8]  4A 30 00 01 0F FF 7F F8
17:10:22.348  CAN1  205       [8]  1D 35 55 7F F9 18 00 C9
17:10:22.348  CAN1  135       [8]  B9 2E 1C FD 00 00 00 00
17:10:22.348  CAN1  23A       [8]  D0 30 00 00 00 00 00 00
17:10:22.348  CAN1  1F4       [8]  A0 06 13 00 00 00 00 06
17:10:22.348  CAN1  2C7       [8]  1E 00 00 00 00 00 00 09
17:10:22.348  CAN1  10C       [8]  26 21 90 81 8F 19 00 00
17:10:22.348  CAN1  117       [8]  22 40 00 00 57 00 00 47
17:10:22.348  CAN1  11B       [8]  7D 20 54 E3 20 08 54 E1
17:10:22.348  CAN1  10F       [8]  00 00 00 00 00 00 00 00
17:10:22.348  CAN1  121       [8]  E0 20 2A A9 6A 8A AA 00
17:10:22.348  CAN1  124       [8]  EF 20 00 15 55 2A A8 00
17:10:22.348  CAN1  14E       [8]  8D 45 50 55 13 10 00 00
17:10:22.363  CAN1  272       [8]  09 40 18 07 00 AE 42 A8
17:10:22.363  CAN1  28E       [8]  4E 41 BF 01 31 80 00 00
17:10:22.363  CAN1  292       [8]  D4 40 00 00 00 00 00 00
17:10:22.363  CAN1  2B2       [8]  82 70 00 00 41 00 90 41
17:10:22.363  CAN1  660       [8]  01 00 00 00 00 99 00 00
17:10:22.363  CAN1  661       [8]  00 59 00 A7 00 00 00 00
17:10:22.363  CAN1  662       [8]  00 00 00 00 00 00 00 00
17:10:22.363  CAN1  710       [8]  08 C0 8C 5D C3 84 40 80
17:10:22.363  CAN1  1AE       [8]  3A 40 00 01 0F FF 7F F8
17:10:22.363  CAN1  205       [8]  0D 45 55 7F F9 18 00 C9
17:10:22.363  CAN1  23A       [8]  C0 40 00 00 00 00 00 00
17:10:22.363  CAN1  135       [8]  B8 2F 1C FD 00 00 00 00
17:10:22.363  CAN1  225       [8]  CE A8 FF 00 00 0D 8E F0
17:10:22.363  CAN1  2A3       [8]  01 FF FF 00 00 00 00 00
17:10:22.363  CAN1  32A       [8]  B6 AA A0 00 00 00 00 00
17:10:22.363  CAN1  1F4       [8]  A0 06 13 00 00 00 00 06
17:10:22.363  CAN1  2C7       [8]  1E 00 00 00 00 00 00 0A
17:10:22.363  CAN1  2AA       [8]  00 00 00 05 05 09 00 09
17:10:22.363  CAN1  10C       [8]  16 31 90 81 8F 19 00 00
17:10:22.363  CAN1  117       [8]  32 40 00 00 57 00 00 37
17:10:22.363  CAN1  11B       [8]  C4 30 54 E3 20 08 54 E1
17:10:22.363  CAN1  121       [8]  59 30 2A A9 6A 8A AA 00
17:10:22.363  CAN1  124       [8]  56 30 00 15 55 2A A8 00
17:10:22.363  CAN1  07D       [8]  6B 80 15 00 00 00 00 00
17:10:22.363  CAN1  14E       [8]  34 55 50 55 13 10 00 00
17:10:22.363  CAN1  15E       [8]  6C 20 80 00 50 10 00 00
17:10:22.363  CAN1  272       [8]  F9 50 18 07 00 AE 42 A8
17:10:22.363  CAN1  28E       [8]  3E 51 BF 01 31 80 00 00
17:10:22.363  CAN1  292       [8]  6D 50 00 00 00 00 00 00
17:10:22.363  CAN1  660       [8]  01 00 00 00 00 99 00 00
17:10:22.363  CAN1  661       [8]  00 59 00 A7 00 00 00 00
17:10:22.363  CAN1  662       [8]  00 00 00 00 00 00 00 00
17:10:22.387  CAN1  710       [8]  08 C0 8C 5D C3 84 40 80
17:10:22.387  CAN1  1AE       [8]  2A 50 00 01 0F FF 7F F8
17:10:22.387  CAN1  205       [8]  FB 55 55 7F F9 18 00 CB
17:10:22.387  CAN1  135       [8]  C7 20 1C FD 00 00 00 00
17:10:22.387  CAN1  23A       [8]  B0 50 00 00 00 00 00 00
17:10:22.387  CAN1  1F4       [8]  A0 06 13 00 00 00 00 06
17:10:22.387  CAN1  2C7       [8]  1E 00 00 00 00 00 00 0B
17:10:22.387  CAN1  10C       [8]  06 41 90 81 8F 19 00 00
17:10:22.387  CAN1  117       [8]  42 40 00 00 57 00 00 27
17:10:22.387  CAN1  11B       [8]  CC 40 54 E3 20 08 54 E1
17:10:22.387  CAN1  10F       [8]  00 00 00 00 00 00 00 00
17:10:22.387  CAN1  121       [8]  51 40 2A A9 6A 8A AA 00
17:10:22.387  CAN1  124       [8]  5E 40 00 15 55 2A A8 00
17:10:22.387  CAN1  14E       [8]  E2 65 50 55 13 10 00 00
17:10:22.387  CAN1  272       [8]  E9 60 18 07 00 AE 42 A8
17:10:22.387  CAN1  28E       [8]  2E 61 BF 01 31 80 00 00
17:10:22.387  CAN1  292       [8]  BB 60 00 00 00 00 00 00
17:10:22.387  CAN1  660       [8]  01 00 00 00 00 99 00 00
17:10:22.387  CAN1  661       [8]  00 59 00 A7 00 00 00 00
17:10:22.387  CAN1  662       [8]  00 00 00 00 00 00 00 00
17:10:22.387  CAN1  710       [8]  08 C0 8C 5D C3 84 00 80
17:10:22.387  CAN1  1AE       [8]  1A 60 00 01 0F FF 7F F8
17:10:22.387  CAN1  205       [8]  EB 65 55 7F F9 18 00 CB
17:10:22.387  CAN1  23A       [8]  A0 60 00 00 00 00 00 00
17:10:22.387  CAN1  135       [8]  C6 21 1C FD 00 00 00 00
17:10:22.387  CAN1  225       [8]  BE B8 FF 00 00 0D 8E F0
17:10:22.387  CAN1  32A       [8]  A6 AA B0 00 00 00 00 00
17:10:22.387  CAN1  1F4       [8]  A0 06 13 00 00 00 00 06
17:10:22.387  CAN1  2C7       [8]  1E 00 00 00 00 00 00 0C
17:10:22.387  CAN1  2AA       [8]  00 00 00 05 05 09 01 08
17:10:22.387  CAN1  10C       [8]  F6 51 90 81 8F 19 00 00
17:10:22.387  CAN1  117       [8]  52 40 00 00 57 00 00 17
17:10:22.390  CAN1  11B       [8]  75 50 54 E3 20 08 54 E1
17:10:22.390  CAN1  121       [8]  E8 50 2A A9 6A 8A AA 00
17:10:22.390  CAN1  124       [8]  E7 50 00 15 55 2A A8 00
17:10:22.390  CAN1  14E       [8]  5B 75 50 55 13 10 00 00
17:10:22.390  CAN1  15E       [8]  D5 30 80 00 50 10 00 00
17:10:22.390  CAN1  272       [8]  D9 70 18 07 00 AE 42 A8
17:10:22.390  CAN1  28E       [8]  1E 71 BF 01 31 80 00 00
17:10:22.390  CAN1  292       [8]  02 70 00 00 00 00 00 00
17:10:22.390  CAN1  660       [8]  01 00 00 00 00 99 00 00
17:10:22.390  CAN1  661       [8]  00 59 00 A7 00 00 00 00
17:10:22.390  CAN1  662       [8]  00 00 00 00 00 00 00 00
17:10:22.390  CAN1  710       [8]  08 C0 8C 5D C3 83 80 80
17:10:22.390  CAN1  1AE       [8]  0A 70 00 01 0F FF 7F F8
17:10:22.390  CAN1  205       [8]  DC 75 55 7F F9 18 00 CA
17:10:22.390  CAN1  23A       [8]  90 70 00 00 00 00 00 00
17:10:22.390  CAN1  135       [8]  C5 22 1C FD 00 00 00 00
17:10:22.390  CAN1  1F4       [8]  A0 06 13 00 00 00 00 06
17:10:22.390  CAN1  2C7       [8]  1E 00 00 00 00 00 00 0D
17:10:22.390  CAN1  10C       [8]  E6 61 90 81 8F 19 00 00
17:10:22.390  CAN1  117       [8]  62 40 00 00 57 00 00 07
17:10:22.390  CAN1  11B       [8]  A3 60 54 E3 20 08 54 E1
17:10:22.390  CAN1  10F       [8]  00 00 00 00 00 00 00 00
17:10:22.390  CAN1  121       [8]  3E 60 2A A9 6A 8A AA 00
17:10:22.390  CAN1  124       [8]  31 60 00 15 55 2A A8 00
17:10:22.390  CAN1  14E       [8]  F2 85 50 55 13 10 00 00
17:10:22.390  CAN1  272       [8]  C9 80 18 07 00 AE 42 A8
17:10:22.390  CAN1  28E       [8]  0E 81 BF 01 31 80 00 00
17:10:22.390  CAN1  292       [8]  AB 80 00 00 00 00 00 00
17:10:22.390  CAN1  660       [8]  01 00 00 00 00 99 00 00
17:10:22.390  CAN1  661       [8]  00 59 00 A7 00 00 00 00
17:10:22.390  CAN1  662       [8]  00 00 00 00 00 00 00 00
17:10:22.390  CAN1  710       [8]  08 C0 8C 5D C3 83 C0 80
17:10:22.415  CAN1  1AE       [8]  FA 80 00 01 0F FF 7F F8
17:10:22.415  CAN1  205       [8]  CC 85 55 7F F9 18 00 CA
17:10:22.415  CAN1  23A       [8]  80 80 00 00 00 00 00 00
17:10:22.415  CAN1  135       [8]  C4 23 1C FD 00 00 00 00
17:10:22.415  CAN1  225       [8]  AE C8 FF 00 00 0D 8E F0
17:10:22.415  CAN1  32A       [8]  96 AA C0 00 00 00 00 00
17:10:22.415  CAN1  1F4       [8]  A0 06 13 00 00 00 00 06
17:10:22.415  CAN1  2C7       [8]  1E 00 00 00 00 00 00 0E
17:10:22.415  CAN1  2AA       [8]  00 00 00 05 05 09 02 0B
17:10:22.415  CAN1  10C       [8]  D6 71 90 81 8F 19 00 00
17:10:22.415  CAN1  117       [8]  72 40 00 00 57 00 00 F7
17:10:22.415  CAN1  11B       [8]  1A 70 54 E3 20 08 54 E1
17:10:22.415  CAN1  121       [8]  87 70 2A A9 6A 8A AA 00
17:10:22.415  CAN1  124       [8]  88 70 00 15 55 2A A8 00
17:10:22.415  CAN1  14E       [8]  4B 95 50 55 13 10 00 00
17:10:22.415  CAN1  15E       [8]  DD 40 80 00 50 10 00 00
17:10:22.415  CAN1  272       [8]  B9 90 18 07 00 AE 42 A8
17:10:22.415  CAN1  28E       [8]  FE 91 BF 01 31 80 00 00
17:10:22.415  CAN1  292       [8]  12 90 00 00 00 00 00 00
17:10:22.415  CAN1  660       [8]  01 00 00 00 00 99 00 00
17:10:22.415  CAN1  661       [8]  00 59 00 A7 00 00 00 00
17:10:22.415  CAN1  662       [8]  00 00 00 00 00 00 00 00
17:10:22.415  CAN1  710       [8]  08 C0 8C 5D C3 83 C0 80
17:10:22.415  CAN1  1AE       [8]  EA 90 00 01 0F FF 7F F8
17:10:22.415  CAN1  205       [8]  BC 95 55 7F F9 18 00 CA
17:10:22.415  CAN1  135       [8]  C3 24 1C FD 00 00 00 00
17:10:22.415  CAN1  23A       [8]  70 90 00 00 00 00 00 00
17:10:22.415  CAN1  2A3       [8]  01 FF FF 00 00 00 00 00
17:10:22.415  CAN1  1F4       [8]  A0 06 13 00 00 00 00 06
17:10:22.415  CAN1  2C7       [8]  1E 00 00 00 00 00 00 0F
17:10:22.415  CAN1  10C       [8]  C6 81 90 81 8F 19 00 00
17:10:22.415  CAN1  117       [8]  82 40 00 00 57 00 00 E7
17:10:22.428  CAN1  11B       [8]  B3 80 54 E3 20 08 54 E1
17:10:22.428  CAN1  10F       [8]  00 00 00 00 00 00 00 00
17:10:22.428  CAN1  121       [8]  2E 80 2A A9 6A 8A AA 00
17:10:22.428  CAN1  124       [8]  21 80 00 15 55 2A A8 00
17:10:22.428  CAN1  14E       [8]  9D A5 50 55 13 10 00 00
17:10:22.428  CAN1  272       [8]  A9 A0 18 07 00 AE 42 A8
17:10:22.428  CAN1  28E       [8]  EE A1 BF 01 31 80 00 00
17:10:22.428  CAN1  292       [8]  C4 A0 00 00 00 00 00 00
17:10:22.428  CAN1  660       [8]  01 00 00 00 00 99 00 00
17:10:22.428  CAN1  661       [8]  00 59 00 A7 00 00 00 00
17:10:22.428  CAN1  662       [8]  00 00 00 00 00 00 00 00
17:10:22.428  CAN1  710       [8]  08 C0 8C 5D C3 84 00 80
17:10:22.428  CAN1  1AE       [8]  DA A0 00 01 0F FF 7F F8
17:10:22.428  CAN1  205       [8]  AC A5 55 7F F9 18 00 CA
17:10:22.428  CAN1  23A       [8]  60 A0 00 00 00 00 00 00
17:10:22.428  CAN1  135       [8]  C2 25 1C FD 00 00 00 00
17:10:22.428  CAN1  225       [8]  9E D8 FF 00 00 0D 8E F0
17:10:22.428  CAN1  32A       [8]  86 AA D0 00 00 00 00 00
17:10:22.428  CAN1  1F4       [8]  A0 06 13 00 00 00 00 06
17:10:22.428  CAN1  2C7       [8]  1E 00 00 00 00 00 00 00
17:10:22.428  CAN1  2AA       [8]  00 00 00 05 05 09 03 0A
17:10:22.428  CAN1  10C       [8]  B6 91 90 81 8F 19 00 00
17:10:22.428  CAN1  117       [8]  92 40 00 00 57 00 00 D7
17:10:22.428  CAN1  11B       [8]  0A 90 54 E3 20 08 54 E1
17:10:22.428  CAN1  121       [8]  97 90 2A A9 6A 8A AA 00
17:10:22.428  CAN1  124       [8]  98 90 00 15 55 2A A8 00
17:10:22.428  CAN1  14E       [8]  24 B5 50 55 13 10 00 00
17:10:22.428  CAN1  15E       [8]  64 50 80 00 50 10 00 00
17:10:22.428  CAN1  272       [8]  99 B0 18 07 00 AE 42 A8
17:10:22.428  CAN1  28E       [8]  DE B1 BF 01 31 80 00 00
17:10:22.428  CAN1  292       [8]  7D B0 00 00 00 00 00 00
17:10:22.428  CAN1  660       [8]  01 00 00 00 00 99 00 00
17:10:22.442  CAN1  661       [8]  00 59 00 A7 00 00 00 00
17:10:22.442  CAN1  662       [8]  00 00 00 00 00 00 00 00
17:10:22.442  CAN1  710       [8]  08 C0 8C 5D C3 84 00 80
17:10:22.442  CAN1  256       [8]  53 10 00 61 25 2B A8 44
17:10:22.442  CAN1  312       [8]  10 00 00 79 C0 00 00 00
17:10:22.442  CAN1  313       [8]  7D 02 04 02 3F D1 3E 80
17:10:22.442  CAN1  317       [8]  3C 2D F3 83 2E E3 E8 00
17:10:22.442  CAN1  1AE       [8]  CA B0 00 01 0F FF 7F F8
17:10:22.442  CAN1  135       [8]  C1 26 1C FD 00 00 00 00
17:10:22.442  CAN1  205       [8]  9D B5 55 7F F9 18 00 C9
17:10:22.442  CAN1  23A       [8]  50 B0 00 00 00 00 00 00
17:10:22.442  CAN1  323       [8]  0F 65 14 00 7D 03 E8 01
17:10:22.442  CAN1  324       [8]  00 00 00 00 00 00 01 00
17:10:22.442  CAN1  1F4       [8]  A0 06 13 00 00 00 00 06
17:10:22.442  CAN1  338       [8]  00 28 5D C0 FF 00 02 00
17:10:22.442  CAN1  2C7       [8]  1E 00 00 00 00 00 00 01
17:10:22.442  CAN1  10C       [8]  A6 A1 90 81 8F 19 00 00
17:10:22.442  CAN1  117       [8]  A2 40 00 00 57 00 00 C7
17:10:22.442  CAN1  11B       [8]  DC A0 54 E3 20 08 54 E1
17:10:22.442  CAN1  10F       [8]  00 00 00 00 00 00 00 00
17:10:22.442  CAN1  121       [8]  41 A0 2A A9 6A 8A AA 00
17:10:22.442  CAN1  124       [8]  4E A0 00 15 55 2A A8 00
17:10:22.442  CAN1  14E       [8]  2C C5 50 55 13 10 00 00
17:10:22.442  CAN1  272       [8]  89 C0 18 07 00 AE 42 A8
17:10:22.442  CAN1  28E       [8]  CE C1 BF 01 31 80 00 00
17:10:22.442  CAN1  292       [8]  75 C0 00 00 00 00 00 00
17:10:22.442  CAN1  660       [8]  01 00 00 00 00 99 00 00
17:10:22.442  CAN1  661       [8]  00 59 00 A7 00 00 00 00
17:10:22.442  CAN1  662       [8]  00 00 00 00 00 00 00 00
17:10:22.442  CAN1  710       [8]  08 C0 8C 5D C3 84 00 80
17:10:22.442  CAN1  1AE       [8]  BA C0 00 01 0F FF 7F F8
17:10:22.442  CAN1  205       [8]  8D C5 55 7F F9 18 00 C9
17:10:22.455  CAN1  23A       [8]  40 C0 00 00 00 00 00 00
17:10:22.455  CAN1  135       [8]  C0 27 1C FD 00 00 00 00
17:10:22.455  CAN1  225       [8]  8E E8 FF 00 00 0D 8E F0
17:10:22.455  CAN1  32A       [8]  76 AA E0 00 00 00 00 00
17:10:22.455  CAN1  1F4       [8]  A0 06 13 00 00 00 00 06
17:10:22.455  CAN1  2C7       [8]  1E 00 00 00 00 00 00 02
17:10:22.455  CAN1  2AA       [8]  00 00 00 05 05 09 04 0D
17:10:22.455  CAN1  10C       [8]  96 B1 90 81 8F 19 00 00
17:10:22.455  CAN1  117       [8]  B2 40 00 00 57 00 00 B7
17:10:22.455  CAN1  11B       [8]  65 B0 54 E3 20 08 54 E1
17:10:22.455  CAN1  121       [8]  F8 B0 2A A9 6A 8A AA 00
17:10:22.455  CAN1  124       [8]  F7 B0 00 15 55 2A A8 00
17:10:22.455  CAN1  14E       [8]  95 D5 50 55 13 10 00 00
17:10:22.455  CAN1  15E       [8]  B2 60 80 00 50 10 00 00
17:10:22.455  CAN1  272       [8]  79 D0 18 07 00 AE 42 A8
17:10:22.455  CAN1  28E       [8]  BE D1 BF 01 31 80 00 00
17:10:22.455  CAN1  292       [8]  CC D0 00 00 00 00 00 00
17:10:22.455  CAN1  660       [8]  01 00 00 00 00 99 00 00
17:10:22.455  CAN1  661       [8]  00 59 00 A7 00 00 00 00
17:10:22.455  CAN1  662       [8]  00 00 00 00 00 00 00 00
17:10:22.455  CAN1  710       [8]  08 C0 8C 5D C3 83 C0 80
17:10:22.455  CAN1  1AE       [8]  AA D0 00 01 0F FF 7F F8
17:10:22.455  CAN1  205       [8]  7B D5 55 7F F9 18 00 CB
17:10:22.455  CAN1  135       [8]  BF 28 1C FD 00 00 00 00
17:10:22.455  CAN1  23A       [8]  30 D0 00 00 00 00 00 00
17:10:22.455  CAN1  1F4       [8]  A0 06 13 00 00 00 00 06
17:10:22.455  CAN1  2C7       [8]  1E 00 00 00 00 00 00 03
17:10:22.455  CAN1  10C       [8]  86 C1 90 81 8F 19 00 00
17:10:22.455  CAN1  117       [8]  C2 40 00 00 57 00 00 A7
17:10:22.455  CAN1  11B       [8]  6D C0 54 E3 20 08 54 E1
17:10:22.455  CAN1  10F       [8]  00 00 00 00 00 00 00 00
17:10:22.455  CAN1  121       [8]  F0 C0 2A A9 6A 8A AA 00
17:10:22.466  CAN1  124       [8]  FF C0 00 15 55 2A A8 00
17:10:22.466  CAN1  14E       [8]  43 E5 50 55 13 10 00 00
17:10:22.466  CAN1  272       [8]  69 E0 18 07 00 AE 42 A8
17:10:22.466  CAN1  28E       [8]  AE E1 BF 01 31 80 00 00
17:10:22.466  CAN1  292       [8]  1A E0 00 00 00 00 00 00
17:10:22.466  CAN1  2B2       [8]  92 80 00 00 41 00 90 41
17:10:22.466  CAN1  660       [8]  01 00 00 00 00 99 00 00
17:10:22.466  CAN1  661       [8]  00 59 00 A7 00 00 00 00
17:10:22.466  CAN1  662       [8]  00 00 00 00 00 00 00 00
17:10:22.466  CAN1  710       [8]  08 C0 8C 5D C3 83 80 80
17:10:22.466  CAN1  1AE       [8]  9A E0 00 01 0F FF 7F F8
17:10:22.466  CAN1  205       [8]  6B E5 55 7F F9 18 00 CB
17:10:22.466  CAN1  23A       [8]  20 E0 00 00 00 00 00 00
17:10:22.466  CAN1  135       [8]  BE 29 1C FD 00 00 00 00
17:10:22.466  CAN1  225       [8]  7E F8 FF 00 00 0D 8E F0
17:10:22.466  CAN1  2A3       [8]  01 FF FF 00 00 00 00 00
17:10:22.466  CAN1  32A       [8]  66 AA F0 00 00 00 00 00
17:10:22.466  CAN1  1F4       [8]  A0 06 13 00 00 00 00 06
17:10:22.466  CAN1  2C7       [8]  1E 00 00 00 00 00 00 04
17:10:22.466  CAN1  2AA       [8]  00 00 00 05 05 09 05 0C
17:10:22.466  CAN1  10C       [8]  76 D1 90 81 8F 19 00 00
17:10:22.466  CAN1  117       [8]  D2 40 00 00 57 00 00 97
17:10:22.466  CAN1  11B       [8]  D4 D0 54 E3 20 08 54 E1
17:10:22.466  CAN1  121       [8]  49 D0 2A A9 6A 8A AA 00
17:10:22.466  CAN1  124       [8]  46 D0 00 15 55 2A A8 00
17:10:22.466  CAN1  07D       [8]  5B 90 15 00 00 00 00 00
17:10:22.466  CAN1  14E       [8]  FA F5 50 55 13 10 00 00
17:10:22.466  CAN1  15E       [8]  0B 70 80 00 50 10 00 00
17:10:22.466  CAN1  272       [8]  59 F0 18 07 00 AE 42 A8
17:10:22.466  CAN1  28E       [8]  9E F1 BF 01 31 80 00 00
17:10:22.466  CAN1  292       [8]  A3 F0 00 00 00 00 00 00
17:10:22.466  CAN1  660       [8]  01 00 00 00 00 99 00 00
17:10:22.482  CAN1  661       [8]  00 59 00 A7 00 00 00 00
17:10:22.482  CAN1  662       [8]  00 00 00 00 00 00 00 00
17:10:22.482  CAN1  710       [8]  08 C0 8C 5D C3 83 80 80
17:10:22.482  CAN1  1AE       [8]  8A F0 00 01 0F FF 7F F8
17:10:22.482  CAN1  205       [8]  5B F5 55 7F F9 18 00 CB
17:10:22.482  CAN1  23A       [8]  10 F0 00 00 00 00 00 00
17:10:22.482  CAN1  135       [8]  BD 2A 1C FD 00 00 00 00
17:10:22.482  CAN1  1F4       [8]  A0 06 13 00 00 00 00 06
17:10:22.482  CAN1  2C7       [8]  1E 00 00 00 00 00 00 05
17:10:22.482  CAN1  10C       [8]  66 E1 90 81 8F 19 00 00
17:10:22.482  CAN1  117       [8]  E2 40 00 00 57 00 00 87
17:10:22.482  CAN1  11B       [8]  02 E0 54 E3 20 08 54 E1
17:10:22.482  CAN1  10F       [8]  00 00 00 00 00 00 00 00
17:10:22.482  CAN1  121       [8]  9F E0 2A A9 6A 8A AA 00
17:10:22.482  CAN1  124       [8]  90 E0 00 15 55 2A A8 00
17:10:22.482  CAN1  14E       [8]  53 05 50 55 13 10 00 00
17:10:22.482  CAN1  272       [8]  49 00 18 07 00 AE 42 A8
17:10:22.482  CAN1  28E       [8]  8E 01 BF 01 31 80 00 00
17:10:22.482  CAN1  292       [8]  0A 00 00 00 00 00 00 00
17:10:22.482  CAN1  660       [8]  01 00 00 00 00 99 00 00
17:10:22.482  CAN1  661       [8]  00 59 00 A7 00 00 00 00
17:10:22.482  CAN1  662       [8]  00 00 00 00 00 00 00 00
17:10:22.482  CAN1  710       [8]  08 C0 8C 5D C3 83 C0 80
17:10:22.482  CAN1  1AE       [8]  7A 00 00 01 0F FF 7F F8
17:10:22.482  CAN1  205       [8]  4B 05 55 7F F9 18 00 CB
17:10:22.482  CAN1  23A       [8]  00 00 00 00 00 00 00 00
17:10:22.482  CAN1  135       [8]  BC 2B 1C FD 00 00 00 00
17:10:22.482  CAN1  225       [8]  6E 08 FF 00 00 0D 8E F0
17:10:22.482  CAN1  32A       [8]  56 AA 00 00 00 00 00 00
17:10:22.482  CAN1  1F4       [8]  A0 06 13 00 00 00 00 06
17:10:22.482  CAN1  2C7       [8]  1E 00 00 00 00 00 00 06
17:10:22.482  CAN1  2AA       [8]  00 00 00 05 05 09 06 0F
17:10:22.494  CAN1  10C       [8]  56 F1 90 81 8F 19 00 00
17:10:22.494  CAN1  117       [8]  F2 40 00 00 57 00 00 77
17:10:22.494  CAN1  11B       [8]  BB F0 54 E3 20 08 54 E1
17:10:22.494  CAN1  121       [8]  26 F0 2A A9 6A 8A AA 00
17:10:22.494  CAN1  124       [8]  29 F0 00 15 55 2A A8 00
17:10:22.494  CAN1  14E       [8]  EA 15 50 55 13 10 00 00
17:10:22.494  CAN1  15E       [8]  03 00 80 00 50 10 00 00
17:10:22.494  CAN1  272       [8]  39 10 18 07 00 AE 42 A8
17:10:22.494  CAN1  28E       [8]  7E 11 BF 01 31 80 00 00
17:10:22.494  CAN1  292       [8]  B3 10 00 00 00 00 00 00
17:10:22.494  CAN1  660       [8]  01 00 00 00 00 99 00 00
17:10:22.494  CAN1  661       [8]  00 59 00 A7 00 00 00 00
17:10:22.494  CAN1  662       [8]  00 00 00 00 00 00 00 00
17:10:22.494  CAN1  710       [8]  08 C0 8C 5D C3 83 C0 80
17:10:22.494  CAN1  1AE       [8]  6A 10 00 01 0F FF 7F F8
17:10:22.494  CAN1  205       [8]  3B 15 55 7F F9 18 00 CB
17:10:22.494  CAN1  135       [8]  BB 2C 1C FD 00 00 00 00
17:10:22.494  CAN1  23A       [8]  F0 10 00 00 00 00 00 00
17:10:22.494  CAN1  1F4       [8]  A0 06 13 00 00 00 00 06
17:10:22.494  CAN1  2C7       [8]  1E 00 00 00 00 00 00 07
17:10:22.494  CAN1  10C       [8]  46 01 90 81 8F 19 00 00
17:10:22.494  CAN1  117       [8]  02 40 00 00 57 00 00 67
17:10:22.494  CAN1  11B       [8]  12 00 54 E3 20 08 54 E1
17:10:22.494  CAN1  10F       [8]  00 00 00 00 00 00 00 00
17:10:22.494  CAN1  121       [8]  8F 00 2A A9 6A 8A AA 00
17:10:22.494  CAN1  124       [8]  80 00 00 15 55 2A A8 00
17:10:22.494  CAN1  14E       [8]  3C 25 50 55 13 10 00 00
17:10:22.494  CAN1  272       [8]  29 20 18 07 00 AE 42 A8
17:10:22.494  CAN1  28E       [8]  6E 21 BF 01 31 80 00 00
17:10:22.494  CAN1  292       [8]  65 20 00 00 00 00 00 00
17:10:22.494  CAN1  660       [8]  01 00 00 00 00 99 00 00
17:10:22.494  CAN1  661       [8]  00 59 00 A7 00 00 00 00
17:10:22.506  CAN1  662       [8]  00 00 00 00 00 00 00 00
17:10:22.506  CAN1  710       [8]  08 C0 8C 5D C3 84 00 80
17:10:22.506  CAN1  1AE       [8]  5A 20 00 01 0F FF 7F F8
17:10:22.506  CAN1  205       [8]  2B 25 55 7F F9 18 00 CB
17:10:22.506  CAN1  23A       [8]  E0 20 00 00 00 00 00 00
17:10:22.506  CAN1  135       [8]  BA 2D 1C FD 00 00 00 00
17:10:22.506  CAN1  225       [8]  5E 18 FF 00 00 0D 8E F0
17:10:22.506  CAN1  32A       [8]  46 AA 10 00 00 00 00 00
17:10:22.506  CAN1  1F4       [8]  A0 06 13 00 00 00 00 06
17:10:22.506  CAN1  2C7       [8]  1E 00 00 00 00 00 00 08
17:10:22.506  CAN1  2AA       [8]  00 00 00 05 05 09 07 0E
17:10:22.506  CAN1  10C       [8]  36 11 90 81 8F 19 00 00
17:10:22.506  CAN1  117       [8]  12 40 00 00 57 00 00 57
17:10:22.506  CAN1  11B       [8]  AB 10 54 E3 20 08 54 E1
17:10:22.506  CAN1  121       [8]  36 10 2A A9 6A 8A AA 00
17:10:22.506  CAN1  124       [8]  39 10 00 15 55 2A A8 00
17:10:22.506  CAN1  14E       [8]  85 35 50 55 13 10 00 00
17:10:22.506  CAN1  15E       [8]  BA 10 80 00 50 10 00 00
17:10:22.506  CAN1  272       [8]  19 30 18 07 00 AE 42 A8
17:10:22.506  CAN1  28E       [8]  5E 31 BF 01 31 80 00 00
17:10:22.506  CAN1  292       [8]  DC 30 00 00 00 00 00 00
17:10:22.506  CAN1  660       [8]  01 00 00 00 00 99 00 00
17:10:22.506  CAN1  661       [8]  00 59 00 A7 00 00 00 00
17:10:22.506  CAN1  662       [8]  00 00 00 00 00 00 00 00
17:10:22.506  CAN1  710       [8]  08 C0 8C 5D C3 84 00 80
17:10:22.506  CAN1  1AE       [8]  4A 30 00 01 0F FF 7F F8
17:10:22.506  CAN1  205       [8]  1B 35 55 7F F9 18 00 CB
17:10:22.506  CAN1  23A       [8]  D0 30 00 00 00 00 00 00
17:10:22.506  CAN1  135       [8]  B9 2E 1C FD 00 00 00 00
17:10:22.506  CAN1  2A3       [8]  01 FF FF 00 00 00 00 00
17:10:22.506  CAN1  1F4       [8]  A0 06 13 00 00 00 00 06
17:10:22.506  CAN1  2C7       [8]  1E 00 00 00 00 00 00 09
17:10:22.522  CAN1  10C       [8]  26 21 90 81 8F 19 00 00
17:10:22.522  CAN1  117       [8]  22 40 00 00 57 00 00 47
17:10:22.522  CAN1  11B       [8]  7D 20 54 E3 20 08 54 E1
17:10:22.522  CAN1  10F       [8]  00 00 00 00 00 00 00 00
17:10:22.522  CAN1  121       [8]  E0 20 2A A9 6A 8A AA 00
17:10:22.522  CAN1  124       [8]  EF 20 00 15 55 2A A8 00
17:10:22.522  CAN1  14E       [8]  8D 45 50 55 13 10 00 00
17:10:22.522  CAN1  272       [8]  09 40 18 07 00 AE 42 A8
17:10:22.522  CAN1  28E       [8]  4E 41 BF 01 31 80 00 00
17:10:22.522  CAN1  292       [8]  D4 40 00 00 00 00 00 00
17:10:22.522  CAN1  660       [8]  01 00 00 00 00 99 00 00
17:10:22.522  CAN1  661       [8]  00 59 00 A7 00 00 00 00
17:10:22.522  CAN1  662       [8]  00 00 00 00 00 00 00 00
17:10:22.522  CAN1  710       [8]  08 C0 8C 5D C3 84 00 80
17:10:22.522  CAN1  1AE       [8]  3A 40 00 01 0F FF 7F F8
17:10:22.522  CAN1  205       [8]  0B 45 55 7F F9 18 00 CB
17:10:22.522  CAN1  23A       [8]  C0 40 00 00 00 00 00 00
17:10:22.522  CAN1  135       [8]  B8 2F 1C FD 00 00 00 00
17:10:22.522  CAN1  225       [8]  4E 28 FF 00 00 0D 8E F0
17:10:22.522  CAN1  32A       [8]  36 AA 20 00 00 00 00 00
17:10:22.522  CAN1  1F4       [8]  A0 06 13 00 00 00 00 06
17:10:22.522  CAN1  2C7       [8]  1E 00 00 00 00 00 00 0A
17:10:22.522  CAN1  2AA       [8]  00 00 00 05 05 09 08 01
17:10:22.522  CAN1  10C       [8]  16 31 90 81 8F 19 00 00
17:10:22.522  CAN1  117       [8]  32 40 00 00 57 00 00 37
17:10:22.522  CAN1  11B       [8]  C4 30 54 E3 20 08 54 E1
17:10:22.522  CAN1  121       [8]  59 30 2A A9 6A 8A AA 00
17:10:22.522  CAN1  124       [8]  56 30 00 15 55 2A A8 00
17:10:22.522  CAN1  14E       [8]  34 55 50 55 13 10 00 00
17:10:22.522  CAN1  15E       [8]  6C 20 80 00 50 10 00 00
17:10:22.522  CAN1  272       [8]  F9 50 18 07 00 AE 42 A8
17:10:22.522  CAN1  28E       [8]  3E 51 BF 01 31 80 00 00
17:10:22.535  CAN1  292       [8]  6D 50 00 00 00 00 00 00
17:10:22.535  CAN1  660       [8]  01 00 00 00 00 99 00 00
17:10:22.535  CAN1  661       [8]  00 59 00 A7 00 00 00 00
17:10:22.535  CAN1  662       [8]  00 00 00 00 00 00 00 00
17:10:22.535  CAN1  710       [8]  08 C0 8C 5D C3 84 00 80
17:10:22.535  CAN1  256       [8]  52 10 00 61 25 2B A9 44
17:10:22.535  CAN1  312       [8]  10 00 00 7A C0 00 00 00
17:10:22.535  CAN1  313       [8]  7D 02 04 02 3F D1 3E 80
17:10:22.535  CAN1  317       [8]  60 E0 F8 B5 2E E3 E8 00
17:10:22.535  CAN1  1AE       [8]  2A 50 00 01 0F FF 7F F8
17:10:22.535  CAN1  135       [8]  C7 20 1C FD 00 00 00 00
17:10:22.535  CAN1  205       [8]  FB 55 55 7F F9 18 00 CB
17:10:22.535  CAN1  23A       [8]  B0 50 00 00 00 00 00 00
17:10:22.535  CAN1  323       [8]  0F 65 14 00 7D 03 E8 01
17:10:22.535  CAN1  324       [8]  00 00 00 00 00 00 01 00
17:10:22.535  CAN1  1F4       [8]  A0 06 13 00 00 00 00 06
17:10:22.535  CAN1  338       [8]  00 28 5D C0 FF 00 02 00
17:10:22.535  CAN1  2C7       [8]  1E 00 00 00 00 00 00 0B
17:10:22.535  CAN1  10C       [8]  06 41 90 81 8F 19 00 00
17:10:22.535  CAN1  117       [8]  42 40 00 00 57 00 00 27
17:10:22.535  CAN1  11B       [8]  CC 40 54 E3 20 08 54 E1
17:10:22.535  CAN1  10F       [8]  00 00 00 00 00 00 00 00
17:10:22.535  CAN1  121       [8]  51 40 2A A9 6A 8A AA 00
17:10:22.535  CAN1  124       [8]  5E 40 00 15 55 2A A8 00
17:10:22.535  CAN1  14E       [8]  E2 65 50 55 13 10 00 00
17:10:22.535  CAN1  272       [8]  E9 60 18 07 00 AE 42 A8
17:10:22.535  CAN1  28E       [8]  2E 61 BF 01 31 80 00 00
17:10:22.535  CAN1  292       [8]  BB 60 00 00 00 00 00 00
17:10:22.535  CAN1  660       [8]  01 00 00 00 00 99 00 00
17:10:22.535  CAN1  661       [8]  00 59 00 A7 00 00 00 00
17:10:22.535  CAN1  662       [8]  00 00 00 00 00 00 00 00
17:10:22.535  CAN1  710       [8]  08 C0 8C 5D C3 83 C0 80
17:10:22.548  CAN1  1AE       [8]  1A 60 00 01 0F FF 7F F8
17:10:22.548  CAN1  205       [8]  EB 65 55 7F F9 18 00 CB
17:10:22.548  CAN1  23A       [8]  A0 60 00 00 00 00 00 00
17:10:22.548  CAN1  135       [8]  C6 21 1C FD 00 00 00 00
17:10:22.548  CAN1  225       [8]  3E 38 FF 00 00 0D 8E F0
17:10:22.548  CAN1  32A       [8]  26 AA 30 00 00 00 00 00
17:10:22.548  CAN1  1F4       [8]  A0 06 13 00 00 00 00 06
17:10:22.548  CAN1  2AA       [8]  00 00 00 05 05 09 09 00
17:10:22.548  CAN1  2C7       [8]  1E 00 00 00 00 00 00 0C
17:10:22.548  CAN1  10C       [8]  F6 51 90 81 8F 19 00 00
17:10:22.548  CAN1  117       [8]  52 40 00 00 57 00 00 17
17:10:22.548  CAN1  11B       [8]  75 50 54 E3 20 08 54 E1
17:10:22.548  CAN1  121       [8]  E8 50 2A A9 6A 8A AA 00
17:10:22.548  CAN1  124       [8]  E7 50 00 15 55 2A A8 00
17:10:22.548  CAN1  14E       [8]  5B 75 50 55 13 10 00 00
17:10:22.548  CAN1  15E       [8]  D5 30 80 00 50 10 00 00
17:10:22.548  CAN1  272       [8]  D9 70 18 07 00 AE 42 A8
17:10:22.548  CAN1  28E       [8]  1E 71 BF 01 31 80 00 00
17:10:22.548  CAN1  292       [8]  02 70 00 00 00 00 00 00
17:10:22.548  CAN1  660       [8]  01 00 00 00 00 99 00 00
17:10:22.548  CAN1  661       [8]  00 59 00 A7 00 00 00 00
17:10:22.548  CAN1  662       [8]  00 00 00 00 00 00 00 00
17:10:22.548  CAN1  710       [8]  08 C0 8C 5D C3 84 40 80
17:10:22.548  CAN1  1AE       [8]  0A 70 00 01 0F FF 7F F8
17:10:22.548  CAN1  205       [8]  DB 75 55 7F F9 18 00 CB
17:10:22.548  CAN1  23A       [8]  90 70 00 00 00 00 00 00
17:10:22.548  CAN1  135       [8]  C5 22 1C FD 00 00 00 00
17:10:22.548  CAN1  1F4       [8]  A0 06 13 00 00 00 00 06
17:10:22.548  CAN1  2C7       [8]  1E 00 00 00 00 00 00 0D
17:10:22.548  CAN1  10C       [8]  E6 61 90 81 8F 19 00 00
17:10:22.548  CAN1  117       [8]  62 40 00 00 57 00 00 07
17:10:22.548  CAN1  11B       [8]  A3 60 54 E3 20 08 54 E1
17:10:22.564  CAN1  10F       [8]  00 00 00 00 00 00 00 00
17:10:22.564  CAN1  121       [8]  3E 60 2A A9 6A 8A AA 00
17:10:22.564  CAN1  124       [8]  31 60 00 15 55 2A A8 00
17:10:22.564  CAN1  14E       [8]  F2 85 50 55 13 10 00 00
17:10:22.564  CAN1  272       [8]  C9 80 18 07 00 AE 42 A8
17:10:22.564  CAN1  28E       [8]  0E 81 BF 01 31 80 00 00
17:10:22.564  CAN1  292       [8]  AB 80 00 00 00 00 00 00
17:10:22.564  CAN1  2B2       [8]  A2 90 00 00 41 00 90 41
17:10:22.564  CAN1  660       [8]  01 00 00 00 00 99 00 00
17:10:22.564  CAN1  661       [8]  00 59 00 A7 00 00 00 00
17:10:22.564  CAN1  662       [8]  00 00 00 00 00 00 00 00
17:10:22.564  CAN1  710       [8]  08 C0 8C 5D C3 84 00 80
17:10:22.564  CAN1  1AE       [8]  FA 80 00 01 0F FF 7F F8
17:10:22.564  CAN1  205       [8]  CB 85 55 7F F9 18 00 CB
17:10:22.564  CAN1  23A       [8]  80 80 00 00 00 00 00 00
17:10:22.564  CAN1  135       [8]  C4 23 1C FD 00 00 00 00
17:10:22.564  CAN1  225       [8]  2E 48 FF 00 00 0D 8E F0
17:10:22.564  CAN1  2A3       [8]  01 FF FF 00 00 00 00 00
17:10:22.564  CAN1  32A       [8]  16 AA 40 00 00 00 00 00
17:10:22.564  CAN1  1F4       [8]  A0 06 13 00 00 00 00 06
17:10:22.564  CAN1  2AA       [8]  00 00 00 05 05 09 0A 03
17:10:22.564  CAN1  2C7       [8]  1E 00 00 00 00 00 00 0E
17:10:22.564  CAN1  10C       [8]  D6 71 90 81 8F 19 00 00
17:10:22.564  CAN1  117       [8]  72 40 00 00 57 00 00 F7
17:10:22.564  CAN1  11B       [8]  1A 70 54 E3 20 08 54 E1
17:10:22.564  CAN1  121       [8]  87 70 2A A9 6A 8A AA 00
17:10:22.564  CAN1  124       [8]  88 70 00 15 55 2A A8 00
17:10:22.564  CAN1  14E       [8]  4B 95 50 55 13 10 00 00
17:10:22.564  CAN1  07D       [8]  4B A0 15 00 00 00 00 00
17:10:22.564  CAN1  15E       [8]  DD 40 80 00 50 10 00 00
17:10:22.564  CAN1  272       [8]  B9 90 18 07 00 AE 42 A8
17:10:22.564  CAN1  28E       [8]  FE 91 BF 01 31 80 00 00
17:10:22.576  CAN1  292       [8]  12 90 00 00 00 00 00 00
17:10:22.576  CAN1  660       [8]  01 00 00 00 00 99 00 00
17:10:22.576  CAN1  661       [8]  00 59 00 A7 00 00 00 00
17:10:22.576  CAN1  662       [8]  00 00 00 00 00 00 00 00
17:10:22.576  CAN1  710       [8]  08 C0 8C 5D C3 84 80 80
17:10:22.576  CAN1  1AE       [8]  EA 90 00 01 0F FF 7F F8
17:10:22.576  CAN1  205       [8]  BC 95 55 7F F9 18 00 CA
17:10:22.576  CAN1  135       [8]  C3 24 1C FD 00 00 00 00
17:10:22.576  CAN1  23A       [8]  70 90 00 00 00 00 00 00
17:10:22.576  CAN1  1F4       [8]  A0 06 13 00 00 00 00 06
17:10:22.576  CAN1  2C7       [8]  1E 00 00 00 00 00 00 0F
17:10:22.576  CAN1  10C       [8]  C6 81 90 81 8F 19 00 00
17:10:22.576  CAN1  117       [8]  82 40 00 00 57 00 00 E7
17:10:22.576  CAN1  11B       [8]  B3 80 54 E3 20 08 54 E1
17:10:22.576  CAN1  10F       [8]  00 00 00 00 00 00 00 00
17:10:22.576  CAN1  121       [8]  2E 80 2A A9 6A 8A AA 00
17:10:22.576  CAN1  124       [8]  21 80 00 15 55 2A A8 00
17:10:22.576  CAN1  14E       [8]  9D A5 50 55 13 10 00 00
17:10:22.576  CAN1  272       [8]  A9 A0 18 07 00 AE 42 A8
17:10:22.576  CAN1  28E       [8]  EE A1 BF 01 31 80 00 00
17:10:22.576  CAN1  292       [8]  C4 A0 00 00 00 00 00 00
17:10:22.576  CAN1  660       [8]  01 00 00 00 00 99 00 00
17:10:22.576  CAN1  661       [8]  00 59 00 A7 00 00 00 00
17:10:22.576  CAN1  662       [8]  00 00 00 00 00 00 00 00
17:10:22.576  CAN1  710       [8]  08 C0 8C 5D C3 84 40 80
17:10:22.576  CAN1  1AE       [8]  DA A0 00 01 0F FF 7F F8
17:10:22.576  CAN1  205       [8]  AC A5 55 7F F9 18 00 CA
17:10:22.576  CAN1  23A       [8]  60 A0 00 00 00 00 00 00
17:10:22.576  CAN1  135       [8]  C2 25 1C FD 00 00 00 00
17:10:22.576  CAN1  225       [8]  1E 58 FF 00 00 0D 8E F0
17:10:22.576  CAN1  32A       [8]  06 AA 50 00 00 00 00 00
17:10:22.576  CAN1  1F4       [8]  A0 06 13 00 00 00 00 06
17:10:22.592  CAN1  2C7       [8]  1E 00 00 00 00 00 00 00
17:10:22.592  CAN1  2AA       [8]  00 00 00 05 05 09 0B 02
17:10:22.592  CAN1  10C       [8]  B6 91 90 81 8F 19 00 00
17:10:22.592  CAN1  117       [8]  92 40 00 00 57 00 00 D7
17:10:22.592  CAN1  11B       [8]  0A 90 54 E3 20 08 54 E1
17:10:22.592  CAN1  121       [8]  97 90 2A A9 6A 8A AA 00
17:10:22.592  CAN1  124       [8]  98 90 00 15 55 2A A8 00
17:10:22.592  CAN1  14E       [8]  24 B5 50 55 13 10 00 00
17:10:22.592  CAN1  15E       [8]  64 50 80 00 50 10 00 00
17:10:22.592  CAN1  272       [8]  99 B0 18 07 00 AE 42 A8
17:10:22.592  CAN1  28E       [8]  DE B1 BF 01 31 80 00 00
17:10:22.592  CAN1  292       [8]  7D B0 00 00 00 00 00 00
17:10:22.592  CAN1  660       [8]  01 00 00 00 00 99 00 00
17:10:22.592  CAN1  661       [8]  00 59 00 A7 00 00 00 00
17:10:22.592  CAN1  662       [8]  00 00 00 00 00 00 00 00
17:10:22.592  CAN1  710       [8]  08 C0 8C 5D C3 84 40 80
17:10:22.592  CAN1  1AE       [8]  CA B0 00 01 0F FF 7F F8
17:10:22.592  CAN1  205       [8]  9B B5 55 7F F9 18 00 CB
17:10:22.592  CAN1  23A       [8]  50 B0 00 00 00 00 00 00
17:10:22.592  CAN1  135       [8]  C1 26 1C FD 00 00 00 00
17:10:22.592  CAN1  1F4       [8]  A0 06 13 00 00 00 00 06
17:10:22.592  CAN1  2C7       [8]  1E 00 00 00 00 00 00 01
17:10:22.592  CAN1  10C       [8]  A6 A1 90 81 8F 19 00 00
17:10:22.592  CAN1  117       [8]  A2 40 00 00 57 00 00 C7
17:10:22.592  CAN1  11B       [8]  DC A0 54 E3 20 08 54 E1
17:10:22.592  CAN1  10F       [8]  00 00 00 00 00 00 00 00
17:10:22.592  CAN1  121       [8]  41 A0 2A A9 6A 8A AA 00
17:10:22.592  CAN1  124       [8]  4E A0 00 15 55 2A A8 00
17:10:22.592  CAN1  14E       [8]  2C C5 50 55 13 10 00 00
17:10:22.592  CAN1  272       [8]  89 C0 18 07 00 AE 42 A8
17:10:22.592  CAN1  28E       [8]  CE C1 BF 01 31 80 00 00
17:10:22.592  CAN1  292       [8]  75 C0 00 00 00 00 00 00
17:10:22.605  CAN1  660       [8]  01 00 00 00 00 99 00 00
17:10:22.605  CAN1  661       [8]  00 59 00 A7 00 00 00 00
17:10:22.605  CAN1  662       [8]  00 00 00 00 00 00 00 00
17:10:22.605  CAN1  710       [8]  08 C0 8C 5D C3 83 C0 80
17:10:22.605  CAN1  1AE       [8]  BA C0 00 01 0F FF 7F F8
17:10:22.605  CAN1  205       [8]  8B C5 55 7F F9 18 00 CB
17:10:22.605  CAN1  23A       [8]  40 C0 00 00 00 00 00 00
17:10:22.605  CAN1  135       [8]  C0 27 1C FD 00 00 00 00
17:10:22.605  CAN1  225       [8]  0E 68 FF 00 00 0D 8E F0
17:10:22.605  CAN1  32A       [8]  F6 AA 60 00 00 00 00 00
17:10:22.605  CAN1  1F4       [8]  A0 06 13 00 00 00 00 06
17:10:22.605  CAN1  2C7       [8]  1E 00 00 00 00 00 00 02
17:10:22.605  CAN1  2AA       [8]  00 00 00 05 05 09 0C 05
17:10:22.605  CAN1  10C       [8]  96 B1 90 81 8F 19 00 00
17:10:22.605  CAN1  117       [8]  B2 40 00 00 57 00 00 B7
17:10:22.605  CAN1  11B       [8]  65 B0 54 E3 20 08 54 E1
17:10:22.605  CAN1  121       [8]  F8 B0 2A A9 6A 8A AA 00
17:10:22.605  CAN1  124       [8]  F7 B0 00 15 55 2A A8 00
17:10:22.605  CAN1  14E       [8]  95 D5 50 55 13 10 00 00
17:10:22.605  CAN1  15E       [8]  B2 60 80 00 50 10 00 00
17:10:22.605  CAN1  272       [8]  79 D0 18 07 00 AE 42 A8
17:10:22.605  CAN1  28E       [8]  BE D1 BF 01 31 80 00 00
17:10:22.605  CAN1  292       [8]  CC D0 00 00 00 00 00 00
17:10:22.605  CAN1  660       [8]  01 00 00 00 00 99 00 00
17:10:22.605  CAN1  661       [8]  00 59 00 A7 00 00 00 00
17:10:22.605  CAN1  662       [8]  00 00 00 00 00 00 00 00
17:10:22.605  CAN1  710       [8]  08 C0 8C 5D C3 83 80 80
17:10:22.605  CAN1  1AE       [8]  AA D0 00 01 0F FF 7F F8
17:10:22.605  CAN1  205       [8]  7C D5 55 7F F9 18 00 CA
17:10:22.605  CAN1  135       [8]  BF 28 1C FD 00 00 00 00
17:10:22.605  CAN1  23A       [8]  30 D0 00 00 00 00 00 00
17:10:22.605  CAN1  2A3       [8]  01 FF FF 00 00 00 00 00
17:10:22.618  CAN1  1F4       [8]  A0 06 13 00 00 00 00 06
17:10:22.618  CAN1  2C7       [8]  1E 00 00 00 00 00 00 03
17:10:22.618  CAN1  10C       [8]  86 C1 90 81 8F 19 00 00
17:10:22.618  CAN1  117       [8]  C2 40 00 00 57 00 00 A7
17:10:22.618  CAN1  11B       [8]  6D C0 54 E3 20 08 54 E1
17:10:22.618  CAN1  10F       [8]  00 00 00 00 00 00 00 00
17:10:22.618  CAN1  121       [8]  F0 C0 2A A9 6A 8A AA 00
17:10:22.618  CAN1  124       [8]  FF C0 00 15 55 2A A8 00
17:10:22.618  CAN1  14E       [8]  43 E5 50 55 13 10 00 00
17:10:22.618  CAN1  272       [8]  69 E0 18 07 00 AE 42 A8
17:10:22.618  CAN1  28E       [8]  AE E1 BF 01 31 80 00 00
17:10:22.618  CAN1  292       [8]  1A E0 00 00 00 00 00 00
17:10:22.618  CAN1  3A7       [8]  01 00 4D 41 00 00 00 00
17:10:22.618  CAN1  660       [8]  01 00 00 00 00 99 00 00
17:10:22.618  CAN1  661       [8]  00 59 00 A7 00 00 00 00
17:10:22.618  CAN1  662       [8]  00 00 00 00 00 00 00 00
17:10:22.618  CAN1  710       [8]  08 C0 8C 5D C3 84 40 80
17:10:22.618  CAN1  1AE       [8]  9A E0 00 01 0F FF 7F F8
17:10:22.618  CAN1  205       [8]  6C E5 55 7F F9 18 00 CA
17:10:22.618  CAN1  23A       [8]  20 E0 00 00 00 00 00 00
17:10:22.618  CAN1  135       [8]  BE 29 1C FD 00 00 00 00
17:10:22.618  CAN1  225       [8]  FE 78 FF 00 00 0D 8E F0
17:10:22.618  CAN1  32A       [8]  E6 AA 70 00 00 00 00 00
17:10:22.618  CAN1  1F4       [8]  A0 06 13 00 00 00 00 06
17:10:22.618  CAN1  2C7       [8]  1E 00 00 00 00 00 00 04
17:10:22.618  CAN1  2AA       [8]  00 00 00 05 05 09 0D 04
17:10:22.618  CAN1  10C       [8]  76 D1 90 81 8F 19 00 00
17:10:22.618  CAN1  117       [8]  D2 40 00 00 57 00 00 97
17:10:22.618  CAN1  11B       [8]  D4 D0 54 E3 20 08 54 E1
17:10:22.618  CAN1  121       [8]  49 D0 2A A9 6A 8A AA 00
17:10:22.618  CAN1  124       [8]  46 D0 00 15 55 2A A8 00
17:10:22.618  CAN1  14E       [8]  FA F5 50 55 13 10 00 00
17:10:22.635  CAN1  15E       [8]  0B 70 80 00 50 10 00 00
17:10:22.635  CAN1  272       [8]  59 F0 18 07 00 AE 42 A8
17:10:22.635  CAN1  28E       [8]  9E F1 BF 01 31 80 00 00
17:10:22.635  CAN1  292       [8]  A3 F0 00 00 00 00 00 00
17:10:22.635  CAN1  660       [8]  01 00 00 00 00 99 00 00
17:10:22.635  CAN1  661       [8]  00 59 00 A7 00 00 00 00
17:10:22.635  CAN1  662       [8]  00 00 00 00 00 00 00 00
17:10:22.635  CAN1  710       [8]  08 C0 8C 5D C3 84 40 60
17:10:22.635  CAN1  256       [8]  51 10 00 61 25 2B AA 44
17:10:22.635  CAN1  312       [8]  10 00 00 7A C0 00 00 00
17:10:22.635  CAN1  313       [8]  7D 02 04 02 3F D1 3E 80
17:10:22.635  CAN1  317       [8]  60 E0 F8 B5 2E E3 E8 00
17:10:22.635  CAN1  1AE       [8]  8A F0 00 01 0F FF 7F F8
17:10:22.635  CAN1  135       [8]  BD 2A 1C FD 00 00 00 00
17:10:22.635  CAN1  205       [8]  5C F5 55 7F F9 18 00 CA
17:10:22.635  CAN1  23A       [8]  10 F0 00 00 00 00 00 00
17:10:22.635  CAN1  323       [8]  0F 65 14 00 7D 03 E8 01
17:10:22.635  CAN1  324       [8]  00 00 00 00 00 00 01 00
17:10:22.635  CAN1  1F4       [8]  A0 06 13 00 00 00 00 06
17:10:22.635  CAN1  338       [8]  00 28 5D C0 FF 00 02 00
17:10:22.635  CAN1  2C7       [8]  1E 00 00 00 00 00 00 05
17:10:22.635  CAN1  10C       [8]  66 E1 90 81 8F 19 00 00
17:10:22.635  CAN1  117       [8]  E2 40 00 00 57 00 00 87
17:10:22.635  CAN1  11B       [8]  02 E0 54 E3 20 08 54 E1
17:10:22.635  CAN1  10F       [8]  00 00 00 00 00 00 00 00
17:10:22.635  CAN1  121       [8]  9F E0 2A A9 6A 8A AA 00
17:10:22.635  CAN1  124       [8]  90 E0 00 15 55 2A A8 00
17:10:22.635  CAN1  14E       [8]  53 05 50 55 13 10 00 00
17:10:22.635  CAN1  272       [8]  49 00 18 07 00 AE 42 A8
17:10:22.635  CAN1  28E       [8]  8E 01 BF 01 31 80 00 00
17:10:22.635  CAN1  292       [8]  0A 00 00 00 00 00 00 00
17:10:22.635  CAN1  660       [8]  01 00 00 00 00 99 00 00
17:10:22.647  CAN1  661       [8]  00 59 00 A7 00 00 00 00
17:10:22.647  CAN1  662       [8]  00 00 00 00 00 00 00 00
17:10:22.647  CAN1  710       [8]  08 C0 8C 5D C3 84 40 70
17:10:22.647  CAN1  1AE       [8]  7A 00 00 01 0F FF 7F F8
17:10:22.647  CAN1  205       [8]  4C 05 55 7F F9 18 00 CA
17:10:22.647  CAN1  23A       [8]  00 00 00 00 00 00 00 00
17:10:22.647  CAN1  135       [8]  BC 2B 1C FD 00 00 00 00
17:10:22.647  CAN1  225       [8]  EE 88 FF 00 00 0D 8E F0
17:10:22.647  CAN1  32A       [8]  D6 AA 80 00 00 00 00 00
17:10:22.647  CAN1  1F4       [8]  A0 06 13 00 00 00 00 06
17:10:22.647  CAN1  2C7       [8]  1E 00 00 00 00 00 00 06
17:10:22.647  CAN1  2AA       [8]  00 00 00 05 05 09 0E 07
17:10:22.647  CAN1  10C       [8]  56 F1 90 81 8F 19 00 00
17:10:22.647  CAN1  117       [8]  F2 40 00 00 57 00 00 77
17:10:22.647  CAN1  11B       [8]  BB F0 54 E3 20 08 54 E1
17:10:22.647  CAN1  121       [8]  26 F0 2A A9 6A 8A AA 00
17:10:22.647  CAN1  124       [8]  29 F0 00 15 55 2A A8 00
17:10:22.647  CAN1  14E       [8]  EA 15 50 55 13 10 00 00
17:10:22.647  CAN1  15E       [8]  03 00 80 00 50 10 00 00
17:10:22.647  CAN1  272       [8]  39 10 18 07 00 AE 42 A8
17:10:22.647  CAN1  28E       [8]  7E 11 BF 01 31 80 00 00
17:10:22.647  CAN1  292       [8]  B3 10 00 00 00 00 00 00
17:10:22.647  CAN1  660       [8]  01 00 00 00 00 99 00 00
17:10:22.647  CAN1  661       [8]  00 59 00 A7 00 00 00 00
17:10:22.647  CAN1  662       [8]  00 00 00 00 00 00 00 00
17:10:22.647  CAN1  710       [8]  08 C0 8C 5D C3 84 00 80
17:10:22.647  CAN1  1AE       [8]  6A 10 00 01 0F FF 7F F8
17:10:22.647  CAN1  205       [8]  3B 15 55 7F F9 18 00 CB
17:10:22.647  CAN1  23A       [8]  F0 10 00 00 00 00 00 00
17:10:22.647  CAN1  135       [8]  BB 2C 1C FD 00 00 00 00
17:10:22.647  CAN1  1F4       [8]  A0 06 13 00 00 00 00 06
17:10:22.647  CAN1  2C7       [8]  1E 00 00 00 00 00 00 07
17:10:22.662  CAN1  10C       [8]  46 01 90 81 8F 19 00 00
17:10:22.662  CAN1  117       [8]  02 40 00 00 57 00 00 67
17:10:22.662  CAN1  11B       [8]  12 00 54 E3 20 08 54 E1
17:10:22.662  CAN1  10F       [8]  00 00 00 00 00 00 00 00
17:10:22.662  CAN1  121       [8]  8F 00 2A A9 6A 8A AA 00
17:10:22.662  CAN1  124       [8]  80 00 00 15 55 2A A8 00
17:10:22.662  CAN1  14E       [8]  3C 25 50 55 13 10 00 00
17:10:22.662  CAN1  272       [8]  29 20 18 07 00 AE 42 A8
17:10:22.662  CAN1  28E       [8]  6E 21 BF 01 31 80 00 00
17:10:22.662  CAN1  292       [8]  65 20 00 00 00 00 00 00
17:10:22.662  CAN1  2B2       [8]  B2 A0 00 00 41 00 90 41
17:10:22.662  CAN1  660       [8]  01 00 00 00 00 99 00 00
17:10:22.662  CAN1  661       [8]  00 59 00 A7 00 00 00 00
17:10:22.662  CAN1  662       [8]  00 00 00 00 00 00 00 00
17:10:22.662  CAN1  710       [8]  08 C0 8C 5D C3 84 40 80
17:10:22.662  CAN1  1AE       [8]  5A 20 00 01 0F FF 7F F8
17:10:22.662  CAN1  205       [8]  2B 25 55 7F F9 18 00 CB
17:10:22.662  CAN1  23A       [8]  E0 20 00 00 00 00 00 00
17:10:22.662  CAN1  135       [8]  BA 2D 1C FD 00 00 00 00
17:10:22.662  CAN1  225       [8]  DE 98 FF 00 00 0D 8E F0
17:10:22.662  CAN1  2A3       [8]  01 FF FF 00 00 00 00 00
17:10:22.662  CAN1  32A       [8]  C6 AA 90 00 00 00 00 00
17:10:22.662  CAN1  1F4       [8]  A0 06 13 00 00 00 00 06
17:10:22.662  CAN1  2C7       [8]  1E 00 00 00 00 00 00 08
17:10:22.662  CAN1  2AA       [8]  00 00 00 05 05 09 0F 06
17:10:22.662  CAN1  10C       [8]  36 11 90 81 8F 19 00 00
17:10:22.662  CAN1  117       [8]  12 40 00 00 57 00 00 57
17:10:22.662  CAN1  11B       [8]  AB 10 54 E3 20 08 54 E1
17:10:22.662  CAN1  121       [8]  36 10 2A A9 6A 8A AA 00
17:10:22.662  CAN1  124       [8]  39 10 00 15 55 2A A8 00
17:10:22.662  CAN1  07D       [8]  3B B0 15 00 00 00 00 00
17:10:22.662  CAN1  14E       [8]  85 35 50 55 13 10 00 00
17:10:22.675  CAN1  15E       [8]  BA 10 80 00 50 10 00 00
17:10:22.675  CAN1  272       [8]  19 30 18 07 00 AE 42 A8
17:10:22.675  CAN1  28E       [8]  5E 31 BF 01 31 80 00 00
17:10:22.675  CAN1  292       [8]  DC 30 00 00 00 00 00 00
17:10:22.675  CAN1  660       [8]  01 00 00 00 00 99 00 00
17:10:22.675  CAN1  661       [8]  00 59 00 A7 00 00 00 00
17:10:22.675  CAN1  662       [8]  00 00 00 00 00 00 00 00
17:10:22.675  CAN1  710       [8]  08 C0 8C 5D C3 84 00 80
17:10:22.675  CAN1  1AE       [8]  4A 30 00 01 0F FF 7F F8
17:10:22.675  CAN1  205       [8]  1B 35 55 7F F9 18 00 CB
17:10:22.675  CAN1  23A       [8]  D0 30 00 00 00 00 00 00
17:10:22.675  CAN1  135       [8]  B9 2E 1C FD 00 00 00 00
17:10:22.675  CAN1  1F4       [8]  A0 06 13 00 00 00 00 06
17:10:22.675  CAN1  2C7       [8]  1E 00 00 00 00 00 00 09
17:10:22.675  CAN1  10C       [8]  26 21 90 81 8F 19 00 00
17:10:22.675  CAN1  117       [8]  22 40 00 00 57 00 00 47
17:10:22.675  CAN1  11B       [8]  7D 20 54 E3 20 08 54 E1
17:10:22.675  CAN1  10F       [8]  00 00 00 00 00 00 00 00
17:10:22.675  CAN1  121       [8]  E0 20 2A A9 6A 8A AA 00
17:10:22.675  CAN1  124       [8]  EF 20 00 15 55 2A A8 00
17:10:22.675  CAN1  14E       [8]  8D 45 50 55 13 10 00 00
17:10:22.675  CAN1  272       [8]  09 40 18 07 00 AE 42 A8
17:10:22.675  CAN1  28E       [8]  4E 41 BF 01 31 80 00 00
17:10:22.675  CAN1  292       [8]  D4 40 00 00 00 00 00 00
17:10:22.675  CAN1  660       [8]  01 00 00 00 00 99 00 00
17:10:22.675  CAN1  661       [8]  00 59 00 A7 00 00 00 00
17:10:22.675  CAN1  662       [8]  00 00 00 00 00 00 00 00
17:10:22.675  CAN1  710       [8]  08 C0 8C 5D C3 84 40 80
17:10:22.675  CAN1  1AE       [8]  3A 40 00 01 0F FF 7F F8
17:10:22.675  CAN1  205       [8]  0B 45 55 7F F9 18 00 CB
17:10:22.675  CAN1  23A       [8]  C0 40 00 00 00 00 00 00
17:10:22.675  CAN1  135       [8]  B8 2F 1C FD 00 00 00 00
17:10:22.688  CAN1  225       [8]  CE A8 FF 00 00 0D 8E F0
17:10:22.688  CAN1  32A       [8]  B6 AA A0 00 00 00 00 00
17:10:22.688  CAN1  1F4       [8]  A0 06 13 00 00 00 00 06
17:10:22.688  CAN1  2C7       [8]  1E 00 00 00 00 00 00 0A
17:10:22.688  CAN1  2AA       [8]  00 00 00 05 05 09 00 09
17:10:22.688  CAN1  10C       [8]  16 31 90 81 8F 19 00 00
17:10:22.688  CAN1  117       [8]  32 40 00 00 57 00 00 37
17:10:22.688  CAN1  11B       [8]  C4 30 54 E3 20 08 54 E1
17:10:22.688  CAN1  121       [8]  59 30 2A A9 6A 8A AA 00
17:10:22.688  CAN1  124       [8]  56 30 00 15 55 2A A8 00
17:10:22.688  CAN1  14E       [8]  34 55 50 55 13 10 00 00
17:10:22.688  CAN1  15E       [8]  6C 20 80 00 50 10 00 00
17:10:22.688  CAN1  272       [8]  F9 50 18 07 00 AE 42 A8
17:10:22.688  CAN1  28E       [8]  3E 51 BF 01 31 80 00 00
17:10:22.688  CAN1  292       [8]  6D 50 00 00 00 00 00 00
17:10:22.688  CAN1  660       [8]  01 00 00 00 00 99 00 00
17:10:22.688  CAN1  661       [8]  00 59 00 A7 00 00 00 00
17:10:22.688  CAN1  662       [8]  00 00 00 00 00 00 00 00
17:10:22.688  CAN1  710       [8]  08 C0 8C 5D C3 84 00 80
17:10:22.688  CAN1  1AE       [8]  2A 50 00 01 0F FF 7F F8
17:10:22.688  CAN1  205       [8]  FD 55 55 7F F9 18 00 C9
17:10:22.688  CAN1  23A       [8]  B0 50 00 00 00 00 00 00
17:10:22.688  CAN1  135       [8]  C7 20 1C FD 00 00 00 00
17:10:22.688  CAN1  1F4       [8]  A0 06 13 00 00 00 00 06
17:10:22.688  CAN1  2C7       [8]  1E 00 00 00 00 00 00 0B
17:10:22.688  CAN1  10C       [8]  06 41 90 81 8F 19 00 00
17:10:22.688  CAN1  117       [8]  42 40 00 00 57 00 00 27
17:10:22.688  CAN1  11B       [8]  CC 40 54 E3 20 08 54 E1
17:10:22.688  CAN1  10F       [8]  00 00 00 00 00 00 00 00
17:10:22.688  CAN1  121       [8]  51 40 2A A9 6A 8A AA 00
17:10:22.688  CAN1  124       [8]  5E 40 00 15 55 2A A8 00
17:10:22.688  CAN1  14E       [8]  E2 65 50 55 13 10 00 00
17:10:22.702  CAN1  272       [8]  E9 60 18 07 00 AE 42 A8
17:10:22.702  CAN1  28E       [8]  2E 61 BF 01 31 80 00 00
17:10:22.702  CAN1  292       [8]  BB 60 00 00 00 00 00 00
17:10:22.702  CAN1  660       [8]  01 00 00 00 00 99 00 00
17:10:22.702  CAN1  661       [8]  00 59 00 A7 00 00 00 00
17:10:22.702  CAN1  662       [8]  00 00 00 00 00 00 00 00
17:10:22.702  CAN1  710       [8]  08 C0 8C 5D C3 84 00 80
17:10:22.702  CAN1  1AE       [8]  1A 60 00 01 0F FF 7F F8
17:10:22.702  CAN1  205       [8]  ED 65 55 7F F9 18 00 C9
17:10:22.702  CAN1  23A       [8]  A0 60 00 00 00 00 00 00
17:10:22.702  CAN1  135       [8]  C6 21 1C FD 00 00 00 00
17:10:22.702  CAN1  225       [8]  BE B8 FF 00 00 0D 8E F0
17:10:22.702  CAN1  32A       [8]  A6 AA B0 00 00 00 00 00
17:10:22.702  CAN1  1F4       [8]  A0 06 13 00 00 00 00 06
17:10:22.702  CAN1  2C7       [8]  1E 00 00 00 00 00 00 0C
17:10:22.702  CAN1  2AA       [8]  00 00 00 05 05 09 01 08
17:10:22.702  CAN1  10C       [8]  F6 51 90 81 8F 19 00 00
17:10:22.702  CAN1  117       [8]  52 40 00 00 57 00 00 17
17:10:22.702  CAN1  11B       [8]  75 50 54 E3 20 08 54 E1
17:10:22.702  CAN1  121       [8]  E8 50 2A A9 6A 8A AA 00
17:10:22.702  CAN1  124       [8]  E7 50 00 15 55 2A A8 00
17:10:22.702  CAN1  14E       [8]  5B 75 50 55 13 10 00 00
17:10:22.702  CAN1  15E       [8]  D5 30 80 00 50 10 00 00
17:10:22.702  CAN1  272       [8]  D9 70 18 07 00 AE 42 A8
17:10:22.702  CAN1  28E       [8]  1E 71 BF 01 31 80 00 00
17:10:22.702  CAN1  292       [8]  02 70 00 00 00 00 00 00
17:10:22.702  CAN1  660       [8]  01 00 00 00 00 99 00 00
17:10:22.702  CAN1  661       [8]  00 59 00 A7 00 00 00 00
17:10:22.702  CAN1  662       [8]  00 00 00 00 00 00 00 00
17:10:22.702  CAN1  710       [8]  08 C0 8C 5D C3 83 C0 80
17:10:22.702  CAN1  1AE       [8]  0A 70 00 01 0F FF 7F F8
17:10:22.702  CAN1  205       [8]  DD 75 55 7F F9 18 00 C9
17:10:22.727  CAN1  23A       [8]  90 70 00 00 00 00 00 00
17:10:22.727  CAN1  135       [8]  C5 22 1C FD 00 00 00 00
17:10:22.727  CAN1  2A3       [8]  01 FF FF 00 00 00 00 00
17:10:22.727  CAN1  1F4       [8]  A0 06 13 00 00 00 00 06
17:10:22.727  CAN1  2C7       [8]  1E 00 00 00 00 00 00 0D
17:10:22.727  CAN1  10C       [8]  E6 61 90 81 8F 19 00 00
17:10:22.727  CAN1  117       [8]  62 40 00 00 57 00 00 07
17:10:22.727  CAN1  11B       [8]  A3 60 54 E3 20 08 54 E1
17:10:22.727  CAN1  10F       [8]  00 00 00 00 00 00 00 00
17:10:22.727  CAN1  121       [8]  3E 60 2A A9 6A 8A AA 00
17:10:22.727  CAN1  124       [8]  31 60 00 15 55 2A A8 00
17:10:22.727  CAN1  14E       [8]  F2 85 50 55 13 10 00 00
17:10:22.727  CAN1  272       [8]  C9 80 18 07 00 AE 42 A8
17:10:22.727  CAN1  28E       [8]  0E 81 BF 01 31 80 00 00
17:10:22.727  CAN1  292       [8]  AB 80 00 00 00 00 00 00
17:10:22.727  CAN1  660       [8]  01 00 00 00 00 99 00 00
17:10:22.727  CAN1  661       [8]  00 59 00 A7 00 00 00 00
17:10:22.727  CAN1  662       [8]  00 00 00 00 00 00 00 00
17:10:22.727  CAN1  710       [8]  08 C0 8C 5D C3 83 C0 80
17:10:22.727  CAN1  1AE       [8]  FA 80 00 01 0F FF 7F F8
17:10:22.727  CAN1  205       [8]  CD 85 55 7F F9 18 00 C9
17:10:22.727  CAN1  23A       [8]  80 80 00 00 00 00 00 00
17:10:22.727  CAN1  135       [8]  C4 23 1C FD 00 00 00 00
17:10:22.727  CAN1  225       [8]  AE C8 FF 00 00 0D 8E F0
17:10:22.727  CAN1  32A       [8]  96 AA C0 00 00 00 00 00
17:10:22.727  CAN1  1F4       [8]  A0 06 13 00 00 00 00 06
17:10:22.727  CAN1  2C7       [8]  1E 00 00 00 00 00 00 0E
17:10:22.727  CAN1  2AA       [8]  00 00 00 05 05 09 02 0B
17:10:22.727  CAN1  10C       [8]  D6 71 90 81 8F 19 00 00
17:10:22.727  CAN1  117       [8]  72 40 00 00 57 00 00 F7
17:10:22.727  CAN1  11B       [8]  1A 70 54 E3 20 08 54 E1
17:10:22.727  CAN1  121       [8]  87 70 2A A9 6A 8A AA 00
17:10:22.729  CAN1  124       [8]  88 70 00 15 55 2A A8 00
17:10:22.729  CAN1  14E       [8]  4B 95 50 55 13 10 00 00
17:10:22.729  CAN1  15E       [8]  DD 40 80 00 50 10 00 00
17:10:22.729  CAN1  272       [8]  B9 90 18 07 00 AE 42 A8
17:10:22.729  CAN1  28E       [8]  FE 91 BF 01 31 80 00 00
17:10:22.729  CAN1  292       [8]  12 90 00 00 00 00 00 00
17:10:22.729  CAN1  660       [8]  01 00 00 00 00 99 00 00
17:10:22.729  CAN1  661       [8]  00 59 00 A7 00 00 00 00
17:10:22.729  CAN1  662       [8]  00 00 00 00 00 00 00 00
17:10:22.729  CAN1  710       [8]  08 C0 8C 5D C3 83 C0 80
17:10:22.729  CAN1  256       [8]  50 10 00 61 25 2B AB 44
17:10:22.729  CAN1  312       [8]  10 00 00 7A C0 00 00 00
17:10:22.729  CAN1  313       [8]  7D 02 04 02 3F D1 3E 80
17:10:22.729  CAN1  317       [8]  60 E0 F8 B5 2E E3 E8 00
17:10:22.729  CAN1  1AE       [8]  EA 90 00 01 0F FF 7F F8
17:10:22.729  CAN1  135       [8]  C3 24 1C FD 00 00 00 00
17:10:22.729  CAN1  205       [8]  BB 95 55 7F F9 18 00 CB
17:10:22.729  CAN1  23A       [8]  70 90 00 00 00 00 00 00
17:10:22.729  CAN1  323       [8]  0F 65 14 00 7D 03 E8 01
17:10:22.729  CAN1  324       [8]  00 00 00 00 00 00 01 00
17:10:22.729  CAN1  1F4       [8]  A0 06 13 00 00 00 00 06
17:10:22.729  CAN1  338       [8]  00 28 5D C0 FF 00 02 00
17:10:22.729  CAN1  2C7       [8]  1E 00 00 00 00 00 00 0F
17:10:22.729  CAN1  10C       [8]  C6 81 90 81 8F 19 00 00
17:10:22.729  CAN1  117       [8]  82 40 00 00 57 00 00 E7
17:10:22.729  CAN1  11B       [8]  B3 80 54 E3 20 08 54 E1
17:10:22.729  CAN1  10F       [8]  00 00 00 00 00 00 00 00
17:10:22.729  CAN1  121       [8]  2E 80 2A A9 6A 8A AA 00
17:10:22.729  CAN1  124       [8]  21 80 00 15 55 2A A8 00
17:10:22.729  CAN1  14E       [8]  9D A5 50 55 13 10 00 00
17:10:22.729  CAN1  272       [8]  A9 A0 18 07 00 AE 42 A8
17:10:22.729  CAN1  28E       [8]  EE A1 BF 01 31 80 00 00
17:10:22.742  CAN1  292       [8]  C4 A0 00 00 00 00 00 00
17:10:22.742  CAN1  660       [8]  01 00 00 00 00 99 00 00
17:10:22.742  CAN1  661       [8]  00 59 00 A7 00 00 00 00
17:10:22.742  CAN1  662       [8]  00 00 00 00 00 00 00 00
17:10:22.742  CAN1  710       [8]  08 C0 8C 5D C3 83 80 80
17:10:22.742  CAN1  1AE       [8]  DA A0 00 01 0F FF 7F F8
17:10:22.742  CAN1  205       [8]  AB A5 55 7F F9 18 00 CB
17:10:22.742  CAN1  23A       [8]  60 A0 00 00 00 00 00 00
17:10:22.742  CAN1  135       [8]  C2 25 1C FD 00 00 00 00
17:10:22.742  CAN1  225       [8]  9E D8 FF 00 00 0D 8E F0
17:10:22.742  CAN1  32A       [8]  86 AA D0 00 00 00 00 00
17:10:22.742  CAN1  1F4       [8]  A0 06 13 00 00 00 00 06
17:10:22.742  CAN1  2C7       [8]  1E 00 00 00 00 00 00 00
17:10:22.742  CAN1  2AA       [8]  00 00 00 05 05 09 03 0A
17:10:22.742  CAN1  10C       [8]  B6 91 90 81 8F 19 00 00
17:10:22.742  CAN1  117       [8]  92 40 00 00 57 00 00 D7
17:10:22.742  CAN1  11B       [8]  0A 90 54 E3 20 08 54 E1
17:10:22.742  CAN1  121       [8]  97 90 2A A9 6A 8A AA 00
17:10:22.742  CAN1  124       [8]  98 90 00 15 55 2A A8 00
17:10:22.742  CAN1  14E       [8]  24 B5 50 55 13 10 00 00
17:10:22.742  CAN1  15E       [8]  64 50 80 00 50 10 00 00
17:10:22.742  CAN1  272       [8]  99 B0 18 07 00 AE 42 A8
17:10:22.742  CAN1  28E       [8]  DE B1 BF 01 31 80 00 00
17:10:22.742  CAN1  292       [8]  7D B0 00 00 00 00 00 00
17:10:22.742  CAN1  660       [8]  01 00 00 00 00 99 00 00
17:10:22.742  CAN1  661       [8]  00 59 00 A7 00 00 00 00
17:10:22.742  CAN1  662       [8]  00 00 00 00 00 00 00 00
17:10:22.742  CAN1  710       [8]  08 C0 8C 5D C3 83 80 80
17:10:22.742  CAN1  1AE       [8]  CA B0 00 01 0F FF 7F F8
17:10:22.742  CAN1  205       [8]  9D B5 55 7F F9 18 00 C9
17:10:22.742  CAN1  23A       [8]  50 B0 00 00 00 00 00 00
17:10:22.742  CAN1  135       [8]  C1 26 1C FD 00 00 00 00
17:10:22.766  CAN1  1F4       [8]  A0 06 13 00 00 00 00 06
17:10:22.766  CAN1  2C7       [8]  1E 00 00 00 00 00 00 01
17:10:22.766  CAN1  10C       [8]  A6 A1 90 81 8F 19 00 00
17:10:22.766  CAN1  117       [8]  A2 40 00 00 57 00 00 C7
17:10:22.766  CAN1  11B       [8]  DC A0 54 E3 20 08 54 E1
17:10:22.766  CAN1  10F       [8]  00 00 00 00 00 00 00 00
17:10:22.766  CAN1  121       [8]  41 A0 2A A9 6A 8A AA 00
17:10:22.766  CAN1  124       [8]  4E A0 00 15 55 2A A8 00
17:10:22.766  CAN1  14E       [8]  2C C5 50 55 13 10 00 00
17:10:22.766  CAN1  272       [8]  89 C0 18 07 00 AE 42 A8
17:10:22.766  CAN1  28E       [8]  CE C1 BF 01 31 80 00 00
17:10:22.766  CAN1  292       [8]  75 C0 00 00 00 00 00 00
17:10:22.766  CAN1  2B2       [8]  C2 B0 00 00 41 00 90 41
17:10:22.766  CAN1  660       [8]  01 00 00 00 00 99 00 00
17:10:22.766  CAN1  661       [8]  00 59 00 A7 00 00 00 00
17:10:22.766  CAN1  662       [8]  00 00 00 00 00 00 00 00
17:10:22.766  CAN1  710       [8]  08 C0 8C 5D C3 84 00 80
17:10:22.766  CAN1  1AE       [8]  BA C0 00 01 0F FF 7F F8
17:10:22.766  CAN1  205       [8]  8D C5 55 7F F9 18 00 C9
17:10:22.766  CAN1  23A       [8]  40 C0 00 00 00 00 00 00
17:10:22.766  CAN1  135       [8]  C0 27 1C FD 00 00 00 00
17:10:22.766  CAN1  225       [8]  8E E8 FF 00 00 0D 8E F0
17:10:22.766  CAN1  2A3       [8]  01 FF FF 00 00 00 00 00
17:10:22.766  CAN1  32A       [8]  76 AA E0 00 00 00 00 00
17:10:22.766  CAN1  1F4       [8]  A0 06 13 00 00 00 00 06
17:10:22.766  CAN1  2C7       [8]  1E 00 00 00 00 00 00 02
17:10:22.766  CAN1  2AA       [8]  00 00 00 05 05 09 04 0D
17:10:22.766  CAN1  10C       [8]  96 B1 90 81 8F 19 00 00
17:10:22.766  CAN1  117       [8]  B2 40 00 00 57 00 00 B7
17:10:22.766  CAN1  11B       [8]  65 B0 54 E3 20 08 54 E1
17:10:22.766  CAN1  121       [8]  F8 B0 2A A9 6A 8A AA 00
17:10:22.766  CAN1  124       [8]  F7 B0 00 15 55 2A A8 00
17:10:22.781  CAN1  07D       [8]  2B C0 15 00 00 00 00 00
17:10:22.781  CAN1  14E       [8]  95 D5 50 55 13 10 00 00
17:10:22.781  CAN1  15E       [8]  B2 60 80 00 50 10 00 00
17:10:22.781  CAN1  272       [8]  79 D0 18 07 00 AE 42 A8
17:10:22.781  CAN1  28E       [8]  BE D1 BF 01 31 80 00 00
17:10:22.781  CAN1  292       [8]  CC D0 00 00 00 00 00 00
17:10:22.781  CAN1  660       [8]  01 00 00 00 00 99 00 00
17:10:22.781  CAN1  661       [8]  00 59 00 A7 00 00 00 00
17:10:22.781  CAN1  662       [8]  00 00 00 00 00 00 00 00
17:10:22.781  CAN1  710       [8]  08 C0 8C 5D C3 83 C0 80
17:10:22.781  CAN1  1AE       [8]  AA D0 00 01 0F FF 7F F8
17:10:22.781  CAN1  205       [8]  7D D5 55 7F F9 18 00 C9
17:10:22.781  CAN1  23A       [8]  30 D0 00 00 00 00 00 00
17:10:22.781  CAN1  135       [8]  BF 28 1C FD 00 00 00 00
17:10:22.781  CAN1  1F4       [8]  A0 06 13 00 00 00 00 06
17:10:22.781  CAN1  2C7       [8]  1E 00 00 00 00 00 00 03
17:10:22.781  CAN1  10C       [8]  86 C1 90 81 8F 19 00 00
17:10:22.781  CAN1  117       [8]  C2 40 00 00 57 00 00 A7
17:10:22.781  CAN1  11B       [8]  6D C0 54 E3 20 08 54 E1
17:10:22.781  CAN1  10F       [8]  00 00 00 00 00 00 00 00
17:10:22.781  CAN1  121       [8]  F0 C0 2A A9 6A 8A AA 00
17:10:22.781  CAN1  124       [8]  FF C0 00 15 55 2A A8 00
17:10:22.781  CAN1  14E       [8]  43 E5 50 55 13 10 00 00
17:10:22.781  CAN1  272       [8]  69 E0 18 07 00 AE 42 A8
17:10:22.781  CAN1  28E       [8]  AE E1 BF 01 31 80 00 00
17:10:22.781  CAN1  292       [8]  1A E0 00 00 00 00 00 00
17:10:22.781  CAN1  660       [8]  01 00 00 00 00 99 00 00
17:10:22.781  CAN1  661       [8]  00 59 00 A7 00 00 00 00
17:10:22.781  CAN1  662       [8]  00 00 00 00 00 00 00 00
17:10:22.781  CAN1  710       [8]  08 C0 8C 5D C3 83 C0 80
17:10:22.781  CAN1  1AE       [8]  9A E0 00 01 0F FF 7F F8
17:10:22.781  CAN1  205       [8]  6D E5 55 7F F9 18 00 C9
17:10:22.793  CAN1  23A       [8]  20 E0 00 00 00 00 00 00
17:10:22.793  CAN1  135       [8]  BE 29 1C FD 00 00 00 00
17:10:22.793  CAN1  225       [8]  7E F8 FF 00 00 0D 8E F0
17:10:22.793  CAN1  32A       [8]  66 AA F0 00 00 00 00 00
17:10:22.793  CAN1  1F4       [8]  A0 06 13 00 00 00 00 06
17:10:22.793  CAN1  2C7       [8]  1E 00 00 00 00 00 00 04
17:10:22.793  CAN1  2AA       [8]  00 00 00 05 05 09 05 0C
17:10:22.793  CAN1  10C       [8]  76 D1 90 81 8F 19 00 00
17:10:22.793  CAN1  117       [8]  D2 40 00 00 57 00 00 97
17:10:22.793  CAN1  11B       [8]  D4 D0 54 E3 20 08 54 E1
17:10:22.793  CAN1  121       [8]  49 D0 2A A9 6A 8A AA 00
17:10:22.793  CAN1  124       [8]  46 D0 00 15 55 2A A8 00
17:10:22.793  CAN1  14E       [8]  FA F5 50 55 13 10 00 00
17:10:22.793  CAN1  15E       [8]  0B 70 80 00 50 10 00 00
17:10:22.793  CAN1  272       [8]  59 F0 18 07 00 AE 42 A8
17:10:22.793  CAN1  28E       [8]  9E F1 BF 01 31 80 00 00
17:10:22.793  CAN1  292       [8]  A3 F0 00 00 00 00 00 00
17:10:22.793  CAN1  660       [8]  01 00 00 00 00 99 00 00
17:10:22.793  CAN1  661       [8]  00 59 00 A7 00 00 00 00
17:10:22.793  CAN1  662       [8]  00 00 00 00 00 00 00 00
17:10:22.793  CAN1  710       [8]  08 C0 8C 5D C3 83 C0 80
17:10:22.793  CAN1  1AE       [8]  8A F0 00 01 0F FF 7F F8
17:10:22.793  CAN1  205       [8]  5C F5 55 7F F9 18 00 CA
17:10:22.793  CAN1  23A       [8]  10 F0 00 00 00 00 00 00
17:10:22.793  CAN1  135       [8]  BD 2A 1C FD 00 00 00 00
17:10:22.793  CAN1  1F4       [8]  A0 06 13 00 00 00 00 06
17:10:22.793  CAN1  2C7       [8]  1E 00 00 00 00 00 00 05
17:10:22.793  CAN1  10C       [8]  66 E1 90 81 8F 19 00 00
17:10:22.793  CAN1  117       [8]  E2 40 00 00 57 00 00 87
17:10:22.793  CAN1  11B       [8]  02 E0 54 E3 20 08 54 E1
17:10:22.793  CAN1  10F       [8]  00 00 00 00 00 00 00 00
17:10:22.793  CAN1  121       [8]  9F E0 2A A9 6A 8A AA 00
17:10:22.806  CAN1  124       [8]  90 E0 00 15 55 2A A8 00
17:10:22.806  CAN1  14E       [8]  53 05 50 55 13 10 00 00
17:10:22.806  CAN1  272       [8]  49 00 18 07 00 AE 42 A8
17:10:22.806  CAN1  28E       [8]  8E 01 BF 01 31 80 00 00
17:10:22.806  CAN1  292       [8]  0A 00 00 00 00 00 00 00
17:10:22.806  CAN1  660       [8]  01 00 00 00 00 99 00 00
17:10:22.806  CAN1  661       [8]  00 59 00 A7 00 00 00 00
17:10:22.806  CAN1  662       [8]  00 00 00 00 00 00 00 00
17:10:22.806  CAN1  710       [8]  08 C0 8C 5D C3 84 00 80
17:10:22.806  CAN1  1AE       [8]  7A 00 00 01 0F FF 7F F8
17:10:22.806  CAN1  205       [8]  4C 05 55 7F F9 18 00 CA
17:10:22.806  CAN1  23A       [8]  00 00 00 00 00 00 00 00
17:10:22.806  CAN1  135       [8]  BC 2B 1C FD 00 00 00 00
17:10:22.806  CAN1  225       [8]  6E 08 FF 00 00 0D 8E F0
17:10:22.806  CAN1  32A       [8]  56 AA 00 00 00 00 00 00
17:10:22.806  CAN1  1F4       [8]  A0 06 13 00 00 00 00 06
17:10:22.806  CAN1  2C7       [8]  1E 00 00 00 00 00 00 06
17:10:22.806  CAN1  2AA       [8]  00 00 00 05 05 09 06 0F
17:10:22.806  CAN1  10C       [8]  56 F1 90 81 8F 19 00 00
17:10:22.806  CAN1  117       [8]  F2 40 00 00 57 00 00 77
17:10:22.806  CAN1  11B       [8]  BB F0 54 E3 20 08 54 E1
17:10:22.806  CAN1  121       [8]  26 F0 2A A9 6A 8A AA 00
17:10:22.806  CAN1  124       [8]  29 F0 00 15 55 2A A8 00
17:10:22.806  CAN1  14E       [8]  EA 15 50 55 13 10 00 00
17:10:22.806  CAN1  15E       [8]  03 00 80 00 50 10 00 00
17:10:22.806  CAN1  272       [8]  39 10 18 07 00 AE 42 A8
17:10:22.806  CAN1  28E       [8]  7E 11 BF 01 31 80 00 00
17:10:22.806  CAN1  292       [8]  B3 10 00 00 00 00 00 00
17:10:22.806  CAN1  660       [8]  01 00 00 00 00 99 00 00
17:10:22.806  CAN1  661       [8]  00 59 00 A7 00 00 00 00
17:10:22.806  CAN1  662       [8]  00 00 00 00 00 00 00 00
17:10:22.806  CAN1  710       [8]  08 C0 8C 5D C3 83 C0 80
17:10:22.822  CAN1  1AE       [8]  6A 10 00 01 0F FF 7F F8
17:10:22.822  CAN1  205       [8]  3B 15 55 7F F9 18 00 CB
17:10:22.822  CAN1  23A       [8]  F0 10 00 00 00 00 00 00
17:10:22.822  CAN1  135       [8]  BB 2C 1C FD 00 00 00 00
17:10:22.822  CAN1  2A3       [8]  01 FF FF 00 00 00 00 00
17:10:22.822  CAN1  1F4       [8]  A0 06 13 00 00 00 00 06
17:10:22.822  CAN1  2C7       [8]  1E 00 00 00 00 00 00 07
17:10:22.822  CAN1  10C       [8]  46 01 90 81 8F 19 00 00
17:10:22.822  CAN1  117       [8]  02 40 00 00 57 00 00 67
17:10:22.822  CAN1  11B       [8]  12 00 54 E3 20 08 54 E1
17:10:22.822  CAN1  10F       [8]  00 00 00 00 00 00 00 00
17:10:22.822  CAN1  121       [8]  8F 00 2A A9 6A 8A AA 00
17:10:22.822  CAN1  124       [8]  80 00 00 15 55 2A A8 00
17:10:22.822  CAN1  14E       [8]  3C 25 50 55 13 10 00 00
17:10:22.822  CAN1  272       [8]  29 20 18 07 00 AE 42 A8
17:10:22.822  CAN1  28E       [8]  6E 21 BF 01 31 80 00 00
17:10:22.822  CAN1  292       [8]  65 20 00 00 00 00 00 00
17:10:22.822  CAN1  660       [8]  01 00 00 00 00 99 00 00
17:10:22.822  CAN1  661       [8]  00 59 00 A7 00 00 00 00
17:10:22.822  CAN1  662       [8]  00 00 00 00 00 00 00 00
17:10:22.822  CAN1  710       [8]  08 C0 8C 5D C3 83 C0 80
17:10:22.822  CAN1  1AE       [8]  5A 20 00 01 0F FF 7F F8
17:10:22.822  CAN1  205       [8]  2B 25 55 7F F9 18 00 CB
17:10:22.822  CAN1  23A       [8]  E0 20 00 00 00 00 00 00
17:10:22.822  CAN1  135       [8]  BA 2D 1C FD 00 00 00 00
17:10:22.822  CAN1  225       [8]  5E 18 FF 00 00 0D 8E F0
17:10:22.822  CAN1  32A       [8]  46 AA 10 00 00 00 00 00
17:10:22.822  CAN1  1F4       [8]  A0 06 13 00 00 00 00 06
17:10:22.822  CAN1  2C7       [8]  1E 00 00 00 00 00 00 08
17:10:22.822  CAN1  2AA       [8]  00 00 00 05 05 09 07 0E
17:10:22.822  CAN1  10C       [8]  36 11 90 81 8F 19 00 00
17:10:22.822  CAN1  117       [8]  12 40 00 00 57 00 00 57
17:10:22.835  CAN1  11B       [8]  AB 10 54 E3 20 08 54 E1
17:10:22.835  CAN1  121       [8]  36 10 2A A9 6A 8A AA 00
17:10:22.835  CAN1  124       [8]  39 10 00 15 55 2A A8 00
17:10:22.835  CAN1  14E       [8]  85 35 50 55 13 10 00 00
17:10:22.835  CAN1  15E       [8]  BA 10 80 00 50 10 00 00
17:10:22.835  CAN1  272       [8]  19 30 18 07 00 AE 42 A8
17:10:22.835  CAN1  28E       [8]  5E 31 BF 01 31 80 00 00
17:10:22.835  CAN1  292       [8]  DC 30 00 00 00 00 00 00
17:10:22.835  CAN1  660       [8]  01 00 00 00 00 99 00 00
17:10:22.835  CAN1  661       [8]  00 59 00 A7 00 00 00 00
17:10:22.835  CAN1  662       [8]  00 00 00 00 00 00 00 00
17:10:22.835  CAN1  710       [8]  08 C0 8C 5D C3 84 00 80
17:10:22.835  CAN1  256       [8]  4F 10 00 61 25 2B AC 44
17:10:22.835  CAN1  312       [8]  10 00 00 7A C0 00 00 00
17:10:22.835  CAN1  313       [8]  7D 02 04 02 3F D1 3E 80
17:10:22.835  CAN1  317       [8]  60 E0 F8 B5 2E E3 E8 00
17:10:22.835  CAN1  1AE       [8]  4A 30 00 01 0F FF 7F F8
17:10:22.835  CAN1  205       [8]  1B 35 55 7F F9 18 00 CB
17:10:22.835  CAN1  135       [8]  B9 2E 1C FD 00 00 00 00
17:10:22.835  CAN1  23A       [8]  D0 30 00 00 00 00 00 00
17:10:22.835  CAN1  323       [8]  0F 65 14 00 7D 03 E8 01
17:10:22.835  CAN1  324       [8]  00 00 00 00 00 00 01 00
17:10:22.835  CAN1  1F4       [8]  A0 06 13 00 00 00 00 06
17:10:22.835  CAN1  338       [8]  00 28 5D C0 FF 00 02 00
17:10:22.835  CAN1  2C7       [8]  1E 00 00 00 00 00 00 09
17:10:22.835  CAN1  10C       [8]  26 21 90 81 8F 19 00 00
17:10:22.835  CAN1  117       [8]  22 40 00 00 57 00 00 47
17:10:22.835  CAN1  11B       [8]  7D 20 54 E3 20 08 54 E1
17:10:22.835  CAN1  10F       [8]  00 00 00 00 00 00 00 00
17:10:22.835  CAN1  121       [8]  E0 20 2A A9 6A 8A AA 00
17:10:22.835  CAN1  124       [8]  EF 20 00 15 55 2A A8 00
17:10:22.835  CAN1  14E       [8]  8D 45 50 55 13 10 00 00
17:10:22.847  CAN1  272       [8]  09 40 18 07 00 AE 42 A8
17:10:22.847  CAN1  28E       [8]  4E 41 BF 01 31 80 00 00
17:10:22.847  CAN1  292       [8]  D4 40 00 00 00 00 00 00
17:10:22.847  CAN1  660       [8]  01 00 00 00 00 99 00 00
17:10:22.847  CAN1  661       [8]  00 59 00 A7 00 00 00 00
17:10:22.847  CAN1  662       [8]  00 00 00 00 00 00 00 00
17:10:22.847  CAN1  710       [8]  08 C0 8C 5D C3 84 00 80
17:10:22.847  CAN1  1AE       [8]  3A 40 00 01 0F FF 7F F8
17:10:22.847  CAN1  205       [8]  0B 45 55 7F F9 18 00 CB
17:10:22.847  CAN1  23A       [8]  C0 40 00 00 00 00 00 00
17:10:22.847  CAN1  135       [8]  B8 2F 1C FD 00 00 00 00
17:10:22.847  CAN1  225       [8]  4E 28 FF 00 00 0D 8E F0
17:10:22.847  CAN1  32A       [8]  36 AA 20 00 00 00 00 00
17:10:22.847  CAN1  1F4       [8]  A0 06 13 00 00 00 00 06
17:10:22.847  CAN1  2C7       [8]  1E 00 00 00 00 00 00 0A
17:10:22.847  CAN1  2AA       [8]  00 00 00 05 05 09 08 01
17:10:22.847  CAN1  10C       [8]  16 31 90 81 8F 19 00 00
17:10:22.847  CAN1  117       [8]  32 40 00 00 57 00 00 37
17:10:22.847  CAN1  11B       [8]  C4 30 54 E3 20 08 54 E1
17:10:22.847  CAN1  121       [8]  59 30 2A A9 6A 8A AA 00
17:10:22.847  CAN1  124       [8]  56 30 00 15 55 2A A8 00
17:10:22.847  CAN1  14E       [8]  34 55 50 55 13 10 00 00
17:10:22.847  CAN1  15E       [8]  6C 20 80 00 50 10 00 00
17:10:22.847  CAN1  272       [8]  F9 50 18 07 00 AE 42 A8
17:10:22.847  CAN1  28E       [8]  3E 51 BF 01 31 80 00 00
17:10:22.847  CAN1  292       [8]  6D 50 00 00 00 00 00 00
17:10:22.847  CAN1  660       [8]  01 00 00 00 00 99 00 00
17:10:22.847  CAN1  661       [8]  00 59 00 A7 00 00 00 00
17:10:22.847  CAN1  662       [8]  00 00 00 00 00 00 00 00
17:10:22.847  CAN1  710       [8]  08 C0 8C 5D C3 83 C0 80
17:10:22.847  CAN1  1AE       [8]  2A 50 00 01 0F FF 7F F8
17:10:22.847  CAN1  205       [8]  FD 55 55 7F F9 18 00 C9
17:10:22.864  CAN1  23A       [8]  B0 50 00 00 00 00 00 00
17:10:22.864  CAN1  135       [8]  C7 20 1C FD 00 00 00 00
17:10:22.864  CAN1  1F4       [8]  A0 06 13 00 00 00 00 06
17:10:22.864  CAN1  2C7       [8]  1E 00 00 00 00 00 00 0B
17:10:22.864  CAN1  10C       [8]  06 41 90 81 8F 19 00 00
17:10:22.864  CAN1  117       [8]  42 40 00 00 57 00 00 27
17:10:22.864  CAN1  11B       [8]  CC 40 54 E3 20 08 54 E1
17:10:22.864  CAN1  10F       [8]  00 00 00 00 00 00 00 00
17:10:22.864  CAN1  121       [8]  51 40 2A A9 6A 8A AA 00
17:10:22.864  CAN1  124       [8]  5E 40 00 15 55 2A A8 00
17:10:22.864  CAN1  14E       [8]  E2 65 50 55 13 10 00 00
17:10:22.864  CAN1  272       [8]  E9 60 18 07 00 AE 42 A8
17:10:22.864  CAN1  28E       [8]  2E 61 BF 01 31 80 00 00
17:10:22.864  CAN1  292       [8]  BB 60 00 00 00 00 00 00
17:10:22.864  CAN1  2B2       [8]  D2 C0 00 00 41 00 90 41
17:10:22.864  CAN1  660       [8]  01 00 00 00 00 99 00 00
17:10:22.864  CAN1  661       [8]  00 59 00 A7 00 00 00 00
17:10:22.864  CAN1  662       [8]  00 00 00 00 00 00 00 00
17:10:22.864  CAN1  710       [8]  08 C0 8C 5D C3 83 C0 80
17:10:22.864  CAN1  1AE       [8]  1A 60 00 01 0F FF 7F F8
17:10:22.864  CAN1  205       [8]  ED 65 55 7F F9 18 00 C9
17:10:22.864  CAN1  23A       [8]  A0 60 00 00 00 00 00 00
17:10:22.864  CAN1  135       [8]  C6 21 1C FD 00 00 00 00
17:10:22.864  CAN1  225       [8]  3E 38 FF 00 00 0D 8E F0
17:10:22.864  CAN1  2A3       [8]  01 FF FF 00 00 00 00 00
17:10:22.864  CAN1  32A       [8]  26 AA 30 00 00 00 00 00
17:10:22.864  CAN1  1F4       [8]  A0 06 13 00 00 00 00 06
17:10:22.864  CAN1  2C7       [8]  1E 00 00 00 00 00 00 0C
17:10:22.864  CAN1  2AA       [8]  00 00 00 05 05 09 09 00
17:10:22.864  CAN1  10C       [8]  F6 51 90 81 8F 19 00 00
17:10:22.864  CAN1  117       [8]  52 40 00 00 57 00 00 17
17:10:22.864  CAN1  11B       [8]  75 50 54 E3 20 08 54 E1
17:10:22.876  CAN1  121       [8]  E8 50 2A A9 6A 8A AA 00
17:10:22.876  CAN1  124       [8]  E7 50 00 15 55 2A A8 00
17:10:22.876  CAN1  07D       [8]  1B D0 15 00 00 00 00 00
17:10:22.876  CAN1  14E       [8]  5B 75 50 55 13 10 00 00
17:10:22.876  CAN1  15E       [8]  D5 30 80 00 50 10 00 00
17:10:22.876  CAN1  272       [8]  D9 70 18 07 00 AE 42 A8
17:10:22.876  CAN1  28E       [8]  1E 71 BF 01 31 80 00 00
17:10:22.876  CAN1  292       [8]  02 70 00 00 00 00 00 00
17:10:22.876  CAN1  660       [8]  01 00 00 00 00 99 00 00
17:10:22.876  CAN1  661       [8]  00 59 00 A7 00 00 00 00
17:10:22.876  CAN1  662       [8]  00 00 00 00 00 00 00 00
17:10:22.876  CAN1  710       [8]  08 C0 8C 5D C3 83 C0 80
17:10:22.876  CAN1  1AE       [8]  0A 70 00 01 0F FF 7F F8
17:10:22.876  CAN1  205       [8]  DD 75 55 7F F9 18 00 C9
17:10:22.876  CAN1  23A       [8]  90 70 00 00 00 00 00 00
17:10:22.876  CAN1  135       [8]  C5 22 1C FD 00 00 00 00
17:10:22.876  CAN1  1F4       [8]  A0 06 13 00 00 00 00 06
17:10:22.876  CAN1  2C7       [8]  1E 00 00 00 00 00 00 0D
17:10:22.876  CAN1  10C       [8]  E6 61 90 81 8F 19 00 00
17:10:22.876  CAN1  117       [8]  62 40 00 00 57 00 00 07
17:10:22.876  CAN1  11B       [8]  A3 60 54 E3 20 08 54 E1
17:10:22.876  CAN1  10F       [8]  00 00 00 00 00 00 00 00
17:10:22.876  CAN1  121       [8]  3E 60 2A A9 6A 8A AA 00
17:10:22.876  CAN1  124       [8]  31 60 00 15 55 2A A8 00
17:10:22.876  CAN1  14E       [8]  F2 85 50 55 13 10 00 00
17:10:22.876  CAN1  272       [8]  C9 80 18 07 00 AE 42 A8
17:10:22.876  CAN1  28E       [8]  0E 81 BF 01 31 80 00 00
17:10:22.876  CAN1  292       [8]  AB 80 00 00 00 00 00 00
17:10:22.876  CAN1  660       [8]  01 00 00 00 00 99 00 00
17:10:22.876  CAN1  661       [8]  00 59 00 A7 00 00 00 00
17:10:22.876  CAN1  662       [8]  00 00 00 00 00 00 00 00
17:10:22.876  CAN1  710       [8]  08 C0 8C 5D C3 83 C0 80
17:10:22.892  CAN1  1AE       [8]  FA 80 00 01 0F FF 7F F8
17:10:22.892  CAN1  205       [8]  CD 85 55 7F F9 18 00 C9
17:10:22.892  CAN1  23A       [8]  80 80 00 00 00 00 00 00
17:10:22.892  CAN1  135       [8]  C4 23 1C FD 00 00 00 00
17:10:22.892  CAN1  225       [8]  2E 48 FF 00 00 0D 8E F0
17:10:22.892  CAN1  32A       [8]  16 AA 40 00 00 00 00 00
17:10:22.892  CAN1  1F4       [8]  A0 06 13 00 00 00 00 06
17:10:22.892  CAN1  2C7       [8]  1E 00 00 00 00 00 00 0E
17:10:22.892  CAN1  2AA       [8]  00 00 00 05 05 09 0A 03
17:10:22.892  CAN1  10C       [8]  D6 71 90 81 8F 19 00 00
17:10:22.892  CAN1  117       [8]  72 40 00 00 57 00 00 F7
17:10:22.892  CAN1  11B       [8]  1A 70 54 E3 20 08 54 E1
17:10:22.892  CAN1  121       [8]  87 70 2A A9 6A 8A AA 00
17:10:22.892  CAN1  124       [8]  88 70 00 15 55 2A A8 00
17:10:22.892  CAN1  14E       [8]  4B 95 50 55 13 10 00 00
17:10:22.892  CAN1  15E       [8]  DD 40 80 00 50 10 00 00
17:10:22.892  CAN1  272       [8]  B9 90 18 07 00 AE 42 A8
17:10:22.892  CAN1  28E       [8]  FE 91 BF 01 31 80 00 00
17:10:22.892  CAN1  292       [8]  12 90 00 00 00 00 00 00
17:10:22.892  CAN1  660       [8]  01 00 00 00 00 99 00 00
17:10:22.892  CAN1  661       [8]  00 59 00 A7 00 00 00 00
17:10:22.892  CAN1  662       [8]  00 00 00 00 00 00 00 00
17:10:22.892  CAN1  710       [8]  08 C0 8C 5D C3 83 80 80
17:10:22.892  CAN1  1AE       [8]  EA 90 00 01 0F FF 7F F8
17:10:22.892  CAN1  205       [8]  BB 95 55 7F F9 18 00 CB
17:10:22.892  CAN1  23A       [8]  70 90 00 00 00 00 00 00
17:10:22.892  CAN1  135       [8]  C3 24 1C FD 00 00 00 00
17:10:22.892  CAN1  1F4       [8]  A0 06 13 00 00 00 00 06
17:10:22.892  CAN1  2C7       [8]  1E 00 00 00 00 00 00 0F
17:10:22.892  CAN1  10C       [8]  C6 81 90 81 8F 19 00 00
17:10:22.892  CAN1  117       [8]  82 40 00 00 57 00 00 E7
17:10:22.892  CAN1  11B       [8]  B3 80 54 E3 20 08 54 E1
17:10:22.904  CAN1  10F       [8]  00 00 00 00 00 00 00 00
17:10:22.904  CAN1  121       [8]  2E 80 2A A9 6A 8A AA 00
17:10:22.904  CAN1  124       [8]  21 80 00 15 55 2A A8 00
17:10:22.904  CAN1  14E       [8]  9D A5 50 55 13 10 00 00
17:10:22.904  CAN1  272       [8]  A9 A0 18 07 00 AE 42 A8
17:10:22.904  CAN1  28E       [8]  EE A1 BF 01 31 80 00 00
17:10:22.904  CAN1  292       [8]  C4 A0 00 00 00 00 00 00
17:10:22.904  CAN1  660       [8]  01 00 00 00 00 99 00 00
17:10:22.904  CAN1  661       [8]  00 59 00 A7 00 00 00 00
17:10:22.904  CAN1  662       [8]  00 00 00 00 00 00 00 00
17:10:22.904  CAN1  710       [8]  08 C0 8C 5D C3 83 C0 80
17:10:22.904  CAN1  1AE       [8]  DA A0 00 01 0F FF 7F F8
17:10:22.904  CAN1  205       [8]  AB A5 55 7F F9 18 00 CB
17:10:22.904  CAN1  23A       [8]  60 A0 00 00 00 00 00 00
17:10:22.904  CAN1  135       [8]  C2 25 1C FD 00 00 00 00
17:10:22.904  CAN1  225       [8]  1E 58 FF 00 00 0D 8E F0
17:10:22.904  CAN1  32A       [8]  06 AA 50 00 00 00 00 00
17:10:22.904  CAN1  1F4       [8]  A0 06 13 00 00 00 00 06
17:10:22.904  CAN1  2C7       [8]  1E 00 00 00 00 00 00 00
17:10:22.904  CAN1  2AA       [8]  00 00 00 05 05 09 0B 02
17:10:22.904  CAN1  10C       [8]  B6 91 90 81 8F 19 00 00
17:10:22.904  CAN1  117       [8]  92 40 00 00 57 00 00 D7
17:10:22.904  CAN1  11B       [8]  0A 90 54 E3 20 08 54 E1
17:10:22.904  CAN1  121       [8]  97 90 2A A9 6A 8A AA 00
17:10:22.904  CAN1  124       [8]  98 90 00 15 55 2A A8 00
17:10:22.904  CAN1  14E       [8]  24 B5 50 55 13 10 00 00
17:10:22.904  CAN1  15E       [8]  F9 50 80 00 51 10 00 00
17:10:22.904  CAN1  272       [8]  99 B0 18 07 00 AE 42 A8
17:10:22.904  CAN1  28E       [8]  DE B1 BF 01 31 80 00 00
17:10:22.904  CAN1  292       [8]  7D B0 00 00 00 00 00 00
17:10:22.904  CAN1  660       [8]  01 00 00 00 00 99 00 00
17:10:22.904  CAN1  661       [8]  00 59 00 A7 00 00 00 00
17:10:22.916  CAN1  662       [8]  00 00 00 00 00 00 00 00
17:10:22.916  CAN1  710       [8]  08 C0 8C 5D C3 84 00 80
17:10:22.916  CAN1  1AE       [8]  CA B0 00 01 0F FF 7F F8
17:10:22.916  CAN1  205       [8]  9D B5 55 7F F9 18 00 C9
17:10:22.916  CAN1  23A       [8]  50 B0 00 00 00 00 00 00
17:10:22.916  CAN1  135       [8]  C1 26 1C FD 00 00 00 00
17:10:22.916  CAN1  2A3       [8]  01 FF FF 00 00 00 00 00
17:10:22.916  CAN1  1F4       [8]  A0 06 13 00 00 00 00 06
17:10:22.916  CAN1  2C7       [8]  1E 00 00 00 00 00 00 01
17:10:22.916  CAN1  10C       [8]  A6 A1 90 81 8F 19 00 00
17:10:22.916  CAN1  117       [8]  A2 40 00 00 57 00 00 C7
17:10:22.916  CAN1  11B       [8]  DC A0 54 E3 20 08 54 E1
17:10:22.916  CAN1  10F       [8]  00 00 00 00 00 00 00 00
17:10:22.916  CAN1  121       [8]  41 A0 2A A9 6A 8A AA 00
17:10:22.916  CAN1  124       [8]  4E A0 00 15 55 2A A8 00
17:10:22.916  CAN1  14E       [8]  2C C5 50 55 13 10 00 00
17:10:22.916  CAN1  272       [8]  89 C0 18 07 00 AE 42 A8
17:10:22.916  CAN1  28E       [8]  CE C1 BF 01 31 80 00 00
17:10:22.916  CAN1  292       [8]  75 C0 00 00 00 00 00 00
17:10:22.916  CAN1  660       [8]  01 00 00 00 00 99 00 00
17:10:22.916  CAN1  661       [8]  00 59 00 A7 00 00 00 00
17:10:22.916  CAN1  662       [8]  00 00 00 00 00 00 00 00
17:10:22.916  CAN1  710       [8]  08 C0 8C 5D C3 83 80 80
17:10:22.916  CAN1  1AE       [8]  BA C0 00 01 0F FF 7F F8
17:10:22.916  CAN1  205       [8]  8D C5 55 7F F9 18 00 C9
17:10:22.916  CAN1  23A       [8]  40 C0 00 00 00 00 00 00
17:10:22.916  CAN1  135       [8]  C0 27 1C FD 00 00 00 00
17:10:22.916  CAN1  225       [8]  0E 68 FF 00 00 0D 8E F0
17:10:22.916  CAN1  32A       [8]  F6 AA 60 00 00 00 00 00
17:10:22.916  CAN1  1F4       [8]  A0 06 13 00 00 00 00 06
17:10:22.916  CAN1  2C7       [8]  1E 00 00 00 00 00 00 02
17:10:22.916  CAN1  2AA       [8]  00 00 00 05 05 09 0C 05
17:10:22.935  CAN1  10C       [8]  96 B1 90 81 8F 19 00 00
17:10:22.935  CAN1  117       [8]  B2 40 00 00 57 00 00 B7
17:10:22.935  CAN1  11B       [8]  65 B0 54 E3 20 08 54 E1
17:10:22.935  CAN1  121       [8]  F8 B0 2A A9 6A 8A AA 00
17:10:22.935  CAN1  124       [8]  F7 B0 00 15 55 2A A8 00
17:10:22.935  CAN1  14E       [8]  95 D5 50 55 13 10 00 00
17:10:22.935  CAN1  15E       [8]  2F 60 80 00 51 10 00 00
17:10:22.935  CAN1  272       [8]  79 D0 18 07 00 AE 42 A8
17:10:22.935  CAN1  28E       [8]  BE D1 BF 01 31 80 00 00
17:10:22.935  CAN1  292       [8]  CC D0 00 00 00 00 00 00
17:10:22.935  CAN1  660       [8]  01 00 00 00 00 99 00 00
17:10:22.935  CAN1  661       [8]  00 59 00 A7 00 00 00 00
17:10:22.935  CAN1  662       [8]  00 00 00 00 00 00 00 00
17:10:22.935  CAN1  710       [8]  08 C0 8C 5D C3 83 C0 80
17:10:22.935  CAN1  256       [8]  4E 10 00 61 25 2B AD 44
17:10:22.935  CAN1  312       [8]  10 00 00 7A C0 00 00 00
17:10:22.935  CAN1  313       [8]  7D 02 04 02 3F D1 3E 80
17:10:22.935  CAN1  317       [8]  60 E0 F8 B5 2E E3 E8 00
17:10:22.935  CAN1  1AE       [8]  AA D0 00 01 0F FF 7F F8
17:10:22.935  CAN1  205       [8]  7B D5 55 7F F9 18 00 CB
17:10:22.935  CAN1  135       [8]  BF 28 1C FD 00 00 00 00
17:10:22.935  CAN1  23A       [8]  30 D0 00 00 00 00 00 00
17:10:22.935  CAN1  323       [8]  0F 65 14 00 7D 03 E8 01
17:10:22.935  CAN1  324       [8]  00 00 00 00 00 00 01 00
17:10:22.935  CAN1  1F4       [8]  A0 06 13 00 00 00 00 06
17:10:22.935  CAN1  338       [8]  00 28 5D C0 FF 00 02 00
17:10:22.935  CAN1  2C7       [8]  1E 00 00 00 00 00 00 03
17:10:22.935  CAN1  10C       [8]  86 C1 90 81 8F 19 00 00
17:10:22.935  CAN1  117       [8]  C2 40 00 00 57 00 00 A7
17:10:22.935  CAN1  11B       [8]  6D C0 54 E3 20 08 54 E1
17:10:22.935  CAN1  10F       [8]  00 00 00 00 00 00 00 00
17:10:22.935  CAN1  121       [8]  F0 C0 2A A9 6A 8A AA 00
17:10:22.947  CAN1  124       [8]  FF C0 00 15 55 2A A8 00
17:10:22.947  CAN1  14E       [8]  43 E5 50 55 13 10 00 00
17:10:22.947  CAN1  272       [8]  69 E0 18 07 00 AE 42 A8
17:10:22.947  CAN1  28E       [8]  AE E1 BF 01 31 80 00 00
17:10:22.947  CAN1  292       [8]  1A E0 00 00 00 00 00 00
17:10:22.947  CAN1  660       [8]  01 00 00 00 00 99 00 00
17:10:22.947  CAN1  661       [8]  00 59 00 A7 00 00 00 00
17:10:22.947  CAN1  662       [8]  00 00 00 00 00 00 00 00
17:10:22.947  CAN1  710       [8]  08 C0 8C 5D C3 84 00 80
17:10:22.947  CAN1  1AE       [8]  9A E0 00 01 0F FF 7F F8
17:10:22.947  CAN1  205       [8]  6B E5 55 7F F9 18 00 CB
17:10:22.947  CAN1  23A       [8]  20 E0 00 00 00 00 00 00
17:10:22.947  CAN1  135       [8]  BE 29 1C FD 00 00 00 00
17:10:22.947  CAN1  225       [8]  FE 78 FF 00 00 0D 8E F0
17:10:22.947  CAN1  32A       [8]  E6 AA 70 00 00 00 00 00
17:10:22.947  CAN1  1F4       [8]  A0 06 13 00 00 00 00 06
17:10:22.947  CAN1  2C7       [8]  1E 00 00 00 00 00 00 04
17:10:22.947  CAN1  2AA       [8]  00 00 00 05 05 09 0D 04
17:10:22.947  CAN1  10C       [8]  76 D1 90 81 8F 19 00 00
17:10:22.947  CAN1  117       [8]  D2 40 00 00 57 00 00 97
17:10:22.947  CAN1  11B       [8]  D4 D0 54 E3 20 08 54 E1
17:10:22.947  CAN1  121       [8]  49 D0 2A A9 6A 8A AA 00
17:10:22.947  CAN1  124       [8]  46 D0 00 15 55 2A A8 00
17:10:22.947  CAN1  14E       [8]  FA F5 50 55 13 10 00 00
17:10:22.947  CAN1  15E       [8]  96 70 80 00 51 10 00 00
17:10:22.947  CAN1  272       [8]  59 F0 18 07 00 AE 42 A8
17:10:22.947  CAN1  28E       [8]  9E F1 BF 01 31 80 00 00
17:10:22.947  CAN1  292       [8]  A3 F0 00 00 00 00 00 00
17:10:22.947  CAN1  660       [8]  01 00 00 00 00 99 00 00
17:10:22.947  CAN1  661       [8]  00 59 00 A7 00 00 00 00
17:10:22.947  CAN1  662       [8]  00 00 00 00 00 00 00 00
17:10:22.947  CAN1  710       [8]  08 C0 8C 5D C3 83 C0 80
17:10:22.965  CAN1  1AE       [8]  8A F0 00 01 0F FF 7F F8
17:10:22.965  CAN1  205       [8]  5D F5 55 7F F9 18 00 C9
17:10:22.965  CAN1  23A       [8]  10 F0 00 00 00 00 00 00
17:10:22.965  CAN1  135       [8]  BD 2A 1C FD 00 00 00 00
17:10:22.965  CAN1  1F4       [8]  A0 06 13 00 00 00 00 06
17:10:22.965  CAN1  2C7       [8]  1E 00 00 00 00 00 00 05
17:10:22.965  CAN1  10C       [8]  66 E1 90 81 8F 19 00 00
17:10:22.965  CAN1  117       [8]  E2 40 00 00 57 00 00 87
17:10:22.965  CAN1  11B       [8]  02 E0 54 E3 20 08 54 E1
17:10:22.965  CAN1  10F       [8]  00 00 00 00 00 00 00 00
17:10:22.965  CAN1  121       [8]  9F E0 2A A9 6A 8A AA 00
17:10:22.965  CAN1  124       [8]  90 E0 00 15 55 2A A8 00
17:10:22.965  CAN1  14E       [8]  53 05 50 55 13 10 00 00
17:10:22.965  CAN1  272       [8]  49 00 18 07 00 AE 42 A8
17:10:22.965  CAN1  28E       [8]  8E 01 BF 01 31 80 00 00
17:10:22.965  CAN1  292       [8]  0A 00 00 00 00 00 00 00
17:10:22.965  CAN1  2B2       [8]  E2 D0 00 00 41 00 90 41
17:10:22.965  CAN1  660       [8]  01 00 00 00 00 99 00 00
17:10:22.965  CAN1  661       [8]  00 59 00 A7 00 00 00 00
17:10:22.965  CAN1  662       [8]  00 00 00 00 00 00 00 00
17:10:22.965  CAN1  710       [8]  08 C0 8C 5D C3 83 C0 80
17:10:22.965  CAN1  1AE       [8]  7A 00 00 01 0F FF 7F F8
17:10:22.965  CAN1  205       [8]  4D 05 55 7F F9 18 00 C9
17:10:22.965  CAN1  23A       [8]  00 00 00 00 00 00 00 00
17:10:22.965  CAN1  135       [8]  BC 2B 1C FD 00 00 00 00
17:10:22.965  CAN1  225       [8]  EE 88 FF 00 00 0D 8E F0
17:10:22.965  CAN1  2A3       [8]  01 FF FF 00 00 00 00 00
17:10:22.965  CAN1  32A       [8]  D6 AA 80 00 00 00 00 00
17:10:22.965  CAN1  1F4       [8]  A0 06 13 00 00 00 00 06
17:10:22.965  CAN1  2C7       [8]  1E 00 00 00 00 00 00 06
17:10:22.965  CAN1  2AA       [8]  00 00 00 05 05 09 0E 07
17:10:22.965  CAN1  10C       [8]  56 F1 90 81 8F 19 00 00
17:10:22.978  CAN1  117       [8]  F2 40 00 00 57 00 00 77
17:10:22.978  CAN1  11B       [8]  BB F0 54 E3 20 08 54 E1
17:10:22.978  CAN1  121       [8]  26 F0 2A A9 6A 8A AA 00
17:10:22.978  CAN1  124       [8]  29 F0 00 15 55 2A A8 00
17:10:22.978  CAN1  07D       [8]  0B E0 15 00 00 00 00 00
17:10:22.978  CAN1  14E       [8]  EA 15 50 55 13 10 00 00
17:10:22.978  CAN1  15E       [8]  9E 00 80 00 51 10 00 00
17:10:22.978  CAN1  272       [8]  39 10 18 07 00 AE 42 A8
17:10:22.978  CAN1  28E       [8]  7E 11 BF 01 31 80 00 00
17:10:22.978  CAN1  292       [8]  B3 10 00 00 00 00 00 00
17:10:22.978  CAN1  660       [8]  01 00 00 00 00 99 00 00
17:10:22.978  CAN1  661       [8]  00 59 00 A7 00 00 00 00
17:10:22.978  CAN1  662       [8]  00 00 00 00 00 00 00 00
17:10:22.978  CAN1  710       [8]  08 C0 8C 5D C3 84 40 80
17:10:22.978  CAN1  1AE       [8]  6A 10 00 01 0F FF 7F F8
17:10:22.978  CAN1  205       [8]  3B 15 55 7F F9 18 00 CB
17:10:22.978  CAN1  23A       [8]  F0 10 00 00 00 00 00 00
17:10:22.978  CAN1  135       [8]  BB 2C 1C FD 00 00 00 00
17:10:22.978  CAN1  1F4       [8]  A0 06 13 00 00 00 00 06
17:10:22.978  CAN1  2C7       [8]  1E 00 00 00 00 00 00 07
17:10:22.978  CAN1  10C       [8]  46 01 90 81 8F 19 00 00
17:10:22.978  CAN1  117       [8]  02 40 00 00 57 00 00 67
17:10:22.978  CAN1  11B       [8]  12 00 54 E3 20 08 54 E1
17:10:22.978  CAN1  10F       [8]  00 00 00 00 00 00 00 00
17:10:22.978  CAN1  121       [8]  8F 00 2A A9 6A 8A AA 00
17:10:22.978  CAN1  124       [8]  80 00 00 15 55 2A A8 00
17:10:22.978  CAN1  14E       [8]  3C 25 50 55 13 10 00 00
17:10:22.978  CAN1  272       [8]  29 20 18 07 00 AE 42 A8
17:10:22.978  CAN1  28E       [8]  6E 21 BF 01 31 80 00 00
17:10:22.978  CAN1  292       [8]  65 20 00 00 00 00 00 00
17:10:22.978  CAN1  660       [8]  01 00 00 00 00 99 00 00
17:10:22.978  CAN1  661       [8]  00 59 00 A7 00 00 00 00
17:10:22.992  CAN1  662       [8]  00 00 00 00 00 00 00 00
17:10:22.992  CAN1  710       [8]  08 C0 8C 5D C3 84 40 80
17:10:22.992  CAN1  1AE       [8]  5A 20 00 01 0F FF 7F F8
17:10:22.992  CAN1  205       [8]  2B 25 55 7F F9 18 00 CB
17:10:22.992  CAN1  23A       [8]  E0 20 00 00 00 00 00 00
17:10:22.992  CAN1  135       [8]  BA 2D 1C FD 00 00 00 00
17:10:22.992  CAN1  225       [8]  DE 98 FF 00 00 0D 8E F0
17:10:22.992  CAN1  32A       [8]  C6 AA 90 00 00 00 00 00
17:10:22.992  CAN1  1F4       [8]  A0 06 13 00 00 00 00 06
17:10:22.992  CAN1  2C7       [8]  1E 00 00 00 00 00 00 08
17:10:22.992  CAN1  2AA       [8]  00 00 00 05 05 09 0F 06
17:10:22.992  CAN1  10C       [8]  36 11 90 81 8F 19 00 00
17:10:22.992  CAN1  117       [8]  12 40 00 00 57 00 00 57
17:10:22.992  CAN1  11B       [8]  AB 10 54 E3 20 08 54 E1
17:10:22.992  CAN1  121       [8]  36 10 2A A9 6A 8A AA 00
17:10:22.992  CAN1  124       [8]  39 10 00 15 55 2A A8 00
17:10:22.992  CAN1  14E       [8]  85 35 50 55 13 10 00 00
17:10:22.992  CAN1  15E       [8]  27 10 80 00 51 10 00 00
17:10:22.992  CAN1  272       [8]  19 30 18 07 00 AE 42 A8
17:10:22.992  CAN1  28E       [8]  5E 31 BF 01 31 80 00 00
17:10:22.992  CAN1  292       [8]  DC 30 00 00 00 00 00 00
17:10:22.992  CAN1  660       [8]  01 00 00 00 00 99 00 00
17:10:22.992  CAN1  661       [8]  00 59 00 A7 00 00 00 00
17:10:22.992  CAN1  662       [8]  00 00 00 00 00 00 00 00
17:10:22.992  CAN1  710       [8]  08 C0 8C 5D C3 84 00 80
17:10:22.992  CAN1  1AE       [8]  4A 30 00 01 0F FF 7F F8
17:10:22.992  CAN1  205       [8]  1B 35 55 7F F9 18 00 CB
17:10:22.992  CAN1  23A       [8]  D0 30 00 00 00 00 00 00
17:10:22.992  CAN1  135       [8]  B9 2E 1C FD 00 00 00 00
17:10:22.992  CAN1  1F4       [8]  A0 06 13 00 00 00 00 06
17:10:22.992  CAN1  2C7       [8]  1E 00 00 00 00 00 00 09
17:10:22.992  CAN1  10C       [8]  26 21 90 81 8F 19 00 00
17:10:23.006  CAN1  117       [8]  22 40 00 00 57 00 00 47
17:10:23.006  CAN1  11B       [8]  7D 20 54 E3 20 08 54 E1
17:10:23.006  CAN1  10F       [8]  00 00 00 00 00 00 00 00
17:10:23.006  CAN1  121       [8]  E0 20 2A A9 6A 8A AA 00
17:10:23.006  CAN1  124       [8]  EF 20 00 15 55 2A A8 00
17:10:23.006  CAN1  14E       [8]  8D 45 50 55 13 10 00 00
17:10:23.006  CAN1  272       [8]  09 40 18 07 00 AE 42 A8
17:10:23.006  CAN1  28E       [8]  4E 41 BF 01 31 80 00 00
17:10:23.006  CAN1  292       [8]  D4 40 00 00 00 00 00 00
17:10:23.006  CAN1  660       [8]  01 00 00 00 00 99 00 00
17:10:23.006  CAN1  661       [8]  00 59 00 A7 00 00 00 00
17:10:23.006  CAN1  662       [8]  00 00 00 00 00 00 00 00
17:10:23.006  CAN1  710       [8]  08 C0 8C 5D C3 83 80 80
17:10:23.006  CAN1  1AE       [8]  3A 40 00 01 0F FF 7F F8
17:10:23.006  CAN1  205       [8]  0B 45 55 7F F9 18 00 CB
17:10:23.006  CAN1  23A       [8]  C0 40 00 00 00 00 00 00
17:10:23.006  CAN1  135       [8]  B8 2F 1C FD 00 00 00 00
17:10:23.006  CAN1  225       [8]  CE A8 FF 00 00 0D 8E F0
17:10:23.006  CAN1  32A       [8]  B6 AA A0 00 00 00 00 00
17:10:23.006  CAN1  1F4       [8]  A0 06 13 00 00 00 00 06
17:10:23.006  CAN1  2C7       [8]  1E 00 00 00 00 00 00 0A
17:10:23.006  CAN1  2AA       [8]  00 00 00 05 05 09 00 09
17:10:23.006  CAN1  10C       [8]  16 31 90 81 8F 19 00 00
17:10:23.006  CAN1  117       [8]  32 40 00 00 57 00 00 37
17:10:23.006  CAN1  11B       [8]  C4 30 54 E3 20 08 54 E1
17:10:23.006  CAN1  121       [8]  59 30 2A A9 6A 8A AA 00
17:10:23.006  CAN1  124       [8]  56 30 00 15 55 2A A8 00
17:10:23.006  CAN1  14E       [8]  34 55 50 55 13 10 00 00
17:10:23.006  CAN1  15E       [8]  F1 20 80 00 51 10 00 00
17:10:23.006  CAN1  272       [8]  F9 50 18 07 00 AE 42 A8
17:10:23.006  CAN1  28E       [8]  3E 51 BF 01 31 80 00 00
17:10:23.006  CAN1  292       [8]  6D 50 00 00 00 00 00 00
17:10:23.018  CAN1  660       [8]  01 00 00 00 00 99 00 00
17:10:23.018  CAN1  661       [8]  00 59 00 A7 00 00 00 00
17:10:23.018  CAN1  662       [8]  00 00 00 00 00 00 00 00
17:10:23.018  CAN1  710       [8]  08 C0 8C 5D C3 83 C0 80
17:10:23.018  CAN1  1AE       [8]  2A 50 00 01 0F FF 7F F8
17:10:23.018  CAN1  205       [8]  FB 55 55 7F F9 18 00 CB
17:10:23.018  CAN1  23A       [8]  B0 50 00 00 00 00 00 00
17:10:23.018  CAN1  135       [8]  C7 20 1C FD 00 00 00 00
17:10:23.018  CAN1  2A3       [8]  01 FF FF 00 00 00 00 00
17:10:23.018  CAN1  1F4       [8]  A0 06 13 00 00 00 00 06
17:10:23.018  CAN1  2C7       [8]  1E 00 00 00 00 00 00 0B
17:10:23.018  CAN1  10C       [8]  06 41 90 81 8F 19 00 00
17:10:23.018  CAN1  117       [8]  42 40 00 00 57 00 00 27
17:10:23.018  CAN1  11B       [8]  CC 40 54 E3 20 08 54 E1
17:10:23.018  CAN1  10F       [8]  00 00 00 00 00 00 00 00
17:10:23.018  CAN1  121       [8]  51 40 2A A9 6A 8A AA 00
17:10:23.018  CAN1  124       [8]  5E 40 00 15 55 2A A8 00
17:10:23.018  CAN1  14E       [8]  E2 65 50 55 13 10 00 00
17:10:23.018  CAN1  272       [8]  E9 60 18 07 00 AE 42 A8
17:10:23.018  CAN1  28E       [8]  2E 61 BF 01 31 80 00 00
17:10:23.018  CAN1  292       [8]  BB 60 00 00 00 00 00 00
17:10:23.018  CAN1  660       [8]  01 00 00 00 00 99 00 00
17:10:23.018  CAN1  661       [8]  00 59 00 A7 00 00 00 00
17:10:23.018  CAN1  662       [8]  00 00 00 00 00 00 00 00
17:10:23.018  CAN1  710       [8]  08 C0 8C 5D C3 83 C0 80
17:10:23.018  CAN1  1AE       [8]  1A 60 00 01 0F FF 7F F8
17:10:23.018  CAN1  205       [8]  EB 65 55 7F F9 18 00 CB
17:10:23.018  CAN1  23A       [8]  A0 60 00 00 00 00 00 00
17:10:23.018  CAN1  135       [8]  C6 21 1C FD 00 00 00 00
17:10:23.018  CAN1  225       [8]  BE B8 FF 00 00 0D 8E F0
17:10:23.018  CAN1  32A       [8]  A6 AA B0 00 00 00 00 00
17:10:23.018  CAN1  1F4       [8]  A0 06 13 00 00 00 00 06
17:10:23.035  CAN1  2C7       [8]  1E 00 00 00 00 00 00 0C
17:10:23.035  CAN1  2AA       [8]  00 00 00 05 05 09 01 08
17:10:23.035  CAN1  10C       [8]  F6 51 90 81 8F 19 00 00
17:10:23.035  CAN1  117       [8]  52 40 00 00 57 00 00 17
17:10:23.035  CAN1  11B       [8]  75 50 54 E3 20 08 54 E1
17:10:23.035  CAN1  121       [8]  E8 50 2A A9 6A 8A AA 00
17:10:23.035  CAN1  124       [8]  E7 50 00 15 55 2A A8 00
17:10:23.035  CAN1  14E       [8]  5B 75 50 55 13 10 00 00
17:10:23.035  CAN1  15E       [8]  48 30 80 00 51 10 00 00
17:10:23.035  CAN1  272       [8]  D9 70 18 07 00 AE 42 A8
17:10:23.035  CAN1  28E       [8]  1E 71 BF 01 31 80 00 00
17:10:23.035  CAN1  292       [8]  02 70 00 00 00 00 00 00
17:10:23.035  CAN1  660       [8]  01 00 00 00 00 99 00 00
17:10:23.035  CAN1  661       [8]  00 59 00 A7 00 00 00 00
17:10:23.035  CAN1  662       [8]  00 00 00 00 00 00 00 00
17:10:23.035  CAN1  710       [8]  08 C0 8C 5D C3 83 80 80
17:10:23.035  CAN1  256       [8]  4D 10 00 61 25 2B AE 44
17:10:23.035  CAN1  312       [8]  10 00 00 7A C0 00 00 00
17:10:23.035  CAN1  313       [8]  7D 02 04 02 3F D1 3E 80
17:10:23.035  CAN1  317       [8]  60 E0 F8 B5 2E E3 E8 00
17:10:23.035  CAN1  1AE       [8]  0A 70 00 01 0F FF 7F F8
17:10:23.035  CAN1  205       [8]  DD 75 55 7F F9 18 00 C9
17:10:23.035  CAN1  135       [8]  C5 22 1C FD 00 00 00 00
17:10:23.035  CAN1  23A       [8]  90 70 00 00 00 00 00 00
17:10:23.035  CAN1  323       [8]  0F 65 14 00 7D 03 E8 01
17:10:23.035  CAN1  324       [8]  00 00 00 00 00 00 01 00
17:10:23.035  CAN1  1F4       [8]  A0 06 13 00 00 00 00 06
17:10:23.035  CAN1  338       [8]  00 28 5D C0 FF 00 02 00
17:10:23.035  CAN1  2C7       [8]  1E 00 00 00 00 00 00 0D
17:10:23.035  CAN1  10C       [8]  E6 61 90 81 8F 19 00 00
17:10:23.035  CAN1  117       [8]  62 40 00 00 57 00 00 07
17:10:23.035  CAN1  11B       [8]  A3 60 54 E3 20 08 54 E1
17:10:23.047  CAN1  10F       [8]  00 00 00 00 00 00 00 00
17:10:23.047  CAN1  121       [8]  3E 60 2A A9 6A 8A AA 00
17:10:23.047  CAN1  124       [8]  31 60 00 15 55 2A A8 00
17:10:23.047  CAN1  14E       [8]  F2 85 50 55 13 10 00 00
17:10:23.047  CAN1  272       [8]  C9 80 18 07 00 AE 42 A8
17:10:23.047  CAN1  28E       [8]  0E 81 BF 01 31 80 00 00
17:10:23.047  CAN1  292       [8]  AB 80 00 00 00 00 00 00
17:10:23.047  CAN1  660       [8]  01 00 00 00 00 99 00 00
17:10:23.047  CAN1  661       [8]  00 59 00 A7 00 00 00 00
17:10:23.047  CAN1  662       [8]  00 00 00 00 00 00 00 00
17:10:23.047  CAN1  710       [8]  08 C0 8C 5D C3 84 00 80
17:10:23.047  CAN1  1AE       [8]  FA 80 00 01 0F FF 7F F8
17:10:23.047  CAN1  205       [8]  CD 85 55 7F F9 18 00 C9
17:10:23.047  CAN1  23A       [8]  80 80 00 00 00 00 00 00
17:10:23.047  CAN1  135       [8]  C4 23 1C FD 00 00 00 00
17:10:23.047  CAN1  225       [8]  AE C8 FF 00 00 0D 8E F0
17:10:23.047  CAN1  32A       [8]  96 AA C0 00 00 00 00 00
17:10:23.047  CAN1  1F4       [8]  A0 06 13 00 00 00 00 06
17:10:23.047  CAN1  2C7       [8]  1E 00 00 00 00 00 00 0E
17:10:23.047  CAN1  2AA       [8]  00 00 00 05 05 09 02 0B
17:10:23.047  CAN1  10C       [8]  D6 71 90 81 8F 19 00 00
17:10:23.047  CAN1  117       [8]  72 40 00 00 57 00 00 F7
17:10:23.047  CAN1  11B       [8]  1A 70 54 E3 20 08 54 E1
17:10:23.047  CAN1  121       [8]  87 70 2A A9 6A 8A AA 00
17:10:23.047  CAN1  124       [8]  88 70 00 15 55 2A A8 00
17:10:23.047  CAN1  14E       [8]  4B 95 50 55 13 10 00 00
17:10:23.047  CAN1  15E       [8]  40 40 80 00 51 10 00 00
17:10:23.047  CAN1  272       [8]  B9 90 18 07 00 AE 42 A8
17:10:23.047  CAN1  28E       [8]  FE 91 BF 01 31 80 00 00
17:10:23.047  CAN1  292       [8]  12 90 00 00 00 00 00 00
17:10:23.047  CAN1  660       [8]  01 00 00 00 00 99 00 00
17:10:23.047  CAN1  661       [8]  00 59 00 A7 00 00 00 00
17:10:23.063  CAN1  662       [8]  00 00 00 00 00 00 00 00
17:10:23.063  CAN1  710       [8]  08 C0 8C 5D C3 84 00 80
17:10:23.063  CAN1  1AE       [8]  EA 90 00 01 0F FF 7F F8
17:10:23.063  CAN1  205       [8]  BC 95 55 7F F9 18 00 CA
17:10:23.063  CAN1  23A       [8]  70 90 00 00 00 00 00 00
17:10:23.063  CAN1  135       [8]  C3 24 1C FD 00 00 00 00
17:10:23.063  CAN1  1F4       [8]  A0 06 13 00 00 00 00 06
17:10:23.063  CAN1  2C7       [8]  1E 00 00 00 00 00 00 0F
17:10:23.063  CAN1  10C       [8]  C6 81 90 81 8F 19 00 00
17:10:23.063  CAN1  117       [8]  82 40 00 00 57 00 00 E7
17:10:23.063  CAN1  11B       [8]  B3 80 54 E3 20 08 54 E1
17:10:23.063  CAN1  10F       [8]  00 00 00 00 00 00 00 00
17:10:23.063  CAN1  121       [8]  2E 80 2A A9 6A 8A AA 00
17:10:23.063  CAN1  124       [8]  21 80 00 15 55 2A A8 00
17:10:23.063  CAN1  14E       [8]  9D A5 50 55 13 10 00 00
17:10:23.063  CAN1  272       [8]  A9 A0 18 07 00 AE 42 A8
17:10:23.063  CAN1  28E       [8]  EE A1 BF 01 31 80 00 00
17:10:23.063  CAN1  292       [8]  C4 A0 00 00 00 00 00 00
17:10:23.063  CAN1  2B2       [8]  F2 E0 00 00 41 00 90 41
17:10:23.063  CAN1  660       [8]  01 00 00 00 00 99 00 00
17:10:23.063  CAN1  661       [8]  00 59 00 A7 00 00 00 00
17:10:23.063  CAN1  662       [8]  00 00 00 00 00 00 00 00
17:10:23.063  CAN1  710       [8]  08 C0 8C 5D C3 84 00 80
17:10:23.063  CAN1  1AE       [8]  DA A0 00 01 0F FF 7F F8
17:10:23.063  CAN1  205       [8]  AC A5 55 7F F9 18 00 CA
17:10:23.063  CAN1  23A       [8]  60 A0 00 00 00 00 00 00
17:10:23.063  CAN1  135       [8]  C2 25 1C FD 00 00 00 00
17:10:23.063  CAN1  225       [8]  9E D8 FF 00 00 0D 8E F0
17:10:23.063  CAN1  2A3       [8]  01 FF FF 00 00 00 00 00
17:10:23.063  CAN1  32A       [8]  86 AA D0 00 00 00 00 00
17:10:23.063  CAN1  1F4       [8]  A0 06 13 00 00 00 00 06
17:10:23.063  CAN1  2C7       [8]  1E 00 00 00 00 00 00 00
17:10:23.076  CAN1  2AA       [8]  00 00 00 05 05 09 03 0A
17:10:23.076  CAN1  10C       [8]  B6 91 90 81 8F 19 00 00
17:10:23.076  CAN1  117       [8]  92 40 00 00 57 00 00 D7
17:10:23.076  CAN1  11B       [8]  0A 90 54 E3 20 08 54 E1
17:10:23.076  CAN1  121       [8]  97 90 2A A9 6A 8A AA 00
17:10:23.076  CAN1  124       [8]  98 90 00 15 55 2A A8 00
17:10:23.076  CAN1  07D       [8]  FB F0 15 00 00 00 00 00
17:10:23.076  CAN1  14E       [8]  24 B5 50 55 13 10 00 00
17:10:23.076  CAN1  15E       [8]  F9 50 80 00 51 10 00 00
17:10:23.076  CAN1  272       [8]  99 B0 18 07 00 AE 42 A8
17:10:23.076  CAN1  28E       [8]  DE B1 BF 01 31 80 00 00
17:10:23.076  CAN1  292       [8]  7D B0 00 00 00 00 00 00
17:10:23.076  CAN1  660       [8]  01 00 00 00 00 99 00 00
17:10:23.076  CAN1  661       [8]  00 59 00 A7 00 00 00 00
17:10:23.076  CAN1  662       [8]  00 00 00 00 00 00 00 00
17:10:23.076  CAN1  710       [8]  08 C0 8C 5D C3 83 C0 80
17:10:23.076  CAN1  1AE       [8]  CA B0 00 01 0F FF 7F F8
17:10:23.076  CAN1  205       [8]  9D B5 55 7F F9 18 00 C9
17:10:23.076  CAN1  23A       [8]  50 B0 00 00 00 00 00 00
17:10:23.076  CAN1  135       [8]  C1 26 1C FD 00 00 00 00
17:10:23.076  CAN1  1F4       [8]  A0 06 13 00 00 00 00 06
17:10:23.076  CAN1  2C7       [8]  1E 00 00 00 00 00 00 01
17:10:23.076  CAN1  10C       [8]  A6 A1 90 81 8F 19 00 00
17:10:23.076  CAN1  117       [8]  A2 40 00 00 57 00 00 C7
17:10:23.076  CAN1  11B       [8]  DC A0 54 E3 20 08 54 E1
17:10:23.076  CAN1  10F       [8]  00 00 00 00 00 00 00 00
17:10:23.076  CAN1  121       [8]  41 A0 2A A9 6A 8A AA 00
17:10:23.076  CAN1  124       [8]  4E A0 00 15 55 2A A8 00
17:10:23.076  CAN1  14E       [8]  2C C5 50 55 13 10 00 00
17:10:23.076  CAN1  272       [8]  89 C0 18 07 00 AE 42 A8
17:10:23.076  CAN1  28E       [8]  CE C1 BF 01 31 80 00 00
17:10:23.076  CAN1  292       [8]  75 C0 00 00 00 00 00 00
17:10:23.088  CAN1  660       [8]  01 00 00 00 00 99 00 00
17:10:23.088  CAN1  661       [8]  00 59 00 A7 00 00 00 00
17:10:23.088  CAN1  662       [8]  00 00 00 00 00 00 00 00
17:10:23.088  CAN1  710       [8]  08 C0 8C 5D C3 84 00 80
17:10:23.088  CAN1  1AE       [8]  BA C0 00 01 0F FF 7F F8
17:10:23.088  CAN1  205       [8]  8D C5 55 7F F9 18 00 C9
17:10:23.088  CAN1  23A       [8]  40 C0 00 00 00 00 00 00
17:10:23.088  CAN1  135       [8]  C0 27 1C FD 00 00 00 00
17:10:23.088  CAN1  225       [8]  8E E8 FF 00 00 0D 8E F0
17:10:23.088  CAN1  32A       [8]  76 AA E0 00 00 00 00 00
17:10:23.088  CAN1  1F4       [8]  A0 06 13 00 00 00 00 06
17:10:23.088  CAN1  2C7       [8]  1E 00 00 00 00 00 00 02
17:10:23.088  CAN1  2AA       [8]  00 00 00 05 05 09 04 0D
17:10:23.088  CAN1  10C       [8]  96 B1 90 81 8F 19 00 00
17:10:23.088  CAN1  117       [8]  B2 40 00 00 57 00 00 B7
17:10:23.088  CAN1  11B       [8]  65 B0 54 E3 20 08 54 E1
17:10:23.088  CAN1  121       [8]  F8 B0 2A A9 6A 8A AA 00
17:10:23.088  CAN1  124       [8]  F7 B0 00 15 55 2A A8 00
17:10:23.088  CAN1  14E       [8]  95 D5 50 55 13 10 00 00
17:10:23.088  CAN1  15E       [8]  2F 60 80 00 51 10 00 00
17:10:23.088  CAN1  272       [8]  79 D0 18 07 00 AE 42 A8
17:10:23.088  CAN1  28E       [8]  BE D1 BF 01 31 80 00 00
17:10:23.088  CAN1  292       [8]  CC D0 00 00 00 00 00 00
17:10:23.088  CAN1  660       [8]  01 00 00 00 00 99 00 00
17:10:23.088  CAN1  661       [8]  00 59 00 A7 00 00 00 00
17:10:23.088  CAN1  662       [8]  00 00 00 00 00 00 00 00
17:10:23.088  CAN1  710       [8]  08 C0 8C 5D C3 83 80 80
17:10:23.088  CAN1  1AE       [8]  AA D0 00 01 0F FF 7F F8
17:10:23.088  CAN1  205       [8]  7E D5 55 7F F9 18 00 C8
17:10:23.088  CAN1  23A       [8]  30 D0 00 00 00 00 00 00
17:10:23.088  CAN1  135       [8]  BF 28 1C FD 00 00 00 00
17:10:23.088  CAN1  1F4       [8]  A0 06 13 00 00 00 00 06
17:10:23.103  CAN1  2C7       [8]  1E 00 00 00 00 00 00 03
17:10:23.103  CAN1  10C       [8]  86 C1 90 81 8F 19 00 00
17:10:23.103  CAN1  117       [8]  C2 40 00 00 57 00 00 A7
17:10:23.103  CAN1  11B       [8]  6D C0 54 E3 20 08 54 E1
17:10:23.103  CAN1  10F       [8]  00 00 00 00 00 00 00 00
17:10:23.103  CAN1  121       [8]  F0 C0 2A A9 6A 8A AA 00
17:10:23.103  CAN1  124       [8]  FF C0 00 15 55 2A A8 00
17:10:23.103  CAN1  14E       [8]  43 E5 50 55 13 10 00 00
17:10:23.103  CAN1  272       [8]  69 E0 18 07 00 AE 42 A8
17:10:23.103  CAN1  28E       [8]  AE E1 BF 01 31 80 00 00
17:10:23.103  CAN1  292       [8]  1A E0 00 00 00 00 00 00
17:10:23.103  CAN1  660       [8]  01 00 00 00 00 99 00 00
17:10:23.103  CAN1  661       [8]  00 59 00 A7 00 00 00 00
17:10:23.103  CAN1  662       [8]  00 00 00 00 00 00 00 00
17:10:23.103  CAN1  710       [8]  08 C0 8C 5D C3 83 80 80
17:10:23.103  CAN1  1AE       [8]  9A E0 00 01 0F FF 7F F8
17:10:23.103  CAN1  205       [8]  6E E5 55 7F F9 18 00 C8
17:10:23.103  CAN1  23A       [8]  20 E0 00 00 00 00 00 00
17:10:23.103  CAN1  135       [8]  BE 29 1C FD 00 00 00 00
17:10:23.103  CAN1  225       [8]  7E F8 FF 00 00 0D 8E F0
17:10:23.103  CAN1  32A       [8]  66 AA F0 00 00 00 00 00
17:10:23.103  CAN1  1F4       [8]  A0 06 13 00 00 00 00 06
17:10:23.103  CAN1  2C7       [8]  1E 00 00 00 00 00 00 04
17:10:23.103  CAN1  2AA       [8]  00 00 00 05 05 09 05 0C
17:10:23.103  CAN1  10C       [8]  76 D1 90 81 8F 19 00 00
17:10:23.103  CAN1  117       [8]  D2 40 00 00 57 00 00 97
17:10:23.103  CAN1  11B       [8]  D4 D0 54 E3 20 08 54 E1
17:10:23.103  CAN1  121       [8]  49 D0 2A A9 6A 8A AA 00
17:10:23.103  CAN1  124       [8]  46 D0 00 15 55 2A A8 00
17:10:23.103  CAN1  14E       [8]  FA F5 50 55 13 10 00 00
17:10:23.103  CAN1  15E       [8]  96 70 80 00 51 10 00 00
17:10:23.103  CAN1  272       [8]  59 F0 18 07 00 AE 42 A8
17:10:23.115  CAN1  28E       [8]  9E F1 BF 01 31 80 00 00
17:10:23.115  CAN1  292       [8]  A3 F0 00 00 00 00 00 00
17:10:23.115  CAN1  660       [8]  01 00 00 00 00 99 00 00
17:10:23.115  CAN1  661       [8]  00 59 00 A7 00 00 00 00
17:10:23.115  CAN1  662       [8]  00 00 00 00 00 00 00 00
17:10:23.115  CAN1  710       [8]  08 C0 8C 5D C3 84 00 80
17:10:23.115  CAN1  1AE       [8]  8A F0 00 01 0F FF 7F F8
17:10:23.115  CAN1  205       [8]  5B F5 55 7F F9 18 00 CB
17:10:23.115  CAN1  23A       [8]  10 F0 00 00 00 00 00 00
17:10:23.115  CAN1  135       [8]  BD 2A 1C FD 00 00 00 00
17:10:23.115  CAN1  2A3       [8]  01 FF FF 00 00 00 00 00
17:10:23.115  CAN1  1F4       [8]  A0 06 13 00 00 00 00 06
17:10:23.115  CAN1  2C7       [8]  1E 00 00 00 00 00 00 05
17:10:23.115  CAN1  10C       [8]  66 E1 90 81 8F 19 00 00
17:10:23.115  CAN1  117       [8]  E2 40 00 00 57 00 00 87
17:10:23.115  CAN1  11B       [8]  02 E0 54 E3 20 08 54 E1
17:10:23.115  CAN1  10F       [8]  00 00 00 00 00 00 00 00
17:10:23.115  CAN1  121       [8]  9F E0 2A A9 6A 8A AA 00
17:10:23.115  CAN1  124       [8]  90 E0 00 15 55 2A A8 00
17:10:23.115  CAN1  14E       [8]  53 05 50 55 13 10 00 00
17:10:23.115  CAN1  272       [8]  49 00 18 07 00 AE 42 A8
17:10:23.115  CAN1  28E       [8]  8E 01 BF 01 31 80 00 00
17:10:23.115  CAN1  292       [8]  0A 00 00 00 00 00 00 00
17:10:23.115  CAN1  3A7       [8]  01 00 4D 41 00 00 00 00
17:10:23.115  CAN1  660       [8]  01 00 00 00 00 99 00 00
17:10:23.115  CAN1  661       [8]  00 59 00 A7 00 00 00 00
17:10:23.115  CAN1  662       [8]  00 00 00 00 00 00 00 00
17:10:23.115  CAN1  710       [8]  08 C0 8C 5D C3 84 40 80
17:10:23.115  CAN1  1AE       [8]  7A 00 00 01 0F FF 7F F8
17:10:23.115  CAN1  205       [8]  4B 05 55 7F F9 18 00 CB
17:10:23.115  CAN1  23A       [8]  00 00 00 00 00 00 00 00
17:10:23.115  CAN1  135       [8]  BC 2B 1C FD 00 00 00 00
17:10:23.128  CAN1  225       [8]  6E 08 FF 00 00 0D 8E F0
17:10:23.128  CAN1  32A       [8]  56 AA 00 00 00 00 00 00
17:10:23.128  CAN1  1F4       [8]  A0 06 13 00 00 00 00 06
17:10:23.128  CAN1  2C7       [8]  1E 00 00 00 00 00 00 06
17:10:23.128  CAN1  2AA       [8]  00 00 00 05 05 09 06 0F
17:10:23.128  CAN1  10C       [8]  56 F1 90 81 8F 19 00 00
17:10:23.128  CAN1  117       [8]  F2 40 00 00 57 00 00 77
17:10:23.128  CAN1  11B       [8]  BB F0 54 E3 20 08 54 E1
17:10:23.128  CAN1  121       [8]  26 F0 2A A9 6A 8A AA 00
17:10:23.128  CAN1  124       [8]  29 F0 00 15 55 2A A8 00
17:10:23.128  CAN1  14E       [8]  EA 15 50 55 13 10 00 00
17:10:23.128  CAN1  15E       [8]  9E 00 80 00 51 10 00 00
17:10:23.128  CAN1  272       [8]  39 10 18 07 00 AE 42 A8
17:10:23.128  CAN1  28E       [8]  7E 11 BF 01 31 80 00 00
17:10:23.128  CAN1  292       [8]  B3 10 00 00 00 00 00 00
17:10:23.128  CAN1  660       [8]  01 00 00 00 00 99 00 00
17:10:23.128  CAN1  661       [8]  00 59 00 A7 00 00 00 00
17:10:23.128  CAN1  662       [8]  00 00 00 00 00 00 00 00
17:10:23.128  CAN1  710       [8]  08 C0 8C 5D C3 83 C0 80
17:10:23.128  CAN1  256       [8]  4C 10 00 61 25 2B AF 44
17:10:23.128  CAN1  312       [8]  10 00 00 7A C0 00 00 00
17:10:23.128  CAN1  313       [8]  7D 02 04 02 3F D1 3E 80
17:10:23.128  CAN1  317       [8]  60 E0 F8 B5 2E E3 E8 00
17:10:23.128  CAN1  1AE       [8]  6A 10 00 01 0F FF 7F F8
17:10:23.128  CAN1  135       [8]  BB 2C 1C FD 00 00 00 00
17:10:23.128  CAN1  205       [8]  3B 15 55 7F F9 18 00 CB
17:10:23.128  CAN1  23A       [8]  F0 10 00 00 00 00 00 00
17:10:23.128  CAN1  323       [8]  0F 65 14 00 7D 03 E8 01
17:10:23.128  CAN1  324       [8]  00 00 00 00 00 00 01 00
17:10:23.128  CAN1  1F4       [8]  A0 06 13 00 00 00 00 06
17:10:23.128  CAN1  338       [8]  00 28 5D C0 FF 00 02 00
17:10:23.128  CAN1  2C7       [8]  1E 00 00 00 00 00 00 07
17:10:23.144  CAN1  10C       [8]  46 01 90 81 8F 19 00 00
17:10:23.144  CAN1  117       [8]  02 40 00 00 57 00 00 67
17:10:23.144  CAN1  11B       [8]  12 00 54 E3 20 08 54 E1
17:10:23.144  CAN1  10F       [8]  00 00 00 00 00 00 00 00
17:10:23.144  CAN1  121       [8]  8F 00 2A A9 6A 8A AA 00
17:10:23.144  CAN1  124       [8]  80 00 00 15 55 2A A8 00
17:10:23.144  CAN1  14E       [8]  3C 25 50 55 13 10 00 00
17:10:23.144  CAN1  272       [8]  29 20 18 07 00 AE 42 A8
17:10:23.144  CAN1  28E       [8]  6E 21 BF 01 31 80 00 00
17:10:23.144  CAN1  292       [8]  65 20 00 00 00 00 00 00
17:10:23.144  CAN1  660       [8]  01 00 00 00 00 99 00 00
17:10:23.144  CAN1  661       [8]  00 59 00 A7 00 00 00 00
17:10:23.144  CAN1  662       [8]  00 00 00 00 00 00 00 00
17:10:23.144  CAN1  710       [8]  08 C0 8C 5D C3 84 00 80
17:10:23.144  CAN1  1AE       [8]  5A 20 00 01 0F FF 7F F8
17:10:23.144  CAN1  205       [8]  2B 25 55 7F F9 18 00 CB
17:10:23.144  CAN1  23A       [8]  E0 20 00 00 00 00 00 00
17:10:23.144  CAN1  135       [8]  BA 2D 1C FD 00 00 00 00
17:10:23.144  CAN1  225       [8]  5E 18 FF 00 00 0D 8E F0
17:10:23.144  CAN1  32A       [8]  46 AA 10 00 00 00 00 00
17:10:23.144  CAN1  1F4       [8]  A0 06 13 00 00 00 00 06
17:10:23.144  CAN1  2C7       [8]  1E 00 00 00 00 00 00 08
17:10:23.144  CAN1  2AA       [8]  00 00 00 05 05 09 07 0E
17:10:23.144  CAN1  10C       [8]  36 11 90 81 8F 19 00 00
17:10:23.144  CAN1  117       [8]  12 40 00 00 57 00 00 57
17:10:23.144  CAN1  11B       [8]  AB 10 54 E3 20 08 54 E1
17:10:23.144  CAN1  121       [8]  36 10 2A A9 6A 8A AA 00
17:10:23.144  CAN1  124       [8]  39 10 00 15 55 2A A8 00
17:10:23.144  CAN1  14E       [8]  85 35 50 55 13 10 00 00
17:10:23.144  CAN1  15E       [8]  27 10 80 00 51 10 00 00
17:10:23.144  CAN1  272       [8]  19 30 18 07 00 AE 42 A8
17:10:23.144  CAN1  28E       [8]  5E 31 BF 01 31 80 00 00
17:10:23.157  CAN1  292       [8]  DC 30 00 00 00 00 00 00
17:10:23.157  CAN1  660       [8]  01 00 00 00 00 99 00 00
17:10:23.157  CAN1  661       [8]  00 59 00 A7 00 00 00 00
17:10:23.157  CAN1  662       [8]  00 00 00 00 00 00 00 00
17:10:23.157  CAN1  710       [8]  08 C0 8C 5D C3 84 00 80
17:10:23.157  CAN1  1AE       [8]  4A 30 00 01 0F FF 7F F8
17:10:23.157  CAN1  205       [8]  1C 35 55 7F F9 18 00 CA
17:10:23.157  CAN1  23A       [8]  D0 30 00 00 00 00 00 00
17:10:23.157  CAN1  135       [8]  B9 2E 1C FD 00 00 00 00
17:10:23.157  CAN1  1F4       [8]  A0 06 13 00 00 00 00 06
17:10:23.157  CAN1  2C7       [8]  1E 00 00 00 00 00 00 09
17:10:23.157  CAN1  10C       [8]  26 21 90 81 8F 19 00 00
17:10:23.157  CAN1  117       [8]  22 40 00 00 57 00 00 47
17:10:23.157  CAN1  11B       [8]  7D 20 54 E3 20 08 54 E1
17:10:23.157  CAN1  10F       [8]  00 00 00 00 00 00 00 00
17:10:23.157  CAN1  121       [8]  E0 20 2A A9 6A 8A AA 00
17:10:23.157  CAN1  124       [8]  EF 20 00 15 55 2A A8 00
17:10:23.157  CAN1  14E       [8]  8D 45 50 55 13 10 00 00
17:10:23.157  CAN1  272       [8]  09 40 18 07 00 AE 42 A8
17:10:23.157  CAN1  28E       [8]  4E 41 BF 01 31 80 00 00
17:10:23.157  CAN1  292       [8]  D4 40 00 00 00 00 00 00
17:10:23.157  CAN1  2B2       [8]  02 F0 00 00 41 00 90 41
17:10:23.157  CAN1  660       [8]  01 00 00 00 00 99 00 00
17:10:23.157  CAN1  661       [8]  00 59 00 A7 00 00 00 00
17:10:23.157  CAN1  662       [8]  00 00 00 00 00 00 00 00
17:10:23.157  CAN1  710       [8]  08 C0 8C 5D C3 84 00 80
17:10:23.157  CAN1  1AE       [8]  3A 40 00 01 0F FF 7F F8
17:10:23.157  CAN1  205       [8]  0C 45 55 7F F9 18 00 CA
17:10:23.157  CAN1  23A       [8]  C0 40 00 00 00 00 00 00
17:10:23.157  CAN1  135       [8]  B8 2F 1C FD 00 00 00 00
17:10:23.157  CAN1  225       [8]  4E 28 FF 00 00 0D 8E F0
17:10:23.157  CAN1  2A3       [8]  01 FF FF 00 00 00 00 00
17:10:23.172  CAN1  32A       [8]  36 AA 20 00 00 00 00 00
17:10:23.172  CAN1  1F4       [8]  A0 06 13 00 00 00 00 06
17:10:23.172  CAN1  2C7       [8]  1E 00 00 00 00 00 00 0A
17:10:23.172  CAN1  2AA       [8]  00 00 00 05 05 09 08 01
17:10:23.172  CAN1  10C       [8]  16 31 90 81 8F 19 00 00
17:10:23.172  CAN1  117       [8]  32 40 00 00 57 00 00 37
17:10:23.172  CAN1  11B       [8]  C4 30 54 E3 20 08 54 E1
17:10:23.172  CAN1  121       [8]  59 30 2A A9 6A 8A AA 00
17:10:23.172  CAN1  124       [8]  56 30 00 15 55 2A A8 00
17:10:23.172  CAN1  14E       [8]  34 55 50 55 13 10 00 00
17:10:23.172  CAN1  07D       [8]  EB 00 15 00 00 00 00 00
17:10:23.172  CAN1  15E       [8]  F1 20 80 00 51 10 00 00
17:10:23.172  CAN1  272       [8]  F9 50 18 07 00 AE 42 A8
17:10:23.172  CAN1  28E       [8]  3E 51 BF 01 31 80 00 00
17:10:23.172  CAN1  292       [8]  6D 50 00 00 00 00 00 00
17:10:23.172  CAN1  660       [8]  01 00 00 00 00 99 00 00
17:10:23.172  CAN1  661       [8]  00 59 00 A7 00 00 00 00
17:10:23.172  CAN1  662       [8]  00 00 00 00 00 00 00 00
17:10:23.172  CAN1  710       [8]  08 C0 8C 5D C3 84 00 80
17:10:23.172  CAN1  1AE       [8]  2A 50 00 01 0F FF 7F F8
17:10:23.172  CAN1  205       [8]  FB 55 55 7F F9 18 00 CB
17:10:23.172  CAN1  23A       [8]  B0 50 00 00 00 00 00 00
17:10:23.172  CAN1  135       [8]  C7 20 1C FD 00 00 00 00
17:10:23.172  CAN1  1F4       [8]  A0 06 13 00 00 00 00 06
17:10:23.172  CAN1  2C7       [8]  1E 00 00 00 00 00 00 0B
17:10:23.172  CAN1  10C       [8]  06 41 90 81 8F 19 00 00
17:10:23.172  CAN1  117       [8]  42 40 00 00 57 00 00 27
17:10:23.172  CAN1  11B       [8]  CC 40 54 E3 20 08 54 E1
17:10:23.172  CAN1  10F       [8]  00 00 00 00 00 00 00 00
17:10:23.172  CAN1  121       [8]  51 40 2A A9 6A 8A AA 00
17:10:23.172  CAN1  124       [8]  5E 40 00 15 55 2A A8 00
17:10:23.172  CAN1  14E       [8]  E2 65 50 55 13 10 00 00
17:10:23.184  CAN1  272       [8]  E9 60 18 07 00 AE 42 A8
17:10:23.184  CAN1  28E       [8]  2E 61 BF 01 31 80 00 00
17:10:23.184  CAN1  292       [8]  BB 60 00 00 00 00 00 00
17:10:23.184  CAN1  660       [8]  01 00 00 00 00 99 00 00
17:10:23.184  CAN1  661       [8]  00 59 00 A7 00 00 00 00
17:10:23.184  CAN1  662       [8]  00 00 00 00 00 00 00 00
17:10:23.184  CAN1  710       [8]  08 C0 8C 5D C3 84 00 80
17:10:23.184  CAN1  1AE       [8]  1A 60 00 01 0F FF 7F F8
17:10:23.184  CAN1  205       [8]  EB 65 55 7F F9 18 00 CB
17:10:23.184  CAN1  23A       [8]  A0 60 00 00 00 00 00 00
17:10:23.184  CAN1  135       [8]  C6 21 1C FD 00 00 00 00
17:10:23.184  CAN1  225       [8]  3E 38 FF 00 00 0D 8E F0
17:10:23.184  CAN1  32A       [8]  26 AA 30 00 00 00 00 00
17:10:23.184  CAN1  1F4       [8]  A0 06 13 00 00 00 00 06
17:10:23.184  CAN1  2C7       [8]  1E 00 00 00 00 00 00 0C
17:10:23.184  CAN1  2AA       [8]  00 00 00 05 05 09 09 00
17:10:23.184  CAN1  10C       [8]  F6 51 90 81 8F 19 00 00
17:10:23.184  CAN1  117       [8]  52 40 00 00 57 00 00 17
17:10:23.184  CAN1  11B       [8]  75 50 54 E3 20 08 54 E1
17:10:23.184  CAN1  121       [8]  E8 50 2A A9 6A 8A AA 00
17:10:23.184  CAN1  124       [8]  E7 50 00 15 55 2A A8 00
17:10:23.184  CAN1  14E       [8]  5B 75 50 55 13 10 00 00
17:10:23.184  CAN1  15E       [8]  48 30 80 00 51 10 00 00
17:10:23.184  CAN1  272       [8]  D9 70 18 07 00 AE 42 A8
17:10:23.184  CAN1  28E       [8]  1E 71 BF 01 31 80 00 00
17:10:23.184  CAN1  292       [8]  02 70 00 00 00 00 00 00
17:10:23.184  CAN1  660       [8]  01 00 00 00 00 99 00 00
17:10:23.184  CAN1  661       [8]  00 59 00 A7 00 00 00 00
17:10:23.184  CAN1  662       [8]  00 00 00 00 00 00 00 00
17:10:23.184  CAN1  710       [8]  08 C0 8C 5D C3 84 40 80
17:10:23.184  CAN1  1AE       [8]  0A 70 00 01 0F FF 7F F8
17:10:23.184  CAN1  205       [8]  DB 75 55 7F F9 18 00 CB
17:10:23.208  CAN1  23A       [8]  90 70 00 00 00 00 00 00
17:10:23.208  CAN1  135       [8]  C5 22 1C FD 00 00 00 00
17:10:23.208  CAN1  1F4       [8]  A0 06 13 00 00 00 00 06
17:10:23.208  CAN1  2C7       [8]  1E 00 00 00 00 00 00 0D
17:10:23.208  CAN1  10C       [8]  E6 61 90 81 8F 19 00 00
17:10:23.208  CAN1  117       [8]  62 40 00 00 57 00 00 07
17:10:23.208  CAN1  11B       [8]  A3 60 54 E3 20 08 54 E1
17:10:23.208  CAN1  10F       [8]  00 00 00 00 00 00 00 00
17:10:23.208  CAN1  121       [8]  3E 60 2A A9 6A 8A AA 00
17:10:23.208  CAN1  124       [8]  31 60 00 15 55 2A A8 00
17:10:23.208  CAN1  14E       [8]  F2 85 50 55 13 10 00 00
17:10:23.208  CAN1  272       [8]  C9 80 18 07 00 AE 42 A8
17:10:23.208  CAN1  28E       [8]  0E 81 BF 01 31 80 00 00
17:10:23.208  CAN1  292       [8]  AB 80 00 00 00 00 00 00
17:10:23.208  CAN1  660       [8]  01 00 00 00 00 99 00 00
17:10:23.208  CAN1  661       [8]  00 59 00 A7 00 00 00 00
17:10:23.208  CAN1  662       [8]  00 00 00 00 00 00 00 00
17:10:23.208  CAN1  710       [8]  08 C0 8C 5D C3 84 40 80
17:10:23.208  CAN1  1AE       [8]  FA 80 00 01 0F FF 7F F8
17:10:23.208  CAN1  205       [8]  CB 85 55 7F F9 18 00 CB
17:10:23.208  CAN1  23A       [8]  80 80 00 00 00 00 00 00
17:10:23.208  CAN1  135       [8]  BE 23 1C FD 06 00 00 00
17:10:23.208  CAN1  225       [8]  2E 48 FF 00 00 0D 8E F0
17:10:23.208  CAN1  32A       [8]  16 AA 40 00 00 00 00 00
17:10:23.208  CAN1  1F4       [8]  A0 06 13 00 00 00 00 06
17:10:23.208  CAN1  2C7       [8]  1E 00 00 00 00 00 00 0E
17:10:23.208  CAN1  2AA       [8]  00 00 00 05 05 09 0A 03
17:10:23.208  CAN1  10C       [8]  D6 71 90 81 8F 19 00 00
17:10:23.208  CAN1  117       [8]  72 40 00 00 57 00 00 F7
17:10:23.208  CAN1  11B       [8]  1A 70 54 E3 20 08 54 E1
17:10:23.208  CAN1  121       [8]  87 70 2A A9 6A 8A AA 00
17:10:23.208  CAN1  124       [8]  88 70 00 15 55 2A A8 00
17:10:23.222  CAN1  14E       [8]  4B 95 50 55 13 10 00 00
17:10:23.222  CAN1  15E       [8]  40 40 80 00 51 10 00 00
17:10:23.222  CAN1  272       [8]  B9 90 18 07 00 AE 42 A8
17:10:23.222  CAN1  28E       [8]  FE 91 BF 01 31 80 00 00
17:10:23.222  CAN1  292       [8]  12 90 00 00 00 00 00 00
17:10:23.222  CAN1  660       [8]  01 00 00 00 00 99 00 00
17:10:23.222  CAN1  661       [8]  00 59 00 A7 00 00 00 00
17:10:23.222  CAN1  662       [8]  00 00 00 00 00 00 00 00
17:10:23.222  CAN1  710       [8]  08 C0 8C 5D C3 84 00 80
17:10:23.222  CAN1  1AE       [8]  EA 90 00 01 0F FF 7F F8
17:10:23.222  CAN1  205       [8]  BD 95 55 7F F9 18 00 C9
17:10:23.222  CAN1  23A       [8]  70 90 00 00 00 00 00 00
17:10:23.222  CAN1  135       [8]  C3 24 1C FD 00 00 00 00
17:10:23.222  CAN1  2A3       [8]  01 FF FF 00 00 00 00 00
17:10:23.222  CAN1  1F4       [8]  A0 06 13 00 00 00 00 06
17:10:23.222  CAN1  2C7       [8]  1E 00 00 00 00 00 00 0F
17:10:23.222  CAN1  10C       [8]  C6 81 90 81 8F 19 00 00
17:10:23.222  CAN1  117       [8]  82 40 00 00 57 00 00 E7
17:10:23.222  CAN1  11B       [8]  B3 80 54 E3 20 08 54 E1
17:10:23.222  CAN1  10F       [8]  00 00 00 00 00 00 00 00
17:10:23.222  CAN1  121       [8]  2E 80 2A A9 6A 8A AA 00
17:10:23.222  CAN1  124       [8]  21 80 00 15 55 2A A8 00
17:10:23.222  CAN1  14E       [8]  9D A5 50 55 13 10 00 00
17:10:23.222  CAN1  272       [8]  A9 A0 18 07 00 AE 42 A8
17:10:23.222  CAN1  28E       [8]  EE A1 BF 01 31 80 00 00
17:10:23.222  CAN1  292       [8]  C4 A0 00 00 00 00 00 00
17:10:23.222  CAN1  660       [8]  01 00 00 00 00 99 00 00
17:10:23.222  CAN1  661       [8]  00 59 00 A7 00 00 00 00
17:10:23.222  CAN1  662       [8]  00 00 00 00 00 00 00 00
17:10:23.222  CAN1  710       [8]  08 C0 8C 5D C3 84 00 80
17:10:23.222  CAN1  1AE       [8]  DA A0 00 01 0F FF 7F F8
17:10:23.222  CAN1  205       [8]  AD A5 55 7F F9 18 00 C9
17:10:23.223  CAN1  23A       [8]  60 A0 00 00 00 00 00 00
17:10:23.223  CAN1  135       [8]  C2 25 1C FD 00 00 00 00
17:10:23.223  CAN1  225       [8]  1E 58 FF 00 00 0D 8E F0
17:10:23.223  CAN1  32A       [8]  06 AA 50 00 00 00 00 00
17:10:23.223  CAN1  1F4       [8]  A0 06 13 00 00 00 00 06
17:10:23.223  CAN1  2C7       [8]  1E 00 00 00 00 00 00 00
17:10:23.223  CAN1  2AA       [8]  00 00 00 05 05 09 0B 02
17:10:23.223  CAN1  10C       [8]  B6 91 90 81 8F 19 00 00
17:10:23.223  CAN1  117       [8]  92 40 00 00 57 00 00 D7
17:10:23.223  CAN1  11B       [8]  0A 90 54 E3 20 08 54 E1
17:10:23.223  CAN1  121       [8]  97 90 2A A9 6A 8A AA 00
17:10:23.223  CAN1  124       [8]  98 90 00 15 55 2A A8 00
17:10:23.223  CAN1  14E       [8]  24 B5 50 55 13 10 00 00
17:10:23.223  CAN1  15E       [8]  F9 50 80 00 51 10 00 00
17:10:23.223  CAN1  272       [8]  99 B0 18 07 00 AE 42 A8
17:10:23.223  CAN1  28E       [8]  DE B1 BF 01 31 80 00 00
17:10:23.223  CAN1  292       [8]  7D B0 00 00 00 00 00 00
17:10:23.223  CAN1  660       [8]  01 00 00 00 00 99 00 00
17:10:23.223  CAN1  661       [8]  00 59 00 A7 00 00 00 00
17:10:23.223  CAN1  662       [8]  00 00 00 00 00 00 00 00
17:10:23.223  CAN1  710       [8]  08 C0 8C 5D C3 84 00 80
17:10:23.223  CAN1  256       [8]  5B 10 00 61 25 2B A0 44
17:10:23.223  CAN1  312       [8]  10 00 00 7A C0 00 00 00
17:10:23.223  CAN1  313       [8]  7D 02 04 02 3F D1 3E 80
17:10:23.223  CAN1  317       [8]  60 E0 F8 B5 2E E3 E8 00
17:10:23.223  CAN1  1AE       [8]  CA B0 00 01 0F FF 7F F8
17:10:23.223  CAN1  205       [8]  9C B5 55 7F F9 18 00 CA
17:10:23.223  CAN1  135       [8]  C1 26 1C FD 00 00 00 00
17:10:23.223  CAN1  23A       [8]  50 B0 00 00 00 00 00 00
17:10:23.223  CAN1  323       [8]  0F 65 14 00 7D 03 E8 01
17:10:23.223  CAN1  324       [8]  00 00 00 00 00 00 01 00
17:10:23.223  CAN1  1F4       [8]  A0 06 13 00 00 00 00 06
17:10:23.248  CAN1  338       [8]  00 28 5D C0 FF 00 02 00
17:10:23.248  CAN1  2C7       [8]  1E 00 00 00 00 00 00 01
17:10:23.248  CAN1  10C       [8]  A6 A1 90 81 8F 19 00 00
17:10:23.248  CAN1  117       [8]  A2 40 00 00 57 00 00 C7
17:10:23.248  CAN1  11B       [8]  DC A0 54 E3 20 08 54 E1
17:10:23.248  CAN1  10F       [8]  00 00 00 00 00 00 00 00
17:10:23.248  CAN1  121       [8]  41 A0 2A A9 6A 8A AA 00
17:10:23.248  CAN1  124       [8]  4E A0 00 15 55 2A A8 00
17:10:23.248  CAN1  14E       [8]  2C C5 50 55 13 10 00 00
17:10:23.248  CAN1  272       [8]  89 C0 18 07 00 AE 42 A8
17:10:23.248  CAN1  28E       [8]  CE C1 BF 01 31 80 00 00
17:10:23.248  CAN1  292       [8]  75 C0 00 00 00 00 00 00
17:10:23.248  CAN1  660       [8]  01 00 00 00 00 99 00 00
17:10:23.248  CAN1  661       [8]  00 59 00 A7 00 00 00 00
17:10:23.248  CAN1  662       [8]  00 00 00 00 00 00 00 00
17:10:23.248  CAN1  710       [8]  08 C0 8C 5D C3 84 00 80
17:10:23.248  CAN1  1AE       [8]  BA C0 00 01 0F FF 7F F8
17:10:23.248  CAN1  205       [8]  8C C5 55 7F F9 18 00 CA
17:10:23.248  CAN1  23A       [8]  40 C0 00 00 00 00 00 00
17:10:23.248  CAN1  135       [8]  C0 27 1C FD 00 00 00 00
17:10:23.248  CAN1  225       [8]  0E 68 FF 00 00 0D 8E F0
17:10:23.248  CAN1  32A       [8]  F6 AA 60 00 00 00 00 00
17:10:23.248  CAN1  1F4       [8]  A0 06 13 00 00 00 00 06
17:10:23.248  CAN1  2C7       [8]  1E 00 00 00 00 00 00 02
17:10:23.248  CAN1  2AA       [8]  00 00 00 05 05 09 0C 05
17:10:23.248  CAN1  10C       [8]  96 B1 90 81 8F 19 00 00
17:10:23.248  CAN1  117       [8]  B2 40 00 00 57 00 00 B7
17:10:23.248  CAN1  11B       [8]  65 B0 54 E3 20 08 54 E1
17:10:23.248  CAN1  121       [8]  F8 B0 2A A9 6A 8A AA 00
17:10:23.248  CAN1  124       [8]  F7 B0 00 15 55 2A A8 00
17:10:23.248  CAN1  14E       [8]  95 D5 50 55 13 10 00 00
17:10:23.248  CAN1  15E       [8]  2F 60 80 00 51 10 00 00
17:10:23.252  CAN1  272       [8]  79 D0 18 07 00 AE 42 A8
17:10:23.252  CAN1  28E       [8]  BE D1 BF 01 31 80 00 00
17:10:23.252  CAN1  292       [8]  CC D0 00 00 00 00 00 00
17:10:23.252  CAN1  660       [8]  01 00 00 00 00 99 00 00
17:10:23.252  CAN1  661       [8]  00 59 00 A7 00 00 00 00
17:10:23.252  CAN1  662       [8]  00 00 00 00 00 00 00 00
17:10:23.252  CAN1  710       [8]  08 C0 8C 5D C3 84 00 80
17:10:23.252  CAN1  1AE       [8]  AA D0 00 01 0F FF 7F F8
17:10:23.252  CAN1  205       [8]  7C D5 55 7F F9 18 00 CA
17:10:23.252  CAN1  23A       [8]  30 D0 00 00 00 00 00 00
17:10:23.252  CAN1  135       [8]  BF 28 1C FD 00 00 00 00
17:10:23.252  CAN1  1F4       [8]  A0 06 13 00 00 00 00 06
17:10:23.252  CAN1  2C7       [8]  1E 00 00 00 00 00 00 03
17:10:23.252  CAN1  10C       [8]  86 C1 90 81 8F 19 00 00
17:10:23.252  CAN1  117       [8]  C2 40 00 00 57 00 00 A7
17:10:23.252  CAN1  11B       [8]  6D C0 54 E3 20 08 54 E1
17:10:23.252  CAN1  10F       [8]  00 00 00 00 00 00 00 00
17:10:23.252  CAN1  121       [8]  F0 C0 2A A9 6A 8A AA 00
17:10:23.252  CAN1  124       [8]  FF C0 00 15 55 2A A8 00
17:10:23.252  CAN1  14E       [8]  43 E5 50 55 13 10 00 00
17:10:23.252  CAN1  272       [8]  69 E0 18 07 00 AE 42 A8
17:10:23.252  CAN1  28E       [8]  AE E1 BF 01 31 80 00 00
17:10:23.252  CAN1  292       [8]  1A E0 00 00 00 00 00 00
17:10:23.252  CAN1  2B2       [8]  12 00 00 00 41 00 90 41
17:10:23.252  CAN1  660       [8]  01 00 00 00 00 99 00 00
17:10:23.252  CAN1  661       [8]  00 59 00 A7 00 00 00 00
17:10:23.252  CAN1  662       [8]  00 00 00 00 00 00 00 00
17:10:23.252  CAN1  710       [8]  08 C0 8C 5D C3 84 00 80
17:10:23.252  CAN1  1AE       [8]  9A E0 00 01 0F FF 7F F8
17:10:23.252  CAN1  205       [8]  6C E5 55 7F F9 18 00 CA
17:10:23.252  CAN1  23A       [8]  20 E0 00 00 00 00 00 00
17:10:23.252  CAN1  135       [8]  BE 29 1C FD 00 00 00 00
17:10:23.277  CAN1  225       [8]  FE 78 FF 00 00 0D 8E F0
17:10:23.277  CAN1  2A3       [8]  01 FF FF 00 00 00 00 00
17:10:23.277  CAN1  32A       [8]  E6 AA 70 00 00 00 00 00
17:10:23.277  CAN1  1F4       [8]  A0 06 13 00 00 00 00 06
17:10:23.277  CAN1  2C7       [8]  1E 00 00 00 00 00 00 04
17:10:23.277  CAN1  2AA       [8]  00 00 00 05 05 09 0D 04
17:10:23.277  CAN1  10C       [8]  76 D1 90 81 8F 19 00 00
17:10:23.277  CAN1  117       [8]  D2 40 00 00 57 00 00 97
17:10:23.277  CAN1  11B       [8]  D4 D0 54 E3 20 08 54 E1
17:10:23.277  CAN1  121       [8]  49 D0 2A A9 6A 8A AA 00
17:10:23.277  CAN1  124       [8]  46 D0 00 15 55 2A A8 00
17:10:23.277  CAN1  07D       [8]  DB 10 15 00 00 00 00 00
17:10:23.277  CAN1  14E       [8]  FA F5 50 55 13 10 00 00
17:10:23.277  CAN1  15E       [8]  96 70 80 00 51 10 00 00
17:10:23.277  CAN1  272       [8]  59 F0 18 07 00 AE 42 A8
17:10:23.277  CAN1  28E       [8]  9E F1 BF 01 31 80 00 00
17:10:23.277  CAN1  292       [8]  A3 F0 00 00 00 00 00 00
17:10:23.277  CAN1  660       [8]  01 00 00 00 00 99 00 00
17:10:23.277  CAN1  661       [8]  00 59 00 A7 00 00 00 00
17:10:23.277  CAN1  662       [8]  00 00 00 00 00 00 00 00
17:10:23.277  CAN1  710       [8]  08 C0 8C 5D C3 84 00 80
17:10:23.277  CAN1  1AE       [8]  8A F0 00 01 0F FF 7F F8
17:10:23.277  CAN1  205       [8]  5B F5 55 7F F9 18 00 CB
17:10:23.277  CAN1  23A       [8]  10 F0 00 00 00 00 00 00
17:10:23.277  CAN1  135       [8]  BD 2A 1C FD 00 00 00 00
17:10:23.277  CAN1  1F4       [8]  A0 06 13 00 00 00 00 06
17:10:23.277  CAN1  2C7       [8]  1E 00 00 00 00 00 00 05
17:10:23.277  CAN1  10C       [8]  66 E1 90 81 8F 19 00 00
17:10:23.277  CAN1  117       [8]  E2 40 00 00 57 00 00 87
17:10:23.277  CAN1  11B       [8]  02 E0 54 E3 20 08 54 E1
17:10:23.277  CAN1  10F       [8]  00 00 00 00 00 00 00 00
17:10:23.277  CAN1  121       [8]  9F E0 2A A9 6A 8A AA 00
17:10:23.280  CAN1  124       [8]  90 E0 00 15 55 2A A8 00
17:10:23.280  CAN1  14E       [8]  53 05 50 55 13 10 00 00
17:10:23.280  CAN1  272       [8]  49 00 18 07 00 AE 42 A8
17:10:23.280  CAN1  28E       [8]  8E 01 BF 01 31 80 00 00
17:10:23.280  CAN1  292       [8]  0A 00 00 00 00 00 00 00
17:10:23.280  CAN1  660       [8]  01 00 00 00 00 99 00 00
17:10:23.280  CAN1  661       [8]  00 59 00 A7 00 00 00 00
17:10:23.280  CAN1  662       [8]  00 00 00 00 00 00 00 00
17:10:23.280  CAN1  710       [8]  08 C0 8C 5D C3 84 00 60
17:10:23.280  CAN1  1AE       [8]  7A 00 00 01 0F FF 7F F8
17:10:23.280  CAN1  205       [8]  4B 05 55 7F F9 18 00 CB
17:10:23.280  CAN1  23A       [8]  00 00 00 00 00 00 00 00
17:10:23.280  CAN1  135       [8]  BC 2B 1C FD 00 00 00 00
17:10:23.280  CAN1  225       [8]  EE 88 FF 00 00 0D 8E F0
17:10:23.280  CAN1  32A       [8]  D6 AA 80 00 00 00 00 00
17:10:23.280  CAN1  1F4       [8]  A0 06 13 00 00 00 00 06
17:10:23.280  CAN1  2C7       [8]  1E 00 00 00 00 00 00 06
17:10:23.280  CAN1  2AA       [8]  00 00 00 05 05 09 0E 07
17:10:23.280  CAN1  10C       [8]  56 F1 90 81 8F 19 00 00
17:10:23.280  CAN1  117       [8]  F2 40 00 00 57 00 00 77
17:10:23.280  CAN1  11B       [8]  BB F0 54 E3 20 08 54 E1
17:10:23.280  CAN1  121       [8]  26 F0 2A A9 6A 8A AA 00
17:10:23.280  CAN1  124       [8]  29 F0 00 15 55 2A A8 00
17:10:23.280  CAN1  14E       [8]  EA 15 50 55 13 10 00 00
17:10:23.280  CAN1  15E       [8]  9E 00 80 00 51 10 00 00
17:10:23.280  CAN1  272       [8]  39 10 18 07 00 AE 42 A8
17:10:23.280  CAN1  28E       [8]  7E 11 BF 01 31 80 00 00
17:10:23.280  CAN1  292       [8]  B3 10 00 00 00 00 00 00
17:10:23.280  CAN1  660       [8]  01 00 00 00 00 99 00 00
17:10:23.280  CAN1  661       [8]  00 59 00 A7 00 00 00 00
17:10:23.280  CAN1  662       [8]  00 00 00 00 00 00 00 00
17:10:23.280  CAN1  710       [8]  08 C0 8C 5D C3 84 00 70
17:10:23.304  CAN1  1AE       [8]  6A 10 00 01 0F FF 7F F8
17:10:23.304  CAN1  205       [8]  3C 15 55 7F F9 18 00 CA
17:10:23.304  CAN1  23A       [8]  F0 10 00 00 00 00 00 00
17:10:23.304  CAN1  135       [8]  BB 2C 1C FD 00 00 00 00
17:10:23.304  CAN1  1F4       [8]  A0 06 13 00 00 00 00 06
17:10:23.304  CAN1  2C7       [8]  1E 00 00 00 00 00 00 07
17:10:23.304  CAN1  10C       [8]  46 01 90 81 8F 19 00 00
17:10:23.304  CAN1  117       [8]  02 40 00 00 57 00 00 67
17:10:23.304  CAN1  11B       [8]  12 00 54 E3 20 08 54 E1
17:10:23.304  CAN1  10F       [8]  00 00 00 00 00 00 00 00
17:10:23.304  CAN1  121       [8]  8F 00 2A A9 6A 8A AA 00
17:10:23.304  CAN1  124       [8]  80 00 00 15 55 2A A8 00
17:10:23.304  CAN1  14E       [8]  3C 25 50 55 13 10 00 00
17:10:23.304  CAN1  272       [8]  29 20 18 07 00 AE 42 A8
17:10:23.304  CAN1  28E       [8]  6E 21 BF 01 31 80 00 00
17:10:23.304  CAN1  292       [8]  65 20 00 00 00 00 00 00
17:10:23.304  CAN1  660       [8]  01 00 00 00 00 99 00 00
17:10:23.304  CAN1  661       [8]  00 59 00 A7 00 00 00 00
17:10:23.304  CAN1  662       [8]  00 00 00 00 00 00 00 00
17:10:23.304  CAN1  710       [8]  08 C0 8C 5D C3 83 80 80
17:10:23.304  CAN1  1AE       [8]  5A 20 00 01 0F FF 7F F8
17:10:23.304  CAN1  205       [8]  2C 25 55 7F F9 18 00 CA
17:10:23.304  CAN1  23A       [8]  E0 20 00 00 00 00 00 00
17:10:23.304  CAN1  135       [8]  BA 2D 1C FD 00 00 00 00
17:10:23.304  CAN1  225       [8]  DE 98 FF 00 00 0D 8E F0
17:10:23.304  CAN1  32A       [8]  C6 AA 90 00 00 00 00 00
17:10:23.304  CAN1  1F4       [8]  A0 06 13 00 00 00 00 06
17:10:23.304  CAN1  2C7       [8]  1E 00 00 00 00 00 00 08
17:10:23.304  CAN1  2AA       [8]  00 00 00 05 05 09 0F 06
17:10:23.304  CAN1  10C       [8]  36 11 90 81 8F 19 00 00
17:10:23.304  CAN1  117       [8]  12 40 00 00 57 00 00 57
17:10:23.304  CAN1  11B       [8]  AB 10 54 E3 20 08 54 E1
17:10:23.316  CAN1  121       [8]  36 10 2A A9 6A 8A AA 00
17:10:23.316  CAN1  124       [8]  39 10 00 15 55 2A A8 00
17:10:23.316  CAN1  14E       [8]  85 35 50 55 13 10 00 00
17:10:23.316  CAN1  15E       [8]  27 10 80 00 51 10 00 00
17:10:23.316  CAN1  272       [8]  19 30 18 07 00 AE 42 A8
17:10:23.316  CAN1  28E       [8]  5E 31 BF 01 31 80 00 00
17:10:23.316  CAN1  292       [8]  DC 30 00 00 00 00 00 00
17:10:23.316  CAN1  660       [8]  01 00 00 00 00 99 00 00
17:10:23.316  CAN1  661       [8]  00 59 00 A7 00 00 00 00
17:10:23.316  CAN1  662       [8]  00 00 00 00 00 00 00 00
17:10:23.316  CAN1  710       [8]  08 C0 8C 5D C3 83 C0 80
17:10:23.316  CAN1  1AE       [8]  4A 30 00 01 0F FF 7F F8
17:10:23.316  CAN1  205       [8]  1C 35 55 7F F9 18 00 CA
17:10:23.316  CAN1  23A       [8]  D0 30 00 00 00 00 00 00
17:10:23.316  CAN1  135       [8]  B9 2E 1C FD 00 00 00 00
17:10:23.316  CAN1  2A3       [8]  01 FF FF 00 00 00 00 00
17:10:23.316  CAN1  1F4       [8]  A0 06 13 00 00 00 00 06
17:10:23.316  CAN1  2C7       [8]  1E 00 00 00 00 00 00 09
17:10:23.316  CAN1  10C       [8]  26 21 90 81 8F 19 00 00
17:10:23.316  CAN1  117       [8]  22 40 00 00 57 00 00 47
17:10:23.316  CAN1  11B       [8]  7D 20 54 E3 20 08 54 E1
17:10:23.316  CAN1  10F       [8]  00 00 00 00 00 00 00 00
17:10:23.316  CAN1  121       [8]  E0 20 2A A9 6A 8A AA 00
17:10:23.316  CAN1  124       [8]  EF 20 00 15 55 2A A8 00
17:10:23.316  CAN1  14E       [8]  8D 45 50 55 13 10 00 00
17:10:23.316  CAN1  272       [8]  09 40 18 07 00 AE 42 A8
17:10:23.316  CAN1  28E       [8]  4E 41 BF 01 31 80 00 00
17:10:23.316  CAN1  292       [8]  D4 40 00 00 00 00 00 00
17:10:23.316  CAN1  660       [8]  01 00 00 00 00 99 00 00
17:10:23.316  CAN1  661       [8]  00 59 00 A7 00 00 00 00
17:10:23.316  CAN1  662       [8]  00 00 00 00 00 00 00 00
17:10:23.316  CAN1  710       [8]  08 C0 8C 5D C3 84 00 80
17:10:23.328  CAN1  1AE       [8]  3A 40 00 01 0F FF 7F F8
17:10:23.328  CAN1  205       [8]  0C 45 55 7F F9 18 00 CA
17:10:23.328  CAN1  23A       [8]  C0 40 00 00 00 00 00 00
17:10:23.328  CAN1  135       [8]  B8 2F 1C FD 00 00 00 00
17:10:23.328  CAN1  225       [8]  CE A8 FF 00 00 0D 8E F0
17:10:23.328  CAN1  32A       [8]  B6 AA A0 00 00 00 00 00
17:10:23.328  CAN1  1F4       [8]  A0 06 13 00 00 00 00 06
17:10:23.328  CAN1  2C7       [8]  1E 00 00 00 00 00 00 0A
17:10:23.328  CAN1  2AA       [8]  00 00 00 05 05 09 00 09
17:10:23.328  CAN1  10C       [8]  16 31 90 81 8F 19 00 00
17:10:23.328  CAN1  117       [8]  32 40 00 00 57 00 00 37
17:10:23.328  CAN1  11B       [8]  C4 30 54 E3 20 08 54 E1
17:10:23.328  CAN1  121       [8]  59 30 2A A9 6A 8A AA 00
17:10:23.328  CAN1  124       [8]  56 30 00 15 55 2A A8 00
17:10:23.328  CAN1  14E       [8]  34 55 50 55 13 10 00 00
17:10:23.328  CAN1  15E       [8]  F1 20 80 00 51 10 00 00
17:10:23.328  CAN1  272       [8]  F9 50 18 07 00 AE 42 A8
17:10:23.328  CAN1  28E       [8]  3E 51 BF 01 31 80 00 00
17:10:23.328  CAN1  292       [8]  6D 50 00 00 00 00 00 00
17:10:23.328  CAN1  660       [8]  01 00 00 00 00 99 00 00
17:10:23.328  CAN1  661       [8]  00 59 00 A7 00 00 00 00
17:10:23.328  CAN1  662       [8]  00 00 00 00 00 00 00 00
17:10:23.328  CAN1  710       [8]  08 C0 8C 5D C3 84 00 80
17:10:23.328  CAN1  256       [8]  5A 10 00 61 25 2B A1 44
17:10:23.328  CAN1  312       [8]  10 00 00 7A C0 00 00 00
17:10:23.328  CAN1  313       [8]  7D 02 04 02 3F D1 3E 80
17:10:23.328  CAN1  317       [8]  60 E0 F8 B5 2E E3 E8 00
17:10:23.328  CAN1  1AE       [8]  2A 50 00 01 0F FF 7F F8
17:10:23.328  CAN1  135       [8]  C7 20 1C FD 00 00 00 00
17:10:23.328  CAN1  205       [8]  FD 55 55 7F F9 18 00 C9
17:10:23.328  CAN1  23A       [8]  B0 50 00 00 00 00 00 00
17:10:23.328  CAN1  323       [8]  0F 65 14 00 7D 03 E8 01
17:10:23.342  CAN1  324       [8]  00 00 00 00 00 00 01 00
17:10:23.342  CAN1  1F4       [8]  A0 06 13 00 00 00 00 06
17:10:23.342  CAN1  338       [8]  00 28 5D C0 FF 00 02 00
17:10:23.342  CAN1  2C7       [8]  1E 00 00 00 00 00 00 0B
17:10:23.342  CAN1  10C       [8]  06 41 90 81 8F 19 00 00
17:10:23.342  CAN1  117       [8]  42 40 00 00 57 00 00 27
17:10:23.342  CAN1  11B       [8]  CC 40 54 E3 20 08 54 E1
17:10:23.342  CAN1  121       [8]  51 40 2A A9 6A 8A AA 00
17:10:23.342  CAN1  10F       [8]  00 00 00 00 00 00 00 00
17:10:23.342  CAN1  124       [8]  5E 40 00 15 55 2A A8 00
17:10:23.342  CAN1  14E       [8]  E2 65 50 55 13 10 00 00
17:10:23.342  CAN1  272       [8]  E9 60 18 07 00 AE 42 A8
17:10:23.342  CAN1  28E       [8]  2E 61 BF 01 31 80 00 00
17:10:23.342  CAN1  292       [8]  BB 60 00 00 00 00 00 00
17:10:23.342  CAN1  660       [8]  01 00 00 00 00 99 00 00
17:10:23.342  CAN1  661       [8]  00 59 00 A7 00 00 00 00
17:10:23.342  CAN1  662       [8]  00 00 00 00 00 00 00 00
17:10:23.342  CAN1  710       [8]  08 C0 8C 5D C3 84 00 80
17:10:23.342  CAN1  1AE       [8]  1A 60 00 01 0F FF 7F F8
17:10:23.342  CAN1  205       [8]  ED 65 55 7F F9 18 00 C9
17:10:23.342  CAN1  23A       [8]  A0 60 00 00 00 00 00 00
17:10:23.342  CAN1  135       [8]  C6 21 1C FD 00 00 00 00
17:10:23.342  CAN1  225       [8]  BE B8 FF 00 00 0D 8E F0
17:10:23.342  CAN1  32A       [8]  A6 AA B0 00 00 00 00 00
17:10:23.342  CAN1  1F4       [8]  A0 06 13 00 00 00 00 06
17:10:23.342  CAN1  2C7       [8]  1E 00 00 00 00 00 00 0C
17:10:23.342  CAN1  2AA       [8]  00 00 00 05 05 09 01 08
17:10:23.342  CAN1  10C       [8]  F6 51 90 81 8F 19 00 00
17:10:23.342  CAN1  117       [8]  52 40 00 00 57 00 00 17
17:10:23.342  CAN1  11B       [8]  75 50 54 E3 20 08 54 E1
17:10:23.342  CAN1  121       [8]  E8 50 2A A9 6A 8A AA 00
17:10:23.342  CAN1  124       [8]  E7 50 00 15 55 2A A8 00
17:10:23.354  CAN1  14E       [8]  5B 75 50 55 13 10 00 00
17:10:23.354  CAN1  15E       [8]  48 30 80 00 51 10 00 00
17:10:23.354  CAN1  272       [8]  D9 70 18 07 00 AE 42 A8
17:10:23.354  CAN1  28E       [8]  1E 71 BF 01 31 80 00 00
17:10:23.354  CAN1  292       [8]  02 70 00 00 00 00 00 00
17:10:23.354  CAN1  660       [8]  01 00 00 00 00 99 00 00
17:10:23.354  CAN1  661       [8]  00 59 00 A7 00 00 00 00
17:10:23.354  CAN1  662       [8]  00 00 00 00 00 00 00 00
17:10:23.354  CAN1  710       [8]  08 C0 8C 5D C3 84 00 80
17:10:23.354  CAN1  1AE       [8]  0A 70 00 01 0F FF 7F F8
17:10:23.354  CAN1  205       [8]  DD 75 55 7F F9 18 00 C9
17:10:23.354  CAN1  23A       [8]  90 70 00 00 00 00 00 00
17:10:23.354  CAN1  135       [8]  C5 22 1C FD 00 00 00 00
17:10:23.354  CAN1  1F4       [8]  A0 06 13 00 00 00 00 06
17:10:23.354  CAN1  2C7       [8]  1E 00 00 00 00 00 00 0D
17:10:23.354  CAN1  10C       [8]  E6 61 90 81 8F 19 00 00
17:10:23.354  CAN1  117       [8]  62 40 00 00 57 00 00 07
17:10:23.354  CAN1  11B       [8]  A3 60 54 E3 20 08 54 E1
17:10:23.354  CAN1  121       [8]  3E 60 2A A9 6A 8A AA 00
17:10:23.354  CAN1  10F       [8]  00 00 00 00 00 00 00 00
17:10:23.354  CAN1  124       [8]  31 60 00 15 55 2A A8 00
17:10:23.354  CAN1  14E       [8]  F2 85 50 55 13 10 00 00
17:10:23.354  CAN1  272       [8]  C9 80 18 07 00 AE 42 A8
17:10:23.354  CAN1  28E       [8]  0E 81 BF 01 31 80 00 00
17:10:23.354  CAN1  292       [8]  AB 80 00 00 00 00 00 00
17:10:23.354  CAN1  2B2       [8]  22 10 00 00 41 00 90 41
17:10:23.354  CAN1  660       [8]  01 00 00 00 00 99 00 00
17:10:23.354  CAN1  661       [8]  00 59 00 A7 00 00 00 00
17:10:23.354  CAN1  662       [8]  00 00 00 00 00 00 00 00
17:10:23.354  CAN1  710       [8]  08 C0 8C 5D C3 83 C0 80
17:10:23.354  CAN1  1AE       [8]  FA 80 00 01 0F FF 7F F8
17:10:23.354  CAN1  205       [8]  CD 85 55 7F F9 18 00 C9
17:10:23.367  CAN1  23A       [8]  80 80 00 00 00 00 00 00
17:10:23.367  CAN1  135       [8]  C4 23 1C FD 00 00 00 00
17:10:23.367  CAN1  225       [8]  AE C8 FF 00 00 0D 8E F0
17:10:23.367  CAN1  2A3       [8]  01 FF FF 00 00 00 00 00
17:10:23.367  CAN1  32A       [8]  96 AA C0 00 00 00 00 00
17:10:23.367  CAN1  1F4       [8]  A0 06 13 00 00 00 00 06
17:10:23.367  CAN1  2C7       [8]  1E 00 00 00 00 00 00 0E
17:10:23.367  CAN1  2AA       [8]  00 00 00 05 05 09 02 0B
17:10:23.367  CAN1  10C       [8]  D6 71 90 81 8F 19 00 00
17:10:23.367  CAN1  117       [8]  72 40 00 00 57 00 00 F7
17:10:23.367  CAN1  11B       [8]  1A 70 54 E3 20 08 54 E1
17:10:23.367  CAN1  121       [8]  87 70 2A A9 6A 8A AA 00
17:10:23.367  CAN1  124       [8]  88 70 00 15 55 2A A8 00
17:10:23.367  CAN1  07D       [8]  CB 20 15 00 00 00 00 00
17:10:23.367  CAN1  14E       [8]  4B 95 50 55 13 10 00 00
17:10:23.367  CAN1  15E       [8]  40 40 80 00 51 10 00 00
17:10:23.367  CAN1  272       [8]  B9 90 18 07 00 AE 42 A8
17:10:23.367  CAN1  28E       [8]  FE 91 BF 01 31 80 00 00
17:10:23.367  CAN1  292       [8]  12 90 00 00 00 00 00 00
17:10:23.367  CAN1  660       [8]  01 00 00 00 00 99 00 00
17:10:23.367  CAN1  661       [8]  00 59 00 A7 00 00 00 00
17:10:23.367  CAN1  662       [8]  00 00 00 00 00 00 00 00
17:10:23.367  CAN1  710       [8]  08 C0 8C 5D C3 83 C0 80
17:10:23.367  CAN1  1AE       [8]  EA 90 00 01 0F FF 7F F8
17:10:23.367  CAN1  205       [8]  BB 95 55 7F F9 18 00 CB
17:10:23.367  CAN1  23A       [8]  70 90 00 00 00 00 00 00
17:10:23.367  CAN1  135       [8]  C3 24 1C FD 00 00 00 00
17:10:23.367  CAN1  1F4       [8]  A0 06 13 00 00 00 00 06
17:10:23.367  CAN1  2C7       [8]  1E 00 00 00 00 00 00 0F
17:10:23.367  CAN1  10C       [8]  C6 81 90 81 8F 19 00 00
17:10:23.367  CAN1  117       [8]  82 40 00 00 57 00 00 E7
17:10:23.367  CAN1  11B       [8]  B3 80 54 E3 20 08 54 E1
17:10:23.382  CAN1  121       [8]  2E 80 2A A9 6A 8A AA 00
17:10:23.382  CAN1  10F       [8]  00 00 00 00 00 00 00 00
17:10:23.382  CAN1  124       [8]  21 80 00 15 55 2A A8 00
17:10:23.382  CAN1  14E       [8]  9D A5 50 55 13 10 00 00
17:10:23.382  CAN1  272       [8]  A9 A0 18 07 00 AE 42 A8
17:10:23.382  CAN1  28E       [8]  EE A1 BF 01 31 80 00 00
17:10:23.382  CAN1  292       [8]  C4 A0 00 00 00 00 00 00
17:10:23.382  CAN1  660       [8]  01 00 00 00 00 99 00 00
17:10:23.382  CAN1  661       [8]  00 59 00 A7 00 00 00 00
17:10:23.382  CAN1  662       [8]  00 00 00 00 00 00 00 00
17:10:23.382  CAN1  710       [8]  08 C0 8C 5D C3 83 C0 80
17:10:23.382  CAN1  1AE       [8]  DA A0 00 01 0F FF 7F F8
17:10:23.382  CAN1  205       [8]  AB A5 55 7F F9 18 00 CB
17:10:23.382  CAN1  23A       [8]  60 A0 00 00 00 00 00 00
17:10:23.382  CAN1  135       [8]  C2 25 1C FD 00 00 00 00
17:10:23.382  CAN1  225       [8]  9E D8 FF 00 00 0D 8E F0
17:10:23.382  CAN1  32A       [8]  86 AA D0 00 00 00 00 00
17:10:23.382  CAN1  1F4       [8]  A0 06 13 00 00 00 00 06
17:10:23.382  CAN1  2C7       [8]  1E 00 00 00 00 00 00 00
17:10:23.382  CAN1  2AA       [8]  00 00 00 05 05 09 03 0A
17:10:23.382  CAN1  10C       [8]  B6 91 90 81 8F 19 00 00
17:10:23.382  CAN1  117       [8]  92 40 00 00 57 00 00 D7
17:10:23.382  CAN1  11B       [8]  0A 90 54 E3 20 08 54 E1
17:10:23.382  CAN1  121       [8]  97 90 2A A9 6A 8A AA 00
17:10:23.382  CAN1  124       [8]  98 90 00 15 55 2A A8 00
17:10:23.382  CAN1  14E       [8]  24 B5 50 55 13 10 00 00
17:10:23.382  CAN1  15E       [8]  F9 50 80 00 51 10 00 00
17:10:23.382  CAN1  272       [8]  99 B0 18 07 00 AE 42 A8
17:10:23.382  CAN1  28E       [8]  DE B1 BF 01 31 80 00 00
17:10:23.382  CAN1  292       [8]  7D B0 00 00 00 00 00 00
17:10:23.382  CAN1  660       [8]  01 00 00 00 00 99 00 00
17:10:23.382  CAN1  661       [8]  00 59 00 A7 00 00 00 00
17:10:23.407  CAN1  662       [8]  00 00 00 00 00 00 00 00
17:10:23.407  CAN1  710       [8]  08 C0 8C 5D C3 84 00 80
17:10:23.407  CAN1  1AE       [8]  CA B0 00 01 0F FF 7F F8
17:10:23.407  CAN1  205       [8]  9D B5 55 7F F9 18 00 C9
17:10:23.407  CAN1  23A       [8]  50 B0 00 00 00 00 00 00
17:10:23.407  CAN1  135       [8]  C1 26 1C FD 00 00 00 00
17:10:23.407  CAN1  1F4       [8]  A0 06 13 00 00 00 00 06
17:10:23.407  CAN1  2C7       [8]  1E 00 00 00 00 00 00 01
17:10:23.407  CAN1  10C       [8]  A6 A1 90 81 8F 19 00 00
17:10:23.407  CAN1  117       [8]  A2 40 00 00 57 00 00 C7
17:10:23.407  CAN1  11B       [8]  DC A0 54 E3 20 08 54 E1
17:10:23.407  CAN1  121       [8]  41 A0 2A A9 6A 8A AA 00
17:10:23.407  CAN1  10F       [8]  00 00 00 00 00 00 00 00
17:10:23.407  CAN1  124       [8]  4E A0 00 15 55 2A A8 00
17:10:23.407  CAN1  14E       [8]  2C C5 50 55 13 10 00 00
17:10:23.407  CAN1  272       [8]  89 C0 18 07 00 AE 42 A8
17:10:23.407  CAN1  28E       [8]  CE C1 BF 01 31 80 00 00
17:10:23.407  CAN1  292       [8]  75 C0 00 00 00 00 00 00
17:10:23.407  CAN1  660       [8]  01 00 00 00 00 99 00 00
17:10:23.407  CAN1  661       [8]  00 59 00 A7 00 00 00 00
17:10:23.407  CAN1  662       [8]  00 00 00 00 00 00 00 00
17:10:23.407  CAN1  710       [8]  08 C0 8C 5D C3 84 00 80
17:10:23.407  CAN1  1AE       [8]  BA C0 00 01 0F FF 7F F8
17:10:23.407  CAN1  205       [8]  8D C5 55 7F F9 18 00 C9
17:10:23.407  CAN1  23A       [8]  40 C0 00 00 00 00 00 00
17:10:23.407  CAN1  135       [8]  C0 27 1C FD 00 00 00 00
17:10:23.407  CAN1  225       [8]  8E E8 FF 00 00 0D 8E F0
17:10:23.407  CAN1  32A       [8]  76 AA E0 00 00 00 00 00
17:10:23.407  CAN1  1F4       [8]  A0 06 13 00 00 00 00 06
17:10:23.407  CAN1  2C7       [8]  1E 00 00 00 00 00 00 02
17:10:23.407  CAN1  2AA       [8]  00 00 00 05 05 09 04 0D
17:10:23.407  CAN1  10C       [8]  96 B1 90 81 8F 19 00 00
17:10:23.410  CAN1  117       [8]  B2 40 00 00 57 00 00 B7
17:10:23.410  CAN1  11B       [8]  65 B0 54 E3 20 08 54 E1
17:10:23.410  CAN1  121       [8]  F8 B0 2A A9 6A 8A AA 00
17:10:23.410  CAN1  124       [8]  F7 B0 00 15 55 2A A8 00
17:10:23.410  CAN1  14E       [8]  95 D5 50 55 13 10 00 00
17:10:23.410  CAN1  15E       [8]  2F 60 80 00 51 10 00 00
17:10:23.410  CAN1  272       [8]  79 D0 18 07 00 AE 42 A8
17:10:23.410  CAN1  28E       [8]  BE D1 BF 01 31 80 00 00
17:10:23.410  CAN1  292       [8]  CC D0 00 00 00 00 00 00
17:10:23.410  CAN1  660       [8]  01 00 00 00 00 99 00 00
17:10:23.410  CAN1  661       [8]  00 59 00 A7 00 00 00 00
17:10:23.410  CAN1  662       [8]  00 00 00 00 00 00 00 00
17:10:23.410  CAN1  710       [8]  08 C0 8C 5D C3 84 00 80
17:10:23.410  CAN1  1AE       [8]  AA D0 00 01 0F FF 7F F8
17:10:23.410  CAN1  205       [8]  7D D5 55 7F F9 18 00 C9
17:10:23.410  CAN1  23A       [8]  30 D0 00 00 00 00 00 00
17:10:23.410  CAN1  135       [8]  BF 28 1C FD 00 00 00 00
17:10:23.410  CAN1  2A3       [8]  01 FF FF 00 00 00 00 00
17:10:23.410  CAN1  1F4       [8]  A0 06 13 00 00 00 00 06
17:10:23.410  CAN1  2C7       [8]  1E 00 00 00 00 00 00 03
17:10:23.410  CAN1  10C       [8]  86 C1 90 81 8F 19 00 00
17:10:23.410  CAN1  117       [8]  C2 40 00 00 57 00 00 A7
17:10:23.410  CAN1  11B       [8]  6D C0 54 E3 20 08 54 E1
17:10:23.410  CAN1  121       [8]  F0 C0 2A A9 6A 8A AA 00
17:10:23.410  CAN1  10F       [8]  00 00 00 00 00 00 00 00
17:10:23.410  CAN1  124       [8]  FF C0 00 15 55 2A A8 00
17:10:23.410  CAN1  14E       [8]  43 E5 50 55 13 10 00 00
17:10:23.410  CAN1  272       [8]  69 E0 18 07 00 AE 42 A8
17:10:23.410  CAN1  28E       [8]  AE E1 BF 01 31 80 00 00
17:10:23.410  CAN1  292       [8]  1A E0 00 00 00 00 00 00
17:10:23.410  CAN1  660       [8]  01 00 00 00 00 99 00 00
17:10:23.410  CAN1  661       [8]  00 59 00 A7 00 00 00 00
17:10:23.423  CAN1  662       [8]  00 00 00 00 00 00 00 00
17:10:23.423  CAN1  710       [8]  08 C0 8C 5D C3 84 00 80
17:10:23.423  CAN1  1AE       [8]  9A E0 00 01 0F FF 7F F8
17:10:23.423  CAN1  205       [8]  6D E5 55 7F F9 18 00 C9
17:10:23.423  CAN1  23A       [8]  20 E0 00 00 00 00 00 00
17:10:23.423  CAN1  135       [8]  BE 29 1C FD 00 00 00 00
17:10:23.423  CAN1  225       [8]  7E F8 FF 00 00 0D 8E F0
17:10:23.423  CAN1  32A       [8]  66 AA F0 00 00 00 00 00
17:10:23.423  CAN1  1F4       [8]  A0 06 13 00 00 00 00 06
17:10:23.423  CAN1  2C7       [8]  1E 00 00 00 00 00 00 04
17:10:23.423  CAN1  2AA       [8]  00 00 00 05 05 09 05 0C
17:10:23.423  CAN1  10C       [8]  76 D1 90 81 8F 19 00 00
17:10:23.423  CAN1  117       [8]  D2 40 00 00 57 00 00 97
17:10:23.423  CAN1  11B       [8]  D4 D0 54 E3 20 08 54 E1
17:10:23.423  CAN1  121       [8]  49 D0 2A A9 6A 8A AA 00
17:10:23.423  CAN1  124       [8]  46 D0 00 15 55 2A A8 00
17:10:23.423  CAN1  14E       [8]  FA F5 50 55 13 10 00 00
17:10:23.423  CAN1  15E       [8]  96 70 80 00 51 10 00 00
17:10:23.423  CAN1  272       [8]  59 F0 18 07 00 AE 42 A8
17:10:23.423  CAN1  28E       [8]  9E F1 BF 01 31 80 00 00
17:10:23.423  CAN1  292       [8]  A3 F0 00 00 00 00 00 00
17:10:23.423  CAN1  660       [8]  01 00 00 00 00 99 00 00
17:10:23.423  CAN1  661       [8]  00 59 00 A7 00 00 00 00
17:10:23.423  CAN1  662       [8]  00 00 00 00 00 00 00 00
17:10:23.423  CAN1  710       [8]  08 C0 8C 5D C3 84 00 80
17:10:23.423  CAN1  256       [8]  59 10 00 61 25 2B A2 44
17:10:23.423  CAN1  312       [8]  10 00 00 7A C0 00 00 00
17:10:23.423  CAN1  313       [8]  7D 02 04 02 3F D1 3E 80
17:10:23.423  CAN1  317       [8]  60 E0 F8 B5 2E E3 E8 00
17:10:23.423  CAN1  1AE       [8]  8A F0 00 01 0F FF 7F F8
17:10:23.423  CAN1  205       [8]  5D F5 55 7F F9 18 00 C9
17:10:23.423  CAN1  135       [8]  BD 2A 1C FD 00 00 00 00
17:10:23.448  CAN1  23A       [8]  10 F0 00 00 00 00 00 00
17:10:23.448  CAN1  323       [8]  0F 65 14 00 7D 03 E8 01
17:10:23.448  CAN1  324       [8]  00 00 00 00 00 00 01 00
17:10:23.448  CAN1  338       [8]  00 28 5D C0 FF 00 02 00
17:10:23.448  CAN1  1F4       [8]  A0 06 13 00 00 00 00 06
17:10:23.448  CAN1  2C7       [8]  1E 00 00 00 00 00 00 05
17:10:23.448  CAN1  10C       [8]  66 E1 90 81 8F 19 00 00
17:10:23.448  CAN1  117       [8]  E2 40 00 00 57 00 00 87
17:10:23.448  CAN1  11B       [8]  02 E0 54 E3 20 08 54 E1
17:10:23.448  CAN1  121       [8]  9F E0 2A A9 6A 8A AA 00
17:10:23.448  CAN1  10F       [8]  00 00 00 00 00 00 00 00
17:10:23.448  CAN1  124       [8]  90 E0 00 15 55 2A A8 00
17:10:23.448  CAN1  14E       [8]  53 05 50 55 13 10 00 00
17:10:23.448  CAN1  272       [8]  49 00 18 07 00 AE 42 A8
17:10:23.448  CAN1  28E       [8]  8E 01 BF 01 31 80 00 00
17:10:23.448  CAN1  292       [8]  0A 00 00 00 00 00 00 00
17:10:23.448  CAN1  660       [8]  01 00 00 00 00 99 00 00
17:10:23.448  CAN1  661       [8]  00 59 00 A7 00 00 00 00
17:10:23.448  CAN1  662       [8]  00 00 00 00 00 00 00 00
17:10:23.448  CAN1  710       [8]  08 C0 8C 5D C3 84 00 80
17:10:23.448  CAN1  1AE       [8]  7A 00 00 01 0F FF 7F F8
17:10:23.448  CAN1  205       [8]  4D 05 55 7F F9 18 00 C9
17:10:23.448  CAN1  23A       [8]  00 00 00 00 00 00 00 00
17:10:23.448  CAN1  135       [8]  BC 2B 1C FD 00 00 00 00
17:10:23.448  CAN1  225       [8]  6E 08 FF 00 00 0D 8E F0
17:10:23.448  CAN1  32A       [8]  56 AA 00 00 00 00 00 00
17:10:23.448  CAN1  1F4       [8]  A0 06 13 00 00 00 00 06
17:10:23.448  CAN1  2AA       [8]  00 00 00 05 05 09 06 0F
17:10:23.448  CAN1  2C7       [8]  1E 00 00 00 00 00 00 06
17:10:23.448  CAN1  10C       [8]  56 F1 90 81 8F 19 00 00
17:10:23.448  CAN1  117       [8]  F2 40 00 00 57 00 00 77
17:10:23.448  CAN1  11B       [8]  BB F0 54 E3 20 08 54 E1
17:10:23.450  CAN1  121       [8]  26 F0 2A A9 6A 8A AA 00
17:10:23.450  CAN1  124       [8]  29 F0 00 15 55 2A A8 00
17:10:23.450  CAN1  14E       [8]  EA 15 50 55 13 10 00 00
17:10:23.450  CAN1  15E       [8]  9E 00 80 00 51 10 00 00
17:10:23.450  CAN1  272       [8]  39 10 18 07 00 AE 42 A8
17:10:23.450  CAN1  28E       [8]  7E 11 BF 01 31 80 00 00
17:10:23.450  CAN1  292       [8]  B3 10 00 00 00 00 00 00
17:10:23.450  CAN1  660       [8]  01 00 00 00 00 99 00 00
17:10:23.450  CAN1  661       [8]  00 59 00 A7 00 00 00 00
17:10:23.450  CAN1  662       [8]  00 00 00 00 00 00 00 00
17:10:23.450  CAN1  710       [8]  08 C0 8C 5D C3 84 00 80
17:10:23.450  CAN1  1AE       [8]  6A 10 00 01 0F FF 7F F8
17:10:23.450  CAN1  205       [8]  3B 15 55 7F F9 18 00 CB
17:10:23.450  CAN1  23A       [8]  F0 10 00 00 00 00 00 00
17:10:23.450  CAN1  135       [8]  BB 2C 1C FD 00 00 00 00
17:10:23.450  CAN1  1F4       [8]  A0 06 13 00 00 00 00 06
17:10:23.450  CAN1  2C7       [8]  1E 00 00 00 00 00 00 07
17:10:23.450  CAN1  10C       [8]  46 01 90 81 8F 19 00 00
17:10:23.450  CAN1  117       [8]  02 40 00 00 57 00 00 67
17:10:23.450  CAN1  11B       [8]  12 00 54 E3 20 08 54 E1
17:10:23.450  CAN1  121       [8]  8F 00 2A A9 6A 8A AA 00
17:10:23.450  CAN1  10F       [8]  00 00 00 00 00 00 00 00
17:10:23.450  CAN1  124       [8]  80 00 00 15 55 2A A8 00
17:10:23.450  CAN1  14E       [8]  3C 25 50 55 13 10 00 00
17:10:23.450  CAN1  272       [8]  29 20 18 07 00 AE 42 A8
17:10:23.450  CAN1  28E       [8]  6E 21 BF 01 31 80 00 00
17:10:23.450  CAN1  292       [8]  65 20 00 00 00 00 00 00
17:10:23.450  CAN1  2B2       [8]  32 20 00 00 41 00 90 41
17:10:23.450  CAN1  660       [8]  01 00 00 00 00 99 00 00
17:10:23.450  CAN1  661       [8]  00 59 00 A7 00 00 00 00
17:10:23.450  CAN1  662       [8]  00 00 00 00 00 00 00 00
17:10:23.450  CAN1  710       [8]  08 C0 8C 5D C3 84 00 80
17:10:23.477  CAN1  1AE       [8]  5A 20 00 01 0F FF 7F F8
17:10:23.477  CAN1  205       [8]  2B 25 55 7F F9 18 00 CB
17:10:23.477  CAN1  23A       [8]  E0 20 00 00 00 00 00 00
17:10:23.477  CAN1  135       [8]  BA 2D 1C FD 00 00 00 00
17:10:23.477  CAN1  225       [8]  5E 18 FF 00 00 0D 8E F0
17:10:23.477  CAN1  2A3       [8]  01 FF FF 00 00 00 00 00
17:10:23.477  CAN1  32A       [8]  46 AA 10 00 00 00 00 00
17:10:23.477  CAN1  1F4       [8]  A0 06 13 00 00 00 00 06
17:10:23.477  CAN1  2AA       [8]  00 00 00 05 05 09 07 0E
17:10:23.477  CAN1  2C7       [8]  1E 00 00 00 00 00 00 08
17:10:23.477  CAN1  10C       [8]  36 11 90 81 8F 19 00 00
17:10:23.477  CAN1  117       [8]  12 40 00 00 57 00 00 57
17:10:23.477  CAN1  11B       [8]  AB 10 54 E3 20 08 54 E1
17:10:23.477  CAN1  121       [8]  36 10 2A A9 6A 8A AA 00
17:10:23.477  CAN1  124       [8]  39 10 00 15 55 2A A8 00
17:10:23.477  CAN1  14E       [8]  85 35 50 55 13 10 00 00
17:10:23.477  CAN1  07D       [8]  BB 30 15 00 00 00 00 00
17:10:23.477  CAN1  15E       [8]  27 10 80 00 51 10 00 00
17:10:23.477  CAN1  272       [8]  19 30 18 07 00 AE 42 A8
17:10:23.477  CAN1  28E       [8]  5E 31 BF 01 31 80 00 00
17:10:23.477  CAN1  292       [8]  DC 30 00 00 00 00 00 00
17:10:23.477  CAN1  660       [8]  01 00 00 00 00 99 00 00
17:10:23.477  CAN1  661       [8]  00 59 00 A7 00 00 00 00
17:10:23.477  CAN1  662       [8]  00 00 00 00 00 00 00 00
17:10:23.477  CAN1  710       [8]  08 C0 8C 5D C3 84 00 80
17:10:23.477  CAN1  1AE       [8]  4A 30 00 01 0F FF 7F F8
17:10:23.477  CAN1  205       [8]  1C 35 55 7F F9 18 00 CA
17:10:23.477  CAN1  23A       [8]  D0 30 00 00 00 00 00 00
17:10:23.477  CAN1  135       [8]  B9 2E 1C FD 00 00 00 00
17:10:23.477  CAN1  1F4       [8]  A0 06 13 00 00 00 00 06
17:10:23.477  CAN1  2C7       [8]  1E 00 00 00 00 00 00 09
17:10:23.477  CAN1  10C       [8]  26 21 90 81 8F 19 00 00
17:10:23.479  CAN1  117       [8]  22 40 00 00 57 00 00 47
17:10:23.479  CAN1  11B       [8]  7D 20 54 E3 20 08 54 E1
17:10:23.479  CAN1  121       [8]  E0 20 2A A9 6A 8A AA 00
17:10:23.479  CAN1  10F       [8]  00 00 00 00 00 00 00 00
17:10:23.479  CAN1  124       [8]  EF 20 00 15 55 2A A8 00
17:10:23.479  CAN1  14E       [8]  8D 45 50 55 13 10 00 00
17:10:23.479  CAN1  272       [8]  09 40 18 07 00 AE 42 A8
17:10:23.479  CAN1  28E       [8]  4E 41 BF 01 31 80 00 00
17:10:23.479  CAN1  292       [8]  D4 40 00 00 00 00 00 00
17:10:23.479  CAN1  660       [8]  01 00 00 00 00 99 00 00
17:10:23.479  CAN1  661       [8]  00 59 00 A7 00 00 00 00
17:10:23.479  CAN1  662       [8]  00 00 00 00 00 00 00 00
17:10:23.479  CAN1  710       [8]  08 C0 8C 5D C3 84 00 80
17:10:23.479  CAN1  1AE       [8]  3A 40 00 01 0F FF 7F F8
17:10:23.479  CAN1  205       [8]  0C 45 55 7F F9 18 00 CA
17:10:23.479  CAN1  23A       [8]  C0 40 00 00 00 00 00 00
17:10:23.479  CAN1  135       [8]  B8 2F 1C FD 00 00 00 00
17:10:23.479  CAN1  225       [8]  4E 28 FF 00 00 0D 8E F0
17:10:23.479  CAN1  32A       [8]  36 AA 20 00 00 00 00 00
17:10:23.479  CAN1  1F4       [8]  A0 06 13 00 00 00 00 06
17:10:23.479  CAN1  2C7       [8]  1E 00 00 00 00 00 00 0A
17:10:23.479  CAN1  2AA       [8]  00 00 00 05 05 09 08 01
17:10:23.479  CAN1  10C       [8]  16 31 90 81 8F 19 00 00
17:10:23.479  CAN1  117       [8]  32 40 00 00 57 00 00 37
17:10:23.479  CAN1  11B       [8]  C4 30 54 E3 20 08 54 E1
17:10:23.479  CAN1  121       [8]  59 30 2A A9 6A 8A AA 00
17:10:23.479  CAN1  124       [8]  56 30 00 15 55 2A A8 00
17:10:23.479  CAN1  14E       [8]  34 55 50 55 13 10 00 00
17:10:23.479  CAN1  15E       [8]  F1 20 80 00 51 10 00 00
17:10:23.479  CAN1  272       [8]  F9 50 18 07 00 AE 42 A8
17:10:23.479  CAN1  28E       [8]  3E 51 BF 01 31 80 00 00
17:10:23.479  CAN1  292       [8]  6D 50 00 00 00 00 00 00
17:10:23.505  CAN1  660       [8]  01 00 00 00 00 99 00 00
17:10:23.505  CAN1  661       [8]  00 59 00 A7 00 00 00 00
17:10:23.505  CAN1  662       [8]  00 00 00 00 00 00 00 00
17:10:23.505  CAN1  710       [8]  08 C0 8C 5D C3 83 C0 80
17:10:23.505  CAN1  1AE       [8]  2A 50 00 01 0F FF 7F F8
17:10:23.505  CAN1  205       [8]  FD 55 55 7F F9 18 00 C9
17:10:23.505  CAN1  23A       [8]  B0 50 00 00 00 00 00 00
17:10:23.505  CAN1  135       [8]  C7 20 1C FD 00 00 00 00
17:10:23.505  CAN1  1F4       [8]  A0 06 13 00 00 00 00 06
17:10:23.505  CAN1  2C7       [8]  1E 00 00 00 00 00 00 0B
17:10:23.505  CAN1  10C       [8]  06 41 90 81 8F 19 00 00
17:10:23.505  CAN1  117       [8]  42 40 00 00 57 00 00 27
17:10:23.505  CAN1  11B       [8]  CC 40 54 E3 20 08 54 E1
17:10:23.505  CAN1  121       [8]  51 40 2A A9 6A 8A AA 00
17:10:23.505  CAN1  10F       [8]  00 00 00 00 00 00 00 00
17:10:23.505  CAN1  124       [8]  5E 40 00 15 55 2A A8 00
17:10:23.505  CAN1  14E       [8]  E2 65 50 55 13 10 00 00
17:10:23.505  CAN1  272       [8]  E9 60 18 07 00 AE 42 A8
17:10:23.505  CAN1  28E       [8]  2E 61 BF 01 31 80 00 00
17:10:23.505  CAN1  292       [8]  BB 60 00 00 00 00 00 00
17:10:23.505  CAN1  660       [8]  01 00 00 00 00 99 00 00
17:10:23.505  CAN1  661       [8]  00 59 00 A7 00 00 00 00
17:10:23.505  CAN1  662       [8]  00 00 00 00 00 00 00 00
17:10:23.505  CAN1  710       [8]  08 C0 8C 5D C3 84 00 80
17:10:23.505  CAN1  1AE       [8]  1A 60 00 01 0F FF 7F F8
17:10:23.505  CAN1  205       [8]  ED 65 55 7F F9 18 00 C9
17:10:23.505  CAN1  23A       [8]  A0 60 00 00 00 00 00 00
17:10:23.505  CAN1  135       [8]  C6 21 1C FD 00 00 00 00
17:10:23.505  CAN1  225       [8]  3E 38 FF 00 00 0D 8E F0
17:10:23.505  CAN1  32A       [8]  26 AA 30 00 00 00 00 00
17:10:23.505  CAN1  1F4       [8]  A0 06 13 00 00 00 00 06
17:10:23.505  CAN1  2C7       [8]  1E 00 00 00 00 00 00 0C
17:10:23.517  CAN1  2AA       [8]  00 00 00 05 05 09 09 00
17:10:23.517  CAN1  10C       [8]  F6 51 90 81 8F 19 00 00
17:10:23.517  CAN1  117       [8]  52 40 00 00 57 00 00 17
17:10:23.517  CAN1  11B       [8]  75 50 54 E3 20 08 54 E1
17:10:23.517  CAN1  121       [8]  E8 50 2A A9 6A 8A AA 00
17:10:23.517  CAN1  124       [8]  E7 50 00 15 55 2A A8 00
17:10:23.517  CAN1  14E       [8]  5B 75 50 55 13 10 00 00
17:10:23.517  CAN1  15E       [8]  48 30 80 00 51 10 00 00
17:10:23.517  CAN1  272       [8]  D9 70 18 07 00 AE 42 A8
17:10:23.517  CAN1  28E       [8]  1E 71 BF 01 31 80 00 00
17:10:23.517  CAN1  292       [8]  02 70 00 00 00 00 00 00
17:10:23.517  CAN1  660       [8]  01 00 00 00 00 99 00 00
17:10:23.517  CAN1  661       [8]  00 59 00 A7 00 00 00 00
17:10:23.517  CAN1  662       [8]  00 00 00 00 00 00 00 00
17:10:23.517  CAN1  710       [8]  08 C0 8C 5D C3 83 80 80
17:10:23.517  CAN1  1AE       [8]  0A 70 00 01 0F FF 7F F8
17:10:23.517  CAN1  205       [8]  DB 75 55 7F F9 18 00 CB
17:10:23.517  CAN1  23A       [8]  90 70 00 00 00 00 00 00
17:10:23.517  CAN1  135       [8]  C5 22 1C FD 00 00 00 00
17:10:23.517  CAN1  2A3       [8]  01 FF FF 00 00 00 00 00
17:10:23.517  CAN1  1F4       [8]  A0 06 13 00 00 00 00 06
17:10:23.517  CAN1  2C7       [8]  1E 00 00 00 00 00 00 0D
17:10:23.517  CAN1  10C       [8]  E6 61 90 81 8F 19 00 00
17:10:23.517  CAN1  117       [8]  62 40 00 00 57 00 00 07
17:10:23.517  CAN1  11B       [8]  A3 60 54 E3 20 08 54 E1
17:10:23.517  CAN1  121       [8]  3E 60 2A A9 6A 8A AA 00
17:10:23.517  CAN1  10F       [8]  00 00 00 00 00 00 00 00
17:10:23.517  CAN1  124       [8]  31 60 00 15 55 2A A8 00
17:10:23.517  CAN1  14E       [8]  F2 85 50 55 13 10 00 00
17:10:23.517  CAN1  272       [8]  C9 80 18 07 00 AE 42 A8
17:10:23.517  CAN1  28E       [8]  0E 81 BF 01 31 80 00 00
17:10:23.517  CAN1  292       [8]  AB 80 00 00 00 00 00 00
17:10:23.521  CAN1  660       [8]  01 00 00 00 00 99 00 00
17:10:23.521  CAN1  661       [8]  00 59 00 A7 00 00 00 00
17:10:23.521  CAN1  662       [8]  00 00 00 00 00 00 00 00
17:10:23.521  CAN1  710       [8]  08 C0 8C 5D C3 83 C0 80
17:10:23.521  CAN1  1AE       [8]  FA 80 00 01 0F FF 7F F8
17:10:23.521  CAN1  205       [8]  CB 85 55 7F F9 18 00 CB
17:10:23.521  CAN1  23A       [8]  80 80 00 00 00 00 00 00
17:10:23.521  CAN1  135       [8]  C4 23 1C FD 00 00 00 00
17:10:23.521  CAN1  225       [8]  2E 48 FF 00 00 0D 8E F0
17:10:23.521  CAN1  32A       [8]  16 AA 40 00 00 00 00 00
17:10:23.521  CAN1  1F4       [8]  A0 06 13 00 00 00 00 06
17:10:23.521  CAN1  2C7       [8]  1E 00 00 00 00 00 00 0E
17:10:23.521  CAN1  2AA       [8]  00 00 00 05 05 09 0A 03
17:10:23.521  CAN1  10C       [8]  D6 71 90 81 8F 19 00 00
17:10:23.521  CAN1  117       [8]  72 40 00 00 57 00 00 F7
17:10:23.521  CAN1  11B       [8]  1A 70 54 E3 20 08 54 E1
17:10:23.521  CAN1  121       [8]  87 70 2A A9 6A 8A AA 00
17:10:23.521  CAN1  124       [8]  88 70 00 15 55 2A A8 00
17:10:23.521  CAN1  14E       [8]  4B 95 50 55 13 10 00 00
17:10:23.521  CAN1  15E       [8]  40 40 80 00 51 10 00 00
17:10:23.521  CAN1  272       [8]  B9 90 18 07 00 AE 42 A8
17:10:23.521  CAN1  28E       [8]  FE 91 BF 01 31 80 00 00
17:10:23.521  CAN1  292       [8]  12 90 00 00 00 00 00 00
17:10:23.521  CAN1  660       [8]  01 00 00 00 00 99 00 00
17:10:23.521  CAN1  661       [8]  00 59 00 A7 00 00 00 00
17:10:23.521  CAN1  662       [8]  00 00 00 00 00 00 00 00
17:10:23.521  CAN1  710       [8]  08 C0 8C 5D C3 84 00 80
17:10:23.521  CAN1  256       [8]  58 10 00 61 25 2B A3 44
17:10:23.521  CAN1  312       [8]  10 00 00 7A C0 00 00 00
17:10:23.521  CAN1  313       [8]  7D 02 04 02 3F D1 3E 80
17:10:23.521  CAN1  317       [8]  4B 1C 42 4F 2E E3 E8 00
17:10:23.521  CAN1  1AE       [8]  EA 90 00 01 0F FF 7F F8
17:10:23.546  CAN1  205       [8]  BD 95 55 7F F9 18 00 C9
17:10:23.546  CAN1  135       [8]  C3 24 1C FD 00 00 00 00
17:10:23.546  CAN1  23A       [8]  70 90 00 00 00 00 00 00
17:10:23.546  CAN1  323       [8]  0F 65 14 00 7D 03 E8 01
17:10:23.546  CAN1  324       [8]  00 00 00 00 00 00 01 00
17:10:23.546  CAN1  338       [8]  00 28 5D C0 FF 00 02 00
17:10:23.546  CAN1  1F4       [8]  A0 06 13 00 00 00 00 06
17:10:23.546  CAN1  2C7       [8]  1E 00 00 00 00 00 00 0F
17:10:23.546  CAN1  10C       [8]  C6 81 90 81 8F 19 00 00
17:10:23.546  CAN1  117       [8]  82 40 00 00 57 00 00 E7
17:10:23.546  CAN1  11B       [8]  B3 80 54 E3 20 08 54 E1
17:10:23.546  CAN1  121       [8]  2E 80 2A A9 6A 8A AA 00
17:10:23.546  CAN1  10F       [8]  00 00 00 00 00 00 00 00
17:10:23.546  CAN1  124       [8]  21 80 00 15 55 2A A8 00
17:10:23.546  CAN1  14E       [8]  9D A5 50 55 13 10 00 00
17:10:23.546  CAN1  272       [8]  A9 A0 18 07 00 AE 42 A8
17:10:23.546  CAN1  28E       [8]  EE A1 BF 01 31 80 00 00
17:10:23.546  CAN1  292       [8]  C4 A0 00 00 00 00 00 00
17:10:23.546  CAN1  660       [8]  01 00 00 00 00 99 00 00
17:10:23.546  CAN1  661       [8]  00 59 00 A7 00 00 00 00
17:10:23.546  CAN1  662       [8]  00 00 00 00 00 00 00 00
17:10:23.546  CAN1  710       [8]  08 C0 8C 5D C3 84 40 80
17:10:23.546  CAN1  1AE       [8]  DA A0 00 01 0F FF 7F F8
17:10:23.546  CAN1  205       [8]  AD A5 55 7F F9 18 00 C9
17:10:23.546  CAN1  23A       [8]  60 A0 00 00 00 00 00 00
17:10:23.546  CAN1  135       [8]  C2 25 1C FD 00 00 00 00
17:10:23.546  CAN1  225       [8]  1E 58 FF 00 00 0D 8E F0
17:10:23.546  CAN1  32A       [8]  06 AA 50 00 00 00 00 00
17:10:23.546  CAN1  1F4       [8]  A0 06 13 00 00 00 00 06
17:10:23.546  CAN1  2C7       [8]  1E 00 00 00 00 00 00 00
17:10:23.546  CAN1  2AA       [8]  00 00 00 05 05 09 0B 02
17:10:23.546  CAN1  10C       [8]  B6 91 90 81 8F 19 00 00
17:10:23.550  CAN1  117       [8]  92 40 00 00 57 00 00 D7
17:10:23.550  CAN1  11B       [8]  0A 90 54 E3 20 08 54 E1
17:10:23.550  CAN1  121       [8]  97 90 2A A9 6A 8A AA 00
17:10:23.550  CAN1  124       [8]  98 90 00 15 55 2A A8 00
17:10:23.550  CAN1  14E       [8]  24 B5 50 55 13 10 00 00
17:10:23.550  CAN1  15E       [8]  F9 50 80 00 51 10 00 00
17:10:23.550  CAN1  272       [8]  99 B0 18 07 00 AE 42 A8
17:10:23.550  CAN1  28E       [8]  DE B1 BF 01 31 80 00 00
17:10:23.550  CAN1  292       [8]  7D B0 00 00 00 00 00 00
17:10:23.550  CAN1  660       [8]  01 00 00 00 00 99 00 00
17:10:23.550  CAN1  661       [8]  00 59 00 A7 00 00 00 00
17:10:23.550  CAN1  662       [8]  00 00 00 00 00 00 00 00
17:10:23.550  CAN1  710       [8]  08 C0 8C 5D C3 84 40 80
17:10:23.550  CAN1  1AE       [8]  CA B0 00 01 0F FF 7F F8
17:10:23.550  CAN1  205       [8]  9B B5 55 7F F9 18 00 CB
17:10:23.550  CAN1  23A       [8]  50 B0 00 00 00 00 00 00
17:10:23.550  CAN1  135       [8]  C1 26 1C FD 00 00 00 00
17:10:23.550  CAN1  1F4       [8]  A0 06 13 00 00 00 00 06
17:10:23.550  CAN1  2C7       [8]  1E 00 00 00 00 00 00 01
17:10:23.550  CAN1  10C       [8]  A6 A1 90 81 8F 19 00 00
17:10:23.550  CAN1  117       [8]  A2 40 00 00 57 00 00 C7
17:10:23.550  CAN1  11B       [8]  DC A0 54 E3 20 08 54 E1
17:10:23.550  CAN1  121       [8]  41 A0 2A A9 6A 8A AA 00
17:10:23.550  CAN1  10F       [8]  00 00 00 00 00 00 00 00
17:10:23.550  CAN1  124       [8]  4E A0 00 15 55 2A A8 00
17:10:23.550  CAN1  14E       [8]  2C C5 50 55 13 10 00 00
17:10:23.550  CAN1  272       [8]  89 C0 18 07 00 AE 42 A8
17:10:23.550  CAN1  28E       [8]  CE C1 BF 01 31 80 00 00
17:10:23.550  CAN1  292       [8]  75 C0 00 00 00 00 00 00
17:10:23.550  CAN1  2B2       [8]  42 30 00 00 41 00 90 41
17:10:23.550  CAN1  660       [8]  01 00 00 00 00 99 00 00
17:10:23.550  CAN1  661       [8]  00 59 00 A7 00 00 00 00
17:10:23.564  CAN1  662       [8]  00 00 00 00 00 00 00 00
17:10:23.564  CAN1  710       [8]  08 C0 8C 5D C3 84 00 80
17:10:23.564  CAN1  1AE       [8]  BA C0 00 01 0F FF 7F F8
17:10:23.564  CAN1  205       [8]  8B C5 55 7F F9 18 00 CB
17:10:23.564  CAN1  23A       [8]  40 C0 00 00 00 00 00 00
17:10:23.564  CAN1  135       [8]  C0 27 1C FD 00 00 00 00
17:10:23.564  CAN1  225       [8]  0E 68 FF 00 00 0D 8E F0
17:10:23.564  CAN1  2A3       [8]  01 FF FF 00 00 00 00 00
17:10:23.564  CAN1  32A       [8]  F6 AA 60 00 00 00 00 00
17:10:23.564  CAN1  1F4       [8]  A0 06 13 00 00 00 00 06
17:10:23.564  CAN1  2C7       [8]  1E 00 00 00 00 00 00 02
17:10:23.564  CAN1  2AA       [8]  00 00 00 05 05 09 0C 05
17:10:23.564  CAN1  10C       [8]  96 B1 90 81 8F 19 00 00
17:10:23.564  CAN1  117       [8]  B2 40 00 00 57 00 00 B7
17:10:23.564  CAN1  11B       [8]  65 B0 54 E3 20 08 54 E1
17:10:23.564  CAN1  121       [8]  F8 B0 2A A9 6A 8A AA 00
17:10:23.564  CAN1  124       [8]  F7 B0 00 15 55 2A A8 00
17:10:23.564  CAN1  07D       [8]  AB 40 15 00 00 00 00 00
17:10:23.564  CAN1  14E       [8]  95 D5 50 55 13 10 00 00
17:10:23.564  CAN1  15E       [8]  2F 60 80 00 51 10 00 00
17:10:23.564  CAN1  272       [8]  79 D0 18 07 00 AE 42 A8
17:10:23.564  CAN1  28E       [8]  BE D1 BF 01 31 80 00 00
17:10:23.564  CAN1  292       [8]  CC D0 00 00 00 00 00 00
17:10:23.564  CAN1  660       [8]  01 00 00 00 00 99 00 00
17:10:23.564  CAN1  661       [8]  00 59 00 A7 00 00 00 00
17:10:23.564  CAN1  662       [8]  00 00 00 00 00 00 00 00
17:10:23.564  CAN1  710       [8]  08 C0 8C 5D C3 84 40 80
17:10:23.564  CAN1  1AE       [8]  AA D0 00 01 0F FF 7F F8
17:10:23.564  CAN1  205       [8]  7C D5 55 7F F9 18 00 CA
17:10:23.564  CAN1  23A       [8]  30 D0 00 00 00 00 00 00
17:10:23.564  CAN1  135       [8]  BF 28 1C FD 00 00 00 00
17:10:23.564  CAN1  1F4       [8]  A0 06 13 00 00 00 00 06
17:10:23.588  CAN1  2C7       [8]  1E 00 00 00 00 00 00 03
17:10:23.588  CAN1  10C       [8]  86 C1 90 81 8F 19 00 00
17:10:23.588  CAN1  117       [8]  C2 40 00 00 57 00 00 A7
17:10:23.588  CAN1  11B       [8]  6D C0 54 E3 20 08 54 E1
17:10:23.588  CAN1  121       [8]  F0 C0 2A A9 6A 8A AA 00
17:10:23.588  CAN1  10F       [8]  00 00 00 00 00 00 00 00
17:10:23.588  CAN1  124       [8]  FF C0 00 15 55 2A A8 00
17:10:23.588  CAN1  14E       [8]  43 E5 50 55 13 10 00 00
17:10:23.588  CAN1  272       [8]  69 E0 18 07 00 AE 42 A8
17:10:23.588  CAN1  28E       [8]  AE E1 BF 01 31 80 00 00
17:10:23.588  CAN1  292       [8]  1A E0 00 00 00 00 00 00
17:10:23.588  CAN1  660       [8]  01 00 00 00 00 99 00 00
17:10:23.588  CAN1  661       [8]  00 59 00 A7 00 00 00 00
17:10:23.588  CAN1  662       [8]  00 00 00 00 00 00 00 00
17:10:23.588  CAN1  710       [8]  08 C0 8C 5D C3 84 40 80
17:10:23.588  CAN1  1AE       [8]  9A E0 00 01 0F FF 7F F8
17:10:23.588  CAN1  205       [8]  6C E5 55 7F F9 18 00 CA
17:10:23.588  CAN1  23A       [8]  20 E0 00 00 00 00 00 00
17:10:23.588  CAN1  135       [8]  BE 29 1C FD 00 00 00 00
17:10:23.588  CAN1  225       [8]  FE 78 FF 00 00 0D 8E F0
17:10:23.588  CAN1  32A       [8]  E6 AA 70 00 00 00 00 00
17:10:23.588  CAN1  1F4       [8]  A0 06 13 00 00 00 00 06
17:10:23.588  CAN1  2C7       [8]  1E 00 00 00 00 00 00 04
17:10:23.588  CAN1  2AA       [8]  00 00 00 05 05 09 0D 04
17:10:23.588  CAN1  10C       [8]  76 D1 90 81 8F 19 00 00
17:10:23.588  CAN1  117       [8]  D2 40 00 00 57 00 00 97
17:10:23.588  CAN1  11B       [8]  D4 D0 54 E3 20 08 54 E1
17:10:23.588  CAN1  121       [8]  49 D0 2A A9 6A 8A AA 00
17:10:23.588  CAN1  124       [8]  46 D0 00 15 55 2A A8 00
17:10:23.588  CAN1  14E       [8]  FA F5 50 55 13 10 00 00
17:10:23.588  CAN1  15E       [8]  96 70 80 00 51 10 00 00
17:10:23.588  CAN1  272       [8]  59 F0 18 07 00 AE 42 A8
17:10:23.602  CAN1  28E       [8]  9E F1 BF 01 31 80 00 00
17:10:23.602  CAN1  292       [8]  A3 F0 00 00 00 00 00 00
17:10:23.602  CAN1  660       [8]  01 00 00 00 00 99 00 00
17:10:23.602  CAN1  661       [8]  00 59 00 A7 00 00 00 00
17:10:23.602  CAN1  662       [8]  00 00 00 00 00 00 00 00
17:10:23.602  CAN1  710       [8]  08 C0 8C 5D C3 83 C0 80
17:10:23.602  CAN1  1AE       [8]  8A F0 00 01 0F FF 7F F8
17:10:23.602  CAN1  205       [8]  5D F5 55 7F F9 18 00 C9
17:10:23.602  CAN1  23A       [8]  10 F0 00 00 00 00 00 00
17:10:23.602  CAN1  135       [8]  BD 2A 1C FD 00 00 00 00
17:10:23.602  CAN1  1F4       [8]  A0 06 13 00 00 00 00 06
17:10:23.602  CAN1  2C7       [8]  1E 00 00 00 00 00 00 05
17:10:23.602  CAN1  10C       [8]  66 E1 90 81 8F 19 00 00
17:10:23.602  CAN1  117       [8]  E2 40 00 00 57 00 00 87
17:10:23.602  CAN1  11B       [8]  02 E0 54 E3 20 08 54 E1
17:10:23.602  CAN1  121       [8]  9F E0 2A A9 6A 8A AA 00
17:10:23.602  CAN1  10F       [8]  00 00 00 00 00 00 00 00
17:10:23.602  CAN1  124       [8]  90 E0 00 15 55 2A A8 00
17:10:23.602  CAN1  14E       [8]  53 05 50 55 13 10 00 00
17:10:23.602  CAN1  272       [8]  49 00 18 07 00 AE 42 A8
17:10:23.602  CAN1  28E       [8]  8E 01 BF 01 31 80 00 00
17:10:23.602  CAN1  292       [8]  0A 00 00 00 00 00 00 00
17:10:23.602  CAN1  660       [8]  01 00 00 00 00 99 00 00
17:10:23.602  CAN1  661       [8]  00 59 00 A7 00 00 00 00
17:10:23.602  CAN1  662       [8]  00 00 00 00 00 00 00 00
17:10:23.602  CAN1  710       [8]  08 C0 8C 5D C3 84 00 80
17:10:23.602  CAN1  1AE       [8]  7A 00 00 01 0F FF 7F F8
17:10:23.602  CAN1  205       [8]  4D 05 55 7F F9 18 00 C9
17:10:23.602  CAN1  23A       [8]  00 00 00 00 00 00 00 00
17:10:23.602  CAN1  135       [8]  BC 2B 1C FD 00 00 00 00
17:10:23.602  CAN1  225       [8]  EE 88 FF 00 00 0D 8E F0
17:10:23.602  CAN1  32A       [8]  D6 AA 80 00 00 00 00 00
17:10:23.614  CAN1  1F4       [8]  A0 06 13 00 00 00 00 06
17:10:23.614  CAN1  2C7       [8]  1E 00 00 00 00 00 00 06
17:10:23.614  CAN1  2AA       [8]  00 00 00 05 05 09 0E 07
17:10:23.614  CAN1  10C       [8]  56 F1 90 81 8F 19 00 00
17:10:23.614  CAN1  117       [8]  F2 40 00 00 57 00 00 77
17:10:23.614  CAN1  11B       [8]  BB F0 54 E3 20 08 54 E1
17:10:23.614  CAN1  121       [8]  26 F0 2A A9 6A 8A AA 00
17:10:23.614  CAN1  124       [8]  29 F0 00 15 55 2A A8 00
17:10:23.614  CAN1  14E       [8]  EA 15 50 55 13 10 00 00
17:10:23.614  CAN1  15E       [8]  9E 00 80 00 51 10 00 00
17:10:23.614  CAN1  272       [8]  39 10 18 07 00 AE 42 A8
17:10:23.614  CAN1  28E       [8]  7E 11 BF 01 31 80 00 00
17:10:23.614  CAN1  292       [8]  B3 10 00 00 00 00 00 00
17:10:23.614  CAN1  660       [8]  01 00 00 00 00 99 00 00
17:10:23.614  CAN1  661       [8]  00 59 00 A7 00 00 00 00
17:10:23.614  CAN1  662       [8]  00 00 00 00 00 00 00 00
17:10:23.614  CAN1  710       [8]  08 C0 8C 5D C3 84 00 80
17:10:23.614  CAN1  1AE       [8]  6A 10 00 01 0F FF 7F F8
17:10:23.614  CAN1  205       [8]  3D 15 55 7F F9 18 00 C9
17:10:23.614  CAN1  23A       [8]  F0 10 00 00 00 00 00 00
17:10:23.614  CAN1  135       [8]  BB 2C 1C FD 00 00 00 00
17:10:23.614  CAN1  2A3       [8]  01 FF FF 00 00 00 00 00
17:10:23.614  CAN1  1F4       [8]  A0 06 13 00 00 00 00 06
17:10:23.614  CAN1  2C7       [8]  1E 00 00 00 00 00 00 07
17:10:23.614  CAN1  10C       [8]  46 01 90 81 8F 19 00 00
17:10:23.614  CAN1  117       [8]  02 40 00 00 57 00 00 67
17:10:23.614  CAN1  11B       [8]  12 00 54 E3 20 08 54 E1
17:10:23.614  CAN1  121       [8]  8F 00 2A A9 6A 8A AA 00
17:10:23.614  CAN1  10F       [8]  00 00 00 00 00 00 00 00
17:10:23.614  CAN1  124       [8]  80 00 00 15 55 2A A8 00
17:10:23.614  CAN1  14E       [8]  3C 25 50 55 13 10 00 00
17:10:23.614  CAN1  272       [8]  29 20 18 07 00 AE 42 A8
17:10:23.626  CAN1  28E       [8]  6E 21 BF 01 31 80 00 00
17:10:23.626  CAN1  292       [8]  65 20 00 00 00 00 00 00
17:10:23.626  CAN1  3A7       [8]  01 00 4D 41 00 00 00 00
17:10:23.626  CAN1  660       [8]  01 00 00 00 00 99 00 00
17:10:23.626  CAN1  661       [8]  00 59 00 A7 00 00 00 00
17:10:23.626  CAN1  662       [8]  00 00 00 00 00 00 00 00
17:10:23.626  CAN1  710       [8]  08 C0 8C 5D C3 84 40 80
17:10:23.626  CAN1  1AE       [8]  5A 20 00 01 0F FF 7F F8
17:10:23.626  CAN1  205       [8]  2D 25 55 7F F9 18 00 C9
17:10:23.626  CAN1  23A       [8]  E0 20 00 00 00 00 00 00
17:10:23.626  CAN1  135       [8]  BA 2D 1C FD 00 00 00 00
17:10:23.626  CAN1  225       [8]  DE 98 FF 00 00 0D 8E F0
17:10:23.626  CAN1  32A       [8]  C6 AA 90 00 00 00 00 00
17:10:23.626  CAN1  1F4       [8]  A0 06 13 00 00 00 00 06
17:10:23.626  CAN1  2C7       [8]  1E 00 00 00 00 00 00 08
17:10:23.626  CAN1  2AA       [8]  00 00 00 05 05 09 0F 06
17:10:23.626  CAN1  10C       [8]  36 11 90 81 8F 19 00 00
17:10:23.626  CAN1  117       [8]  12 40 00 00 57 00 00 57
17:10:23.626  CAN1  11B       [8]  AB 10 54 E3 20 08 54 E1
17:10:23.626  CAN1  121       [8]  36 10 2A A9 6A 8A AA 00
17:10:23.626  CAN1  124       [8]  39 10 00 15 55 2A A8 00
17:10:23.626  CAN1  14E       [8]  85 35 50 55 13 10 00 00
17:10:23.626  CAN1  15E       [8]  27 10 80 00 51 10 00 00
17:10:23.626  CAN1  272       [8]  19 30 18 07 00 AE 42 A8
17:10:23.626  CAN1  28E       [8]  5E 31 BF 01 31 80 00 00
17:10:23.626  CAN1  292       [8]  DC 30 00 00 00 00 00 00
17:10:23.626  CAN1  660       [8]  01 00 00 00 00 99 00 00
17:10:23.626  CAN1  661       [8]  00 59 00 A7 00 00 00 00
17:10:23.626  CAN1  662       [8]  00 00 00 00 00 00 00 00
17:10:23.626  CAN1  710       [8]  08 C0 8C 5D C3 84 40 80
17:10:23.626  CAN1  256       [8]  57 10 00 61 25 2B A4 44
17:10:23.626  CAN1  312       [8]  10 00 00 7A C0 00 00 00
17:10:23.642  CAN1  313       [8]  7D 02 04 02 3F D1 3E 80
17:10:23.642  CAN1  317       [8]  4B 1C 42 4F 2E E3 E8 00
17:10:23.642  CAN1  1AE       [8]  4A 30 00 01 0F FF 7F F8
17:10:23.642  CAN1  205       [8]  1B 35 55 7F F9 18 00 CB
17:10:23.642  CAN1  135       [8]  B9 2E 1C FD 00 00 00 00
17:10:23.642  CAN1  23A       [8]  D0 30 00 00 00 00 00 00
17:10:23.642  CAN1  323       [8]  0F 65 14 00 7D 03 E8 01
17:10:23.642  CAN1  324       [8]  00 00 00 00 00 00 01 00
17:10:23.642  CAN1  338       [8]  00 28 5D C0 FF 00 02 00
17:10:23.642  CAN1  1F4       [8]  A0 06 13 00 00 00 00 06
17:10:23.642  CAN1  2C7       [8]  1E 00 00 00 00 00 00 09
17:10:23.642  CAN1  10C       [8]  26 21 90 81 8F 19 00 00
17:10:23.642  CAN1  117       [8]  22 40 00 00 57 00 00 47
17:10:23.642  CAN1  11B       [8]  7D 20 54 E3 20 08 54 E1
17:10:23.642  CAN1  121       [8]  E0 20 2A A9 6A 8A AA 00
17:10:23.642  CAN1  10F       [8]  00 00 00 00 00 00 00 00
17:10:23.642  CAN1  124       [8]  EF 20 00 15 55 2A A8 00
17:10:23.642  CAN1  14E       [8]  8D 45 50 55 13 10 00 00
17:10:23.642  CAN1  272       [8]  09 40 18 07 00 AE 42 A8
17:10:23.642  CAN1  28E       [8]  4E 41 BF 01 31 80 00 00
17:10:23.642  CAN1  292       [8]  D4 40 00 00 00 00 00 00
17:10:23.642  CAN1  660       [8]  01 00 00 00 00 99 00 00
17:10:23.642  CAN1  661       [8]  00 59 00 A7 00 00 00 00
17:10:23.642  CAN1  662       [8]  00 00 00 00 00 00 00 00
17:10:23.642  CAN1  710       [8]  08 C0 8C 5D C3 83 C0 80
17:10:23.642  CAN1  1AE       [8]  3A 40 00 01 0F FF 7F F8
17:10:23.642  CAN1  205       [8]  0B 45 55 7F F9 18 00 CB
17:10:23.642  CAN1  23A       [8]  C0 40 00 00 00 00 00 00
17:10:23.642  CAN1  135       [8]  B8 2F 1C FD 00 00 00 00
17:10:23.642  CAN1  225       [8]  CE A8 FF 00 00 0D 8E F0
17:10:23.642  CAN1  32A       [8]  B6 AA A0 00 00 00 00 00
17:10:23.642  CAN1  1F4       [8]  A0 06 13 00 00 00 00 06
17:10:23.656  CAN1  2C7       [8]  1E 00 00 00 00 00 00 0A
17:10:23.656  CAN1  2AA       [8]  00 00 00 05 05 09 00 09
17:10:23.656  CAN1  10C       [8]  16 31 90 81 8F 19 00 00
17:10:23.656  CAN1  117       [8]  32 40 00 00 57 00 00 37
17:10:23.656  CAN1  11B       [8]  C4 30 54 E3 20 08 54 E1
17:10:23.656  CAN1  121       [8]  59 30 2A A9 6A 8A AA 00
17:10:23.656  CAN1  124       [8]  56 30 00 15 55 2A A8 00
17:10:23.656  CAN1  14E       [8]  34 55 50 55 13 10 00 00
17:10:23.656  CAN1  15E       [8]  F1 20 80 00 51 10 00 00
17:10:23.656  CAN1  272       [8]  F9 50 18 07 00 AE 42 A8
17:10:23.656  CAN1  28E       [8]  3E 51 BF 01 31 80 00 00
17:10:23.656  CAN1  292       [8]  6D 50 00 00 00 00 00 00
17:10:23.656  CAN1  660       [8]  01 00 00 00 00 99 00 00
17:10:23.656  CAN1  661       [8]  00 59 00 A7 00 00 00 00
17:10:23.656  CAN1  662       [8]  00 00 00 00 00 00 00 00
17:10:23.656  CAN1  710       [8]  08 C0 8C 5D C3 84 00 80
17:10:23.656  CAN1  1AE       [8]  2A 50 00 01 0F FF 7F F8
17:10:23.656  CAN1  205       [8]  FD 55 55 7F F9 18 00 C9
17:10:23.656  CAN1  23A       [8]  B0 50 00 00 00 00 00 00
17:10:23.656  CAN1  135       [8]  C7 20 1C FD 00 00 00 00
17:10:23.656  CAN1  1F4       [8]  A0 06 13 00 00 00 00 06
17:10:23.656  CAN1  2C7       [8]  1E 00 00 00 00 00 00 0B
17:10:23.656  CAN1  10C       [8]  06 41 90 81 8F 19 00 00
17:10:23.656  CAN1  117       [8]  42 40 00 00 57 00 00 27
17:10:23.656  CAN1  11B       [8]  CC 40 54 E3 20 08 54 E1
17:10:23.656  CAN1  121       [8]  51 40 2A A9 6A 8A AA 00
17:10:23.656  CAN1  10F       [8]  00 00 00 00 00 00 00 00
17:10:23.656  CAN1  124       [8]  5E 40 00 15 55 2A A8 00
17:10:23.656  CAN1  14E       [8]  E2 65 50 55 13 10 00 00
17:10:23.656  CAN1  272       [8]  E9 60 18 07 00 AE 42 A8
17:10:23.656  CAN1  28E       [8]  2E 61 BF 01 31 80 00 00
17:10:23.656  CAN1  292       [8]  BB 60 00 00 00 00 00 00
17:10:23.668  CAN1  2B2       [8]  52 40 00 00 41 00 90 41
17:10:23.668  CAN1  660       [8]  01 00 00 00 00 99 00 00
17:10:23.668  CAN1  661       [8]  00 59 00 A7 00 00 00 00
17:10:23.668  CAN1  662       [8]  00 00 00 00 00 00 00 00
17:10:23.668  CAN1  710       [8]  08 C0 8C 5D C3 84 00 80
17:10:23.668  CAN1  1AE       [8]  1A 60 00 01 0F FF 7F F8
17:10:23.668  CAN1  205       [8]  ED 65 55 7F F9 18 00 C9
17:10:23.668  CAN1  23A       [8]  A0 60 00 00 00 00 00 00
17:10:23.668  CAN1  135       [8]  C6 21 1C FD 00 00 00 00
17:10:23.668  CAN1  225       [8]  BE B8 FF 00 00 0D 8E F0
17:10:23.668  CAN1  2A3       [8]  01 FF FF 00 00 00 00 00
17:10:23.668  CAN1  32A       [8]  A6 AA B0 00 00 00 00 00
17:10:23.668  CAN1  1F4       [8]  A0 06 13 00 00 00 00 06
17:10:23.668  CAN1  2C7       [8]  1E 00 00 00 00 00 00 0C
17:10:23.668  CAN1  2AA       [8]  00 00 00 05 05 09 01 08
17:10:23.668  CAN1  10C       [8]  F6 51 90 81 8F 19 00 00
17:10:23.668  CAN1  117       [8]  52 40 00 00 57 00 00 17
17:10:23.668  CAN1  11B       [8]  75 50 54 E3 20 08 54 E1
17:10:23.668  CAN1  121       [8]  E8 50 2A A9 6A 8A AA 00
17:10:23.668  CAN1  124       [8]  E7 50 00 15 55 2A A8 00
17:10:23.668  CAN1  07D       [8]  9B 50 15 00 00 00 00 00
17:10:23.668  CAN1  14E       [8]  5B 75 50 55 13 10 00 00
17:10:23.668  CAN1  15E       [8]  48 30 80 00 51 10 00 00
17:10:23.668  CAN1  272       [8]  D9 70 18 07 00 AE 42 A8
17:10:23.668  CAN1  28E       [8]  1E 71 BF 01 31 80 00 00
17:10:23.668  CAN1  292       [8]  02 70 00 00 00 00 00 00
17:10:23.668  CAN1  660       [8]  01 00 00 00 00 99 00 00
17:10:23.668  CAN1  661       [8]  00 59 00 A7 00 00 00 00
17:10:23.668  CAN1  662       [8]  00 00 00 00 00 00 00 00
17:10:23.668  CAN1  710       [8]  08 C0 8C 5D C3 84 00 80
17:10:23.668  CAN1  1AE       [8]  0A 70 00 01 0F FF 7F F8
17:10:23.668  CAN1  205       [8]  DC 75 55 7F F9 18 00 CA
17:10:23.682  CAN1  23A       [8]  90 70 00 00 00 00 00 00
17:10:23.682  CAN1  135       [8]  C5 22 1C FD 00 00 00 00
17:10:23.682  CAN1  1F4       [8]  A0 06 13 00 00 00 00 06
17:10:23.682  CAN1  2C7       [8]  1E 00 00 00 00 00 00 0D
17:10:23.682  CAN1  10C       [8]  E6 61 90 81 8F 19 00 00
17:10:23.682  CAN1  117       [8]  62 40 00 00 57 00 00 07
17:10:23.682  CAN1  11B       [8]  A3 60 54 E3 20 08 54 E1
17:10:23.682  CAN1  121       [8]  3E 60 2A A9 6A 8A AA 00
17:10:23.682  CAN1  10F       [8]  00 00 00 00 00 00 00 00
17:10:23.682  CAN1  124       [8]  31 60 00 15 55 2A A8 00
17:10:23.682  CAN1  14E       [8]  F2 85 50 55 13 10 00 00
17:10:23.682  CAN1  272       [8]  C9 80 18 07 00 AE 42 A8
17:10:23.682  CAN1  28E       [8]  0E 81 BF 01 31 80 00 00
17:10:23.682  CAN1  292       [8]  AB 80 00 00 00 00 00 00
17:10:23.682  CAN1  660       [8]  01 00 00 00 00 99 00 00
17:10:23.682  CAN1  661       [8]  00 59 00 A7 00 00 00 00
17:10:23.682  CAN1  662       [8]  00 00 00 00 00 00 00 00
17:10:23.682  CAN1  710       [8]  08 C0 8C 5D C3 83 C0 80
17:10:23.682  CAN1  1AE       [8]  FA 80 00 01 0F FF 7F F8
17:10:23.682  CAN1  205       [8]  CC 85 55 7F F9 18 00 CA
17:10:23.682  CAN1  23A       [8]  80 80 00 00 00 00 00 00
17:10:23.682  CAN1  135       [8]  C4 23 1C FD 00 00 00 00
17:10:23.682  CAN1  225       [8]  AE C8 FF 00 00 0D 8E F0
17:10:23.682  CAN1  32A       [8]  96 AA C0 00 00 00 00 00
17:10:23.682  CAN1  1F4       [8]  A0 06 13 00 00 00 00 06
17:10:23.682  CAN1  2C7       [8]  1E 00 00 00 00 00 00 0E
17:10:23.682  CAN1  2AA       [8]  00 00 00 05 05 09 02 0B
17:10:23.682  CAN1  10C       [8]  D6 71 90 81 8F 19 00 00
17:10:23.682  CAN1  117       [8]  72 40 00 00 57 00 00 F7
17:10:23.682  CAN1  11B       [8]  1A 70 54 E3 20 08 54 E1
17:10:23.682  CAN1  121       [8]  87 70 2A A9 6A 8A AA 00
17:10:23.682  CAN1  124       [8]  88 70 00 15 55 2A A8 00
17:10:23.695  CAN1  14E       [8]  4B 95 50 55 13 10 00 00
17:10:23.695  CAN1  15E       [8]  40 40 80 00 51 10 00 00
17:10:23.695  CAN1  272       [8]  B9 90 18 07 00 AE 42 A8
17:10:23.695  CAN1  28E       [8]  FE 91 BF 01 31 80 00 00
17:10:23.695  CAN1  292       [8]  12 90 00 00 00 00 00 00
17:10:23.695  CAN1  660       [8]  01 00 00 00 00 99 00 00
17:10:23.695  CAN1  661       [8]  00 59 00 A7 00 00 00 00
17:10:23.695  CAN1  662       [8]  00 00 00 00 00 00 00 00
17:10:23.695  CAN1  710       [8]  08 C0 8C 5D C3 84 00 80
17:10:23.695  CAN1  1AE       [8]  EA 90 00 01 0F FF 7F F8
17:10:23.695  CAN1  205       [8]  BB 95 55 7F F9 18 00 CB
17:10:23.695  CAN1  23A       [8]  70 90 00 00 00 00 00 00
17:10:23.695  CAN1  135       [8]  C3 24 1C FD 00 00 00 00
17:10:23.695  CAN1  1F4       [8]  A0 06 13 00 00 00 00 06
17:10:23.695  CAN1  2C7       [8]  1E 00 00 00 00 00 00 0F
17:10:23.695  CAN1  10C       [8]  C6 81 90 81 8F 19 00 00
17:10:23.695  CAN1  117       [8]  82 40 00 00 57 00 00 E7
17:10:23.695  CAN1  11B       [8]  B3 80 54 E3 20 08 54 E1
17:10:23.695  CAN1  121       [8]  2E 80 2A A9 6A 8A AA 00
17:10:23.695  CAN1  10F       [8]  00 00 00 00 00 00 00 00
17:10:23.695  CAN1  124       [8]  21 80 00 15 55 2A A8 00
17:10:23.695  CAN1  14E       [8]  9D A5 50 55 13 10 00 00
17:10:23.695  CAN1  272       [8]  A9 A0 18 07 00 AE 42 A8
17:10:23.695  CAN1  28E       [8]  EE A1 BF 01 31 80 00 00
17:10:23.695  CAN1  292       [8]  C4 A0 00 00 00 00 00 00
17:10:23.695  CAN1  660       [8]  01 00 00 00 00 99 00 00
17:10:23.695  CAN1  661       [8]  00 59 00 A7 00 00 00 00
17:10:23.695  CAN1  662       [8]  00 00 00 00 00 00 00 00
17:10:23.695  CAN1  710       [8]  08 C0 8C 5D C3 83 80 80
17:10:23.695  CAN1  1AE       [8]  DA A0 00 01 0F FF 7F F8
17:10:23.695  CAN1  205       [8]  AB A5 55 7F F9 18 00 CB
17:10:23.695  CAN1  23A       [8]  60 A0 00 00 00 00 00 00
LOG   stopped
