# Start: 2026-05-02 17:04:52
# Adapter: Scanmatik SM2 USB
# Bus: CAN1 6-14
# Bitrate: 500k
# Frames: 11-bit
# Firmware: FW:1096 HW:02 SN:A87720
# DLL: 1.0.0.130 (built 30.03.2025)
# API: 04.04

LOG   C:\Users\vano\Desktop\codex\canscanmatik\bin\Release\net8.0-windows\logs\CAN1_20260502_170452.log
17:04:52.465  CAN1  316       [8]  83 D0 00 00 FF 3E 00 7F
17:04:52.465  CAN1  260       [8]  00 FF FF 70 00 00 5F 00
17:04:52.465  CAN1  0A0       [8]  00 00 00 00 00 00 00 00
17:04:52.465  CAN1  0A1       [8]  80 80 00 00 00 00 00 00
17:04:52.465  CAN1  18F       [8]  00 00 00 FF 00 78 00 00
17:04:52.465  CAN1  2A0       [8]  00 00 00 00 00 00 00 00
17:04:52.465  CAN1  329       [8]  80 FF 80 92 12 FF FF 10
17:04:52.465  CAN1  545       [8]  DF 00 00 7C E5 04 80 06
17:04:52.465  CAN1  316       [8]  83 D0 00 00 FF 3E 00 7F
17:04:52.465  CAN1  18F       [8]  00 00 00 FF 00 78 00 00
17:04:52.465  CAN1  0A0       [8]  00 00 00 00 00 00 00 00
17:04:52.465  CAN1  0A1       [8]  80 80 00 00 00 00 00 00
17:04:52.465  CAN1  260       [8]  00 FF FF 70 00 00 5F 00
17:04:52.465  CAN1  2A0       [8]  00 00 00 00 00 00 00 00
17:04:52.465  CAN1  329       [8]  80 FF 80 92 12 FF FF 10
17:04:52.465  CAN1  545       [8]  DF 00 00 7C E5 04 80 06
17:04:52.465  CAN1  316       [8]  83 D0 00 00 FF 3E 00 7F
17:04:52.465  CAN1  260       [8]  00 FF FF 70 00 00 5F 00
17:04:52.465  CAN1  0A0       [8]  00 00 00 00 00 00 00 00
17:04:52.465  CAN1  0A1       [8]  80 80 00 00 00 00 00 00
17:04:52.465  CAN1  18F       [8]  00 00 00 FF 00 78 00 00
17:04:52.465  CAN1  2A0       [8]  00 00 00 00 00 00 00 00
17:04:52.465  CAN1  329       [8]  80 FF 80 92 12 FF FF 10
17:04:52.465  CAN1  545       [8]  DF 00 00 7C E5 04 80 06
17:04:52.465  CAN1  316       [8]  83 D0 00 00 FF 3E 00 7F
17:04:52.465  CAN1  0A0       [8]  00 00 00 00 00 00 00 00
17:04:52.465  CAN1  0A1       [8]  80 80 00 00 00 00 00 00
17:04:52.465  CAN1  18F       [8]  00 00 00 FF 00 78 00 00
17:04:52.465  CAN1  260       [8]  00 FF FF 70 00 00 5F 00
17:04:52.465  CAN1  2A0       [8]  00 00 00 00 00 00 00 00
17:04:52.465  CAN1  329       [8]  D6 FF 80 92 12 FF FF 10
17:04:52.465  CAN1  545       [8]  DF 00 00 7C E5 04 80 06
17:04:52.511  CAN1  316       [8]  83 D0 00 00 FF 3E 00 7F
17:04:52.511  CAN1  260       [8]  00 FF FF 70 00 00 5F 00
17:04:52.511  CAN1  0A0       [8]  00 00 00 00 00 00 00 00
17:04:52.511  CAN1  0A1       [8]  80 80 00 00 00 00 00 00
17:04:52.511  CAN1  18F       [8]  00 00 00 FF 00 78 00 00
17:04:52.511  CAN1  2A0       [8]  00 00 00 00 00 00 00 00
17:04:52.511  CAN1  329       [8]  D6 FF 80 92 12 FF FF 10
17:04:52.511  CAN1  545       [8]  DF 00 00 7C E5 04 80 06
17:04:52.511  CAN1  316       [8]  83 D0 00 00 FF 3E 00 7F
17:04:52.511  CAN1  260       [8]  00 FF FF 70 00 00 5F 00
17:04:52.511  CAN1  0A0       [8]  00 00 00 00 00 00 00 00
17:04:52.511  CAN1  0A1       [8]  80 80 00 00 00 00 00 00
17:04:52.511  CAN1  18F       [8]  00 00 00 FF 00 78 00 00
17:04:52.511  CAN1  2A0       [8]  00 00 00 00 00 00 00 00
17:04:52.511  CAN1  329       [8]  D6 FF 80 92 12 FF FF 10
17:04:52.511  CAN1  545       [8]  DF 00 00 7C E5 04 80 06
17:04:52.511  CAN1  316       [8]  83 D0 00 00 FF 3E 00 7F
17:04:52.511  CAN1  260       [8]  00 FF FF 70 00 00 5F 00
17:04:52.511  CAN1  0A0       [8]  00 00 00 00 00 00 00 00
17:04:52.511  CAN1  0A1       [8]  80 80 00 00 00 00 00 00
17:04:52.511  CAN1  18F       [8]  00 00 00 FF 00 78 00 00
17:04:52.511  CAN1  2A0       [8]  00 00 00 00 00 00 00 00
17:04:52.511  CAN1  329       [8]  D6 FF 80 92 12 FF FF 10
17:04:52.511  CAN1  545       [8]  DF 00 00 7C E5 04 80 06
17:04:52.511  CAN1  316       [8]  83 D0 00 00 FF 3E 00 7F
17:04:52.511  CAN1  260       [8]  00 FF FF 70 00 00 5F 00
17:04:52.511  CAN1  0A0       [8]  00 00 00 00 00 00 00 00
17:04:52.511  CAN1  0A1       [8]  80 80 00 00 00 00 00 00
17:04:52.511  CAN1  18F       [8]  00 00 00 FF 00 78 00 00
17:04:52.511  CAN1  2A0       [8]  00 00 00 00 00 00 00 00
17:04:52.511  CAN1  329       [8]  D6 FF 80 92 12 FF FF 10
17:04:52.511  CAN1  545       [8]  DF 00 00 7C E5 04 80 06
17:04:52.548  CAN1  316       [8]  83 D0 00 00 FF 3E 00 7F
17:04:52.548  CAN1  260       [8]  00 FF FF 70 00 00 5F 00
17:04:52.548  CAN1  0A0       [8]  00 00 00 00 00 00 00 00
17:04:52.548  CAN1  0A1       [8]  80 80 00 00 00 00 00 00
17:04:52.548  CAN1  18F       [8]  00 00 00 FF 00 78 00 00
17:04:52.548  CAN1  2A0       [8]  00 00 00 00 00 00 00 00
17:04:52.548  CAN1  329       [8]  D6 FF 80 92 12 FF FF 10
17:04:52.548  CAN1  545       [8]  DF 00 00 7C E5 04 80 06
17:04:52.548  CAN1  316       [8]  83 D0 00 00 FF 3E 00 7F
17:04:52.548  CAN1  260       [8]  00 FF FF 70 00 00 5F 00
17:04:52.548  CAN1  0A0       [8]  00 00 00 00 00 00 00 00
17:04:52.548  CAN1  0A1       [8]  80 80 00 00 00 00 00 00
17:04:52.548  CAN1  18F       [8]  00 00 00 FF 00 78 00 00
17:04:52.548  CAN1  2A0       [8]  00 00 00 00 00 00 00 00
17:04:52.548  CAN1  329       [8]  D6 FF 80 92 12 FF FF 10
17:04:52.548  CAN1  545       [8]  DF 00 00 7C E5 04 80 06
17:04:52.548  CAN1  316       [8]  83 D0 00 00 FF 3E 00 7F
17:04:52.548  CAN1  260       [8]  00 FF FF 70 00 00 5F 00
17:04:52.548  CAN1  0A0       [8]  00 00 00 00 00 00 00 00
17:04:52.548  CAN1  0A1       [8]  80 80 00 00 00 00 00 00
17:04:52.548  CAN1  18F       [8]  00 00 00 FF 00 78 00 00
17:04:52.548  CAN1  2A0       [8]  00 00 00 00 00 00 00 00
17:04:52.548  CAN1  329       [8]  D6 FF 80 92 12 FF FF 10
17:04:52.548  CAN1  545       [8]  DF 00 00 7C E5 04 80 06
17:04:52.548  CAN1  316       [8]  83 D0 00 00 FF 3E 00 7F
17:04:52.548  CAN1  0A0       [8]  00 00 00 00 00 00 00 00
17:04:52.548  CAN1  0A1       [8]  80 80 00 00 00 00 00 00
17:04:52.548  CAN1  18F       [8]  00 00 00 FF 00 78 00 00
17:04:52.548  CAN1  260       [8]  00 FF FF 70 00 00 5F 00
17:04:52.548  CAN1  2A0       [8]  00 00 00 00 00 00 00 00
17:04:52.548  CAN1  329       [8]  0F FF 80 92 12 FF FF 10
17:04:52.548  CAN1  545       [8]  DF 00 00 7C E5 04 80 06
17:04:52.585  CAN1  316       [8]  83 D0 00 00 FF 3E 00 7F
17:04:52.585  CAN1  260       [8]  00 FF FF 70 00 00 5F 00
17:04:52.585  CAN1  0A0       [8]  00 00 00 00 00 00 00 00
17:04:52.585  CAN1  0A1       [8]  80 80 00 00 00 00 00 00
17:04:52.585  CAN1  18F       [8]  00 00 00 FF 00 78 00 00
17:04:52.585  CAN1  2A0       [8]  00 00 00 00 00 00 00 00
17:04:52.585  CAN1  329       [8]  0F FF 80 92 12 FF FF 10
17:04:52.585  CAN1  545       [8]  DF 00 00 7C E5 04 80 06
17:04:52.585  CAN1  316       [8]  83 D0 00 00 FF 3E 00 7F
17:04:52.585  CAN1  18F       [8]  00 00 00 FF 00 78 00 00
17:04:52.585  CAN1  0A0       [8]  00 00 00 00 00 00 00 00
17:04:52.585  CAN1  0A1       [8]  80 80 00 00 00 00 00 00
17:04:52.585  CAN1  260       [8]  00 FF FF 70 00 00 5F 00
17:04:52.585  CAN1  2A0       [8]  00 00 00 00 00 00 00 00
17:04:52.585  CAN1  329       [8]  0F FF 80 92 12 FF FF 10
17:04:52.585  CAN1  545       [8]  DF 00 00 7C E5 04 80 06
17:04:52.585  CAN1  316       [8]  83 D0 00 00 FF 3E 00 7F
17:04:52.585  CAN1  2A0       [8]  00 00 00 00 00 00 00 00
17:04:52.585  CAN1  0A0       [8]  00 00 00 00 00 00 00 00
17:04:52.585  CAN1  0A1       [8]  80 80 00 00 00 00 00 00
17:04:52.585  CAN1  18F       [8]  00 00 00 FF 00 78 00 00
17:04:52.585  CAN1  260       [8]  00 FF FF 70 00 00 5F 00
17:04:52.585  CAN1  329       [8]  0F FF 80 92 12 FF FF 10
17:04:52.585  CAN1  545       [8]  DF 00 00 7C E5 04 80 06
17:04:52.585  CAN1  316       [8]  83 D0 00 00 FF 3E 00 7F
17:04:52.585  CAN1  260       [8]  00 FF FF 70 00 00 5F 00
17:04:52.585  CAN1  0A0       [8]  00 00 00 00 00 00 00 00
17:04:52.585  CAN1  0A1       [8]  80 80 00 00 00 00 00 00
17:04:52.585  CAN1  18F       [8]  00 00 00 FF 00 78 00 00
17:04:52.585  CAN1  2A0       [8]  00 00 00 00 00 00 00 00
17:04:52.585  CAN1  329       [8]  0F FF 80 92 12 FF FF 10
17:04:52.585  CAN1  545       [8]  DF 00 00 7C E5 04 80 06
17:04:52.632  CAN1  316       [8]  83 D0 00 00 FF 3E 00 7F
17:04:52.632  CAN1  260       [8]  00 FF FF 70 00 00 5F 00
17:04:52.632  CAN1  0A0       [8]  00 00 00 00 00 00 00 00
17:04:52.632  CAN1  0A1       [8]  80 80 00 00 00 00 00 00
17:04:52.632  CAN1  18F       [8]  00 00 00 FF 00 78 00 00
17:04:52.632  CAN1  2A0       [8]  00 00 00 00 00 00 00 00
17:04:52.632  CAN1  329       [8]  0F FF 80 92 12 FF FF 10
17:04:52.632  CAN1  545       [8]  DF 00 00 7C E5 04 80 06
17:04:52.632  CAN1  316       [8]  83 D0 00 00 FF 3E 00 7F
17:04:52.632  CAN1  260       [8]  00 FF FF 70 00 00 5F 00
17:04:52.632  CAN1  0A0       [8]  00 00 00 00 00 00 00 00
17:04:52.632  CAN1  0A1       [8]  80 80 00 00 00 00 00 00
17:04:52.632  CAN1  18F       [8]  00 00 00 FF 00 78 00 00
17:04:52.632  CAN1  2A0       [8]  00 00 00 00 00 00 00 00
17:04:52.632  CAN1  329       [8]  0F FF 80 92 12 FF FF 10
17:04:52.632  CAN1  545       [8]  DF 00 00 7C E5 04 80 06
17:04:52.632  CAN1  316       [8]  83 D0 00 00 FF 3E 00 7F
17:04:52.632  CAN1  260       [8]  00 FF FF 70 00 00 5F 00
17:04:52.632  CAN1  0A0       [8]  00 00 00 00 00 00 00 00
17:04:52.632  CAN1  0A1       [8]  80 80 00 00 00 00 00 00
17:04:52.632  CAN1  18F       [8]  00 00 00 FF 00 78 00 00
17:04:52.632  CAN1  2A0       [8]  00 00 00 00 00 00 00 00
17:04:52.632  CAN1  329       [8]  4F FF 80 92 12 FF FF 10
17:04:52.632  CAN1  545       [8]  DF 00 00 7C E5 04 80 06
17:04:52.632  CAN1  316       [8]  83 D0 00 00 FF 3E 00 7F
17:04:52.632  CAN1  260       [8]  00 FF FF 70 00 00 5F 00
17:04:52.632  CAN1  0A0       [8]  00 00 00 00 00 00 00 00
17:04:52.632  CAN1  0A1       [8]  80 80 00 00 00 00 00 00
17:04:52.632  CAN1  18F       [8]  00 00 00 FF 00 78 00 00
17:04:52.632  CAN1  2A0       [8]  00 00 00 00 00 00 00 00
17:04:52.632  CAN1  329       [8]  4F FF 80 92 12 FF FF 10
17:04:52.632  CAN1  545       [8]  DF 00 00 7C E5 04 80 06
17:04:52.669  CAN1  316       [8]  83 D0 00 00 FF 3E 00 7F
17:04:52.669  CAN1  260       [8]  00 FF FF 70 00 00 5F 00
17:04:52.669  CAN1  0A0       [8]  00 00 00 00 00 00 00 00
17:04:52.669  CAN1  0A1       [8]  80 80 00 00 00 00 00 00
17:04:52.669  CAN1  18F       [8]  00 00 00 FF 00 78 00 00
17:04:52.669  CAN1  2A0       [8]  00 00 00 00 00 00 00 00
17:04:52.669  CAN1  329       [8]  4F FF 80 92 12 FF FF 10
17:04:52.669  CAN1  545       [8]  DF 00 00 7C E5 04 80 06
17:04:52.669  CAN1  316       [8]  83 D0 00 00 FF 3E 00 7F
17:04:52.669  CAN1  0A0       [8]  00 00 00 00 00 00 00 00
17:04:52.669  CAN1  0A1       [8]  80 80 00 00 00 00 00 00
17:04:52.669  CAN1  18F       [8]  00 00 00 FF 00 78 00 00
17:04:52.669  CAN1  260       [8]  00 FF FF 70 00 00 5F 00
17:04:52.669  CAN1  2A0       [8]  00 00 00 00 00 00 00 00
17:04:52.669  CAN1  329       [8]  4F FF 80 92 12 FF FF 10
17:04:52.669  CAN1  545       [8]  DF 00 00 7C E5 04 80 06
17:04:52.669  CAN1  316       [8]  83 D0 00 00 FF 3E 00 7F
17:04:52.669  CAN1  260       [8]  00 FF FF 70 00 00 5F 00
17:04:52.669  CAN1  0A0       [8]  00 00 00 00 00 00 00 00
17:04:52.669  CAN1  0A1       [8]  80 80 00 00 00 00 00 00
17:04:52.669  CAN1  18F       [8]  00 00 00 FF 00 78 00 00
17:04:52.669  CAN1  2A0       [8]  00 00 00 00 00 00 00 00
17:04:52.669  CAN1  329       [8]  4F FF 80 92 12 FF FF 10
17:04:52.669  CAN1  545       [8]  DF 00 00 7C E5 04 80 06
17:04:52.669  CAN1  316       [8]  83 D0 00 00 FF 3E 00 7F
17:04:52.669  CAN1  0A0       [8]  00 00 00 00 00 00 00 00
17:04:52.669  CAN1  0A1       [8]  80 80 00 00 00 00 00 00
17:04:52.669  CAN1  18F       [8]  00 00 00 FF 00 78 00 00
17:04:52.669  CAN1  260       [8]  00 FF FF 70 00 00 5F 00
17:04:52.669  CAN1  2A0       [8]  00 00 00 00 00 00 00 00
17:04:52.669  CAN1  329       [8]  4F FF 80 92 12 FF FF 10
17:04:52.669  CAN1  545       [8]  DF 00 00 7C E5 04 80 06
17:04:52.707  CAN1  316       [8]  83 D0 00 00 FF 3E 00 7F
17:04:52.707  CAN1  260       [8]  00 FF FF 70 00 00 5F 00
17:04:52.707  CAN1  0A0       [8]  00 00 00 00 00 00 00 00
17:04:52.707  CAN1  0A1       [8]  80 80 00 00 00 00 00 00
17:04:52.707  CAN1  18F       [8]  00 00 00 FF 00 78 00 00
17:04:52.707  CAN1  2A0       [8]  00 00 00 00 00 00 00 00
17:04:52.707  CAN1  329       [8]  4F FF 80 92 12 FF FF 10
17:04:52.707  CAN1  545       [8]  DF 00 00 7C E5 04 80 06
17:04:52.707  CAN1  316       [8]  83 D0 00 00 FF 3E 00 7F
17:04:52.707  CAN1  260       [8]  00 FF FF 70 00 00 5F 00
17:04:52.707  CAN1  0A0       [8]  00 00 00 00 00 00 00 00
17:04:52.707  CAN1  0A1       [8]  80 80 00 00 00 00 00 00
17:04:52.707  CAN1  18F       [8]  00 00 00 FF 00 78 00 00
17:04:52.707  CAN1  2A0       [8]  00 00 00 00 00 00 00 00
17:04:52.707  CAN1  329       [8]  80 FF 80 92 12 FF FF 10
17:04:52.707  CAN1  545       [8]  DF 00 00 7C E5 04 80 06
17:04:52.707  CAN1  316       [8]  83 D0 00 00 FF 3E 00 7F
17:04:52.707  CAN1  260       [8]  00 FF FF 70 00 00 5F 00
17:04:52.707  CAN1  0A0       [8]  00 00 00 00 00 00 00 00
17:04:52.707  CAN1  0A1       [8]  80 80 00 00 00 00 00 00
17:04:52.707  CAN1  18F       [8]  00 00 00 FF 00 78 00 00
17:04:52.707  CAN1  2A0       [8]  00 00 00 00 00 00 00 00
17:04:52.707  CAN1  329       [8]  80 FF 80 92 12 FF FF 10
17:04:52.707  CAN1  545       [8]  DF 00 00 7C E5 04 80 06
17:04:52.707  CAN1  316       [8]  83 D0 00 00 FF 3E 00 7F
17:04:52.707  CAN1  260       [8]  00 FF FF 70 00 00 5F 00
17:04:52.707  CAN1  0A0       [8]  00 00 00 00 00 00 00 00
17:04:52.707  CAN1  0A1       [8]  80 80 00 00 00 00 00 00
17:04:52.707  CAN1  18F       [8]  00 00 00 FF 00 78 00 00
17:04:52.707  CAN1  2A0       [8]  00 00 00 00 00 00 00 00
17:04:52.707  CAN1  329       [8]  80 FF 80 92 12 FF FF 10
17:04:52.707  CAN1  545       [8]  DF 00 00 7C E5 04 80 06
17:04:52.753  CAN1  316       [8]  83 D0 00 00 FF 3E 00 7F
17:04:52.753  CAN1  260       [8]  00 FF FF 70 00 00 5F 00
17:04:52.753  CAN1  0A0       [8]  00 00 00 00 00 00 00 00
17:04:52.753  CAN1  0A1       [8]  80 80 00 00 00 00 00 00
17:04:52.753  CAN1  18F       [8]  00 00 00 FF 00 78 00 00
17:04:52.753  CAN1  2A0       [8]  00 00 00 00 00 00 00 00
17:04:52.753  CAN1  329       [8]  80 FF 80 92 12 FF FF 10
17:04:52.753  CAN1  545       [8]  DF 00 00 7C E5 04 80 06
17:04:52.753  CAN1  316       [8]  83 D0 00 00 FF 3E 00 7F
17:04:52.753  CAN1  260       [8]  00 FF FF 70 00 00 5F 00
17:04:52.753  CAN1  0A0       [8]  00 00 00 00 00 00 00 00
17:04:52.753  CAN1  0A1       [8]  80 80 00 00 00 00 00 00
17:04:52.753  CAN1  18F       [8]  00 00 00 FF 00 78 00 00
17:04:52.753  CAN1  2A0       [8]  00 00 00 00 00 00 00 00
17:04:52.753  CAN1  329       [8]  80 FF 80 92 12 FF FF 10
17:04:52.753  CAN1  545       [8]  DF 00 00 7C E5 04 80 06
17:04:52.753  CAN1  316       [8]  83 D0 00 00 FF 3E 00 7F
17:04:52.753  CAN1  260       [8]  00 FF FF 70 00 00 5F 00
17:04:52.753  CAN1  0A0       [8]  00 00 00 00 00 00 00 00
17:04:52.753  CAN1  0A1       [8]  80 80 00 00 00 00 00 00
17:04:52.753  CAN1  18F       [8]  00 00 00 FF 00 78 00 00
17:04:52.753  CAN1  2A0       [8]  00 00 00 00 00 00 00 00
17:04:52.753  CAN1  329       [8]  80 FF 80 92 12 FF FF 10
17:04:52.753  CAN1  545       [8]  DF 00 00 7C E5 04 80 06
17:04:52.753  CAN1  316       [8]  83 D0 00 00 FF 3E 00 7F
17:04:52.753  CAN1  18F       [8]  00 00 00 FF 00 78 00 00
17:04:52.753  CAN1  0A0       [8]  00 00 00 00 00 00 00 00
17:04:52.753  CAN1  0A1       [8]  80 80 00 00 00 00 00 00
17:04:52.753  CAN1  260       [8]  00 FF FF 70 00 00 5F 00
17:04:52.753  CAN1  2A0       [8]  00 00 00 00 00 00 00 00
17:04:52.753  CAN1  329       [8]  80 FF 80 92 12 FF FF 10
17:04:52.753  CAN1  545       [8]  DF 00 00 7C E5 04 80 06
17:04:52.789  CAN1  316       [8]  83 D0 00 00 FF 3E 00 7F
17:04:52.789  CAN1  260       [8]  00 FF FF 70 00 00 5F 00
17:04:52.789  CAN1  0A0       [8]  00 00 00 00 00 00 00 00
17:04:52.789  CAN1  0A1       [8]  80 80 00 00 00 00 00 00
17:04:52.789  CAN1  18F       [8]  00 00 00 FF 00 78 00 00
17:04:52.789  CAN1  2A0       [8]  00 00 00 00 00 00 00 00
17:04:52.789  CAN1  329       [8]  D6 FF 80 92 12 FF FF 10
17:04:52.789  CAN1  545       [8]  DF 00 00 7C E5 04 80 06
17:04:52.789  CAN1  316       [8]  83 D0 00 00 FF 3E 00 7F
17:04:52.789  CAN1  0A0       [8]  00 00 00 00 00 00 00 00
17:04:52.789  CAN1  0A1       [8]  80 80 00 00 00 00 00 00
17:04:52.789  CAN1  18F       [8]  00 00 00 FF 00 78 00 00
17:04:52.789  CAN1  260       [8]  00 FF FF 70 00 00 5F 00
17:04:52.789  CAN1  2A0       [8]  00 00 00 00 00 00 00 00
17:04:52.789  CAN1  329       [8]  D6 FF 80 92 12 FF FF 10
17:04:52.789  CAN1  545       [8]  DF 00 00 7C E5 04 80 06
17:04:52.789  CAN1  316       [8]  83 D0 00 00 FF 3E 00 7F
17:04:52.789  CAN1  260       [8]  00 FF FF 70 00 00 5F 00
17:04:52.789  CAN1  0A0       [8]  00 00 00 00 00 00 00 00
17:04:52.789  CAN1  0A1       [8]  80 80 00 00 00 00 00 00
17:04:52.789  CAN1  18F       [8]  00 00 00 FF 00 78 00 00
17:04:52.789  CAN1  2A0       [8]  00 00 00 00 00 00 00 00
17:04:52.789  CAN1  329       [8]  D6 FF 80 92 12 FF FF 10
17:04:52.789  CAN1  545       [8]  DF 00 00 7C E5 04 80 06
17:04:52.789  CAN1  316       [8]  83 D0 00 00 FF 3E 00 7F
17:04:52.789  CAN1  260       [8]  00 FF FF 70 00 00 5F 00
17:04:52.789  CAN1  0A0       [8]  00 00 00 00 00 00 00 00
17:04:52.789  CAN1  0A1       [8]  80 80 00 00 00 00 00 00
17:04:52.789  CAN1  18F       [8]  00 00 00 FF 00 78 00 00
17:04:52.789  CAN1  2A0       [8]  00 00 00 00 00 00 00 00
17:04:52.789  CAN1  329       [8]  D6 FF 80 92 12 FF FF 10
17:04:52.789  CAN1  545       [8]  DF 00 00 7C E5 04 80 06
17:04:52.826  CAN1  316       [8]  83 D0 00 00 FF 3E 00 7F
17:04:52.826  CAN1  260       [8]  00 FF FF 70 00 00 5F 00
17:04:52.826  CAN1  0A0       [8]  00 00 00 00 00 00 00 00
17:04:52.826  CAN1  0A1       [8]  80 80 00 00 00 00 00 00
17:04:52.826  CAN1  18F       [8]  00 00 00 FF 00 78 00 00
17:04:52.826  CAN1  2A0       [8]  00 00 00 00 00 00 00 00
17:04:52.826  CAN1  329       [8]  D6 FF 80 92 12 FF FF 10
17:04:52.826  CAN1  545       [8]  DF 00 00 7C E5 04 80 06
17:04:52.826  CAN1  316       [8]  83 D0 00 00 FF 3E 00 7F
17:04:52.826  CAN1  260       [8]  00 FF FF 70 00 00 5F 00
17:04:52.826  CAN1  0A0       [8]  00 00 00 00 00 00 00 00
17:04:52.826  CAN1  0A1       [8]  80 80 00 00 00 00 00 00
17:04:52.826  CAN1  18F       [8]  00 00 00 FF 00 78 00 00
17:04:52.826  CAN1  2A0       [8]  00 00 00 00 00 00 00 00
17:04:52.826  CAN1  329       [8]  D6 FF 80 92 12 FF FF 10
17:04:52.826  CAN1  545       [8]  DF 00 00 7C E5 04 80 06
17:04:52.826  CAN1  316       [8]  83 D0 00 00 FF 3E 00 7F
17:04:52.826  CAN1  260       [8]  00 FF FF 70 00 00 5F 00
17:04:52.826  CAN1  0A0       [8]  00 00 00 00 00 00 00 00
17:04:52.826  CAN1  0A1       [8]  80 80 00 00 00 00 00 00
17:04:52.826  CAN1  18F       [8]  00 00 00 FF 00 78 00 00
17:04:52.826  CAN1  2A0       [8]  00 00 00 00 00 00 00 00
17:04:52.826  CAN1  329       [8]  D6 FF 80 92 12 FF FF 10
17:04:52.826  CAN1  545       [8]  DF 00 00 7C E5 04 80 06
17:04:52.826  CAN1  316       [8]  83 D0 00 00 FF 3E 00 7F
17:04:52.826  CAN1  260       [8]  00 FF FF 70 00 00 5F 00
17:04:52.826  CAN1  0A0       [8]  00 00 00 00 00 00 00 00
17:04:52.826  CAN1  0A1       [8]  80 80 00 00 00 00 00 00
17:04:52.826  CAN1  18F       [8]  00 00 00 FF 00 78 00 00
17:04:52.826  CAN1  2A0       [8]  00 00 00 00 00 00 00 00
17:04:52.826  CAN1  329       [8]  D6 FF 80 92 12 FF FF 10
17:04:52.826  CAN1  545       [8]  DF 00 00 7C E5 04 80 06
17:04:52.872  CAN1  316       [8]  83 D0 00 00 FF 3E 00 7F
17:04:52.872  CAN1  260       [8]  00 FF FF 70 00 00 5F 00
17:04:52.872  CAN1  0A0       [8]  00 00 00 00 00 00 00 00
17:04:52.872  CAN1  0A1       [8]  80 80 00 00 00 00 00 00
17:04:52.872  CAN1  18F       [8]  00 00 00 FF 00 78 00 00
17:04:52.872  CAN1  2A0       [8]  00 00 00 00 00 00 00 00
17:04:52.872  CAN1  329       [8]  0F FF 80 92 12 FF FF 10
17:04:52.872  CAN1  545       [8]  DF 00 00 7C E5 04 80 06
17:04:52.872  CAN1  316       [8]  83 D0 00 00 FF 3E 00 7F
17:04:52.872  CAN1  18F       [8]  00 00 00 FF 00 78 00 00
17:04:52.872  CAN1  0A0       [8]  00 00 00 00 00 00 00 00
17:04:52.872  CAN1  0A1       [8]  80 80 00 00 00 00 00 00
17:04:52.872  CAN1  260       [8]  00 FF FF 70 00 00 5F 00
17:04:52.872  CAN1  2A0       [8]  00 00 00 00 00 00 00 00
17:04:52.872  CAN1  329       [8]  0F FF 80 92 12 FF FF 10
17:04:52.872  CAN1  545       [8]  DF 00 00 7C E5 04 80 06
17:04:52.872  CAN1  316       [8]  83 D0 00 00 FF 3E 00 7F
17:04:52.872  CAN1  260       [8]  00 FF FF 70 00 00 5F 00
17:04:52.872  CAN1  0A0       [8]  00 00 00 00 00 00 00 00
17:04:52.872  CAN1  0A1       [8]  80 80 00 00 00 00 00 00
17:04:52.872  CAN1  18F       [8]  00 00 00 FF 00 78 00 00
17:04:52.872  CAN1  2A0       [8]  00 00 00 00 00 00 00 00
17:04:52.872  CAN1  329       [8]  0F FF 80 92 12 FF FF 10
17:04:52.872  CAN1  545       [8]  DF 00 00 7C E5 04 80 06
17:04:52.872  CAN1  316       [8]  83 D0 00 00 FF 3E 00 7F
17:04:52.872  CAN1  18F       [8]  00 00 00 FF 00 78 00 00
17:04:52.872  CAN1  0A0       [8]  00 00 00 00 00 00 00 00
17:04:52.872  CAN1  0A1       [8]  80 80 00 00 00 00 00 00
17:04:52.872  CAN1  260       [8]  00 FF FF 70 00 00 5F 00
17:04:52.872  CAN1  2A0       [8]  00 00 00 00 00 00 00 00
17:04:52.872  CAN1  329       [8]  0F FF 80 92 12 FF FF 10
17:04:52.872  CAN1  545       [8]  DF 00 00 7C E5 04 80 06
17:04:52.909  CAN1  316       [8]  83 D0 00 00 FF 3E 00 7F
17:04:52.909  CAN1  260       [8]  00 FF FF 70 00 00 5F 00
17:04:52.909  CAN1  0A0       [8]  00 00 00 00 00 00 00 00
17:04:52.909  CAN1  0A1       [8]  80 80 00 00 00 00 00 00
17:04:52.909  CAN1  18F       [8]  00 00 00 FF 00 78 00 00
17:04:52.909  CAN1  2A0       [8]  00 00 00 00 00 00 00 00
17:04:52.909  CAN1  329       [8]  0F FF 80 92 12 FF FF 10
17:04:52.909  CAN1  545       [8]  DF 00 00 7C E5 04 80 06
17:04:52.909  CAN1  316       [8]  83 D0 00 00 FF 3E 00 7F
17:04:52.909  CAN1  260       [8]  00 FF FF 70 00 00 5F 00
17:04:52.909  CAN1  0A0       [8]  00 00 00 00 00 00 00 00
17:04:52.909  CAN1  0A1       [8]  80 80 00 00 00 00 00 00
17:04:52.909  CAN1  18F       [8]  00 00 00 FF 00 78 00 00
17:04:52.909  CAN1  2A0       [8]  00 00 00 00 00 00 00 00
17:04:52.909  CAN1  329       [8]  0F FF 80 92 12 FF FF 10
17:04:52.909  CAN1  545       [8]  DF 00 00 7C E5 04 80 06
17:04:52.909  CAN1  316       [8]  83 D0 00 00 FF 3E 00 7F
17:04:52.909  CAN1  260       [8]  00 FF FF 70 00 00 5F 00
17:04:52.909  CAN1  0A0       [8]  00 00 00 00 00 00 00 00
17:04:52.909  CAN1  0A1       [8]  80 80 00 00 00 00 00 00
17:04:52.909  CAN1  18F       [8]  00 00 00 FF 00 78 00 00
17:04:52.909  CAN1  2A0       [8]  00 00 00 00 00 00 00 00
17:04:52.909  CAN1  329       [8]  0F FF 80 92 12 FF FF 10
17:04:52.909  CAN1  545       [8]  DF 00 00 7C E5 04 80 06
17:04:52.909  CAN1  316       [8]  83 D0 00 00 FF 3E 00 7F
17:04:52.909  CAN1  260       [8]  00 FF FF 70 00 00 5F 00
17:04:52.909  CAN1  0A0       [8]  00 00 00 00 00 00 00 00
17:04:52.909  CAN1  0A1       [8]  80 80 00 00 00 00 00 00
17:04:52.909  CAN1  18F       [8]  00 00 00 FF 00 78 00 00
17:04:52.909  CAN1  2A0       [8]  00 00 00 00 00 00 00 00
17:04:52.909  CAN1  329       [8]  4F FF 80 92 12 FF FF 10
17:04:52.909  CAN1  545       [8]  DF 00 00 7C E5 04 80 06
17:04:52.946  CAN1  316       [8]  83 D0 00 00 FF 3E 00 7F
17:04:52.946  CAN1  260       [8]  00 FF FF 70 00 00 5F 00
17:04:52.946  CAN1  0A0       [8]  00 00 00 00 00 00 00 00
17:04:52.946  CAN1  0A1       [8]  80 80 00 00 00 00 00 00
17:04:52.946  CAN1  18F       [8]  00 00 00 FF 00 78 00 00
17:04:52.946  CAN1  2A0       [8]  00 00 00 00 00 00 00 00
17:04:52.946  CAN1  329       [8]  4F FF 80 92 12 FF FF 10
17:04:52.946  CAN1  545       [8]  DF 00 00 7C E5 04 80 06
17:04:52.946  CAN1  316       [8]  83 D0 00 00 FF 3E 00 7F
17:04:52.946  CAN1  260       [8]  00 FF FF 70 00 00 5F 00
17:04:52.946  CAN1  0A0       [8]  00 00 00 00 00 00 00 00
17:04:52.946  CAN1  0A1       [8]  80 80 00 00 00 00 00 00
17:04:52.946  CAN1  18F       [8]  00 00 00 FF 00 78 00 00
17:04:52.946  CAN1  2A0       [8]  00 00 00 00 00 00 00 00
17:04:52.946  CAN1  329       [8]  4F FF 80 92 12 FF FF 10
17:04:52.946  CAN1  545       [8]  DF 00 00 7C E5 04 80 06
17:04:52.946  CAN1  316       [8]  83 D0 00 00 FF 3E 00 7F
17:04:52.946  CAN1  260       [8]  00 FF FF 70 00 00 5F 00
17:04:52.946  CAN1  0A0       [8]  00 00 00 00 00 00 00 00
17:04:52.946  CAN1  0A1       [8]  80 80 00 00 00 00 00 00
17:04:52.946  CAN1  18F       [8]  00 00 00 FF 00 78 00 00
17:04:52.946  CAN1  2A0       [8]  00 00 00 00 00 00 00 00
17:04:52.946  CAN1  329       [8]  4F FF 80 92 12 FF FF 10
17:04:52.946  CAN1  545       [8]  DF 00 00 7C E5 04 80 06
17:04:52.946  CAN1  316       [8]  83 D0 00 00 FF 3E 00 7F
17:04:52.946  CAN1  0A0       [8]  00 00 00 00 00 00 00 00
17:04:52.946  CAN1  0A1       [8]  80 80 00 00 00 00 00 00
17:04:52.946  CAN1  18F       [8]  00 00 00 FF 00 78 00 00
17:04:52.946  CAN1  260       [8]  00 FF FF 70 00 00 5F 00
17:04:52.946  CAN1  2A0       [8]  00 00 00 00 00 00 00 00
17:04:52.946  CAN1  329       [8]  4F FF 80 92 12 FF FF 10
17:04:52.946  CAN1  545       [8]  DF 00 00 7C E5 04 80 06
17:04:52.992  CAN1  316       [8]  83 D0 00 00 FF 3E 00 7F
17:04:52.992  CAN1  2A0       [8]  00 00 00 00 00 00 00 00
17:04:52.992  CAN1  0A0       [8]  00 00 00 00 00 00 00 00
17:04:52.992  CAN1  0A1       [8]  80 80 00 00 00 00 00 00
17:04:52.992  CAN1  18F       [8]  00 00 00 FF 00 78 00 00
17:04:52.992  CAN1  260       [8]  00 FF FF 70 00 00 5F 00
17:04:52.992  CAN1  329       [8]  4F FF 80 92 12 FF FF 10
17:04:52.992  CAN1  545       [8]  DF 00 00 7C E5 04 80 06
17:04:52.992  CAN1  316       [8]  83 D0 00 00 FF 3E 00 7F
17:04:52.992  CAN1  18F       [8]  00 00 00 FF 00 78 00 00
17:04:52.992  CAN1  0A0       [8]  00 00 00 00 00 00 00 00
17:04:52.992  CAN1  0A1       [8]  80 80 00 00 00 00 00 00
17:04:52.992  CAN1  260       [8]  00 FF FF 70 00 00 5F 00
17:04:52.992  CAN1  2A0       [8]  00 00 00 00 00 00 00 00
17:04:52.992  CAN1  329       [8]  4F FF 80 92 12 FF FF 10
17:04:52.992  CAN1  545       [8]  DF 00 00 7C E5 04 80 06
17:04:52.992  CAN1  316       [8]  83 D0 00 00 FF 3E 00 7F
17:04:52.992  CAN1  260       [8]  00 FF FF 70 00 00 5F 00
17:04:52.992  CAN1  0A0       [8]  00 00 00 00 00 00 00 00
17:04:52.992  CAN1  0A1       [8]  80 80 00 00 00 00 00 00
17:04:52.992  CAN1  18F       [8]  00 00 00 FF 00 78 00 00
17:04:52.992  CAN1  2A0       [8]  00 00 00 00 00 00 00 00
17:04:52.992  CAN1  329       [8]  80 FF 80 92 12 FF FF 10
17:04:52.992  CAN1  545       [8]  DF 00 00 7C E5 04 80 06
17:04:52.992  CAN1  316       [8]  83 D0 00 00 FF 3E 00 7F
17:04:52.992  CAN1  260       [8]  00 FF FF 70 00 00 5F 00
17:04:52.992  CAN1  0A0       [8]  00 00 00 00 00 00 00 00
17:04:52.992  CAN1  0A1       [8]  80 80 00 00 00 00 00 00
17:04:52.992  CAN1  18F       [8]  00 00 00 FF 00 78 00 00
17:04:52.992  CAN1  2A0       [8]  00 00 00 00 00 00 00 00
17:04:52.992  CAN1  329       [8]  80 FF 80 92 12 FF FF 10
17:04:52.992  CAN1  545       [8]  DF 00 00 7C E5 04 80 06
17:04:53.028  CAN1  316       [8]  83 D0 00 00 FF 3E 00 7F
17:04:53.028  CAN1  260       [8]  00 FF FF 70 00 00 5F 00
17:04:53.028  CAN1  0A0       [8]  00 00 00 00 00 00 00 00
17:04:53.028  CAN1  0A1       [8]  80 80 00 00 00 00 00 00
17:04:53.028  CAN1  18F       [8]  00 00 00 FF 00 78 00 00
17:04:53.028  CAN1  2A0       [8]  00 00 00 00 00 00 00 00
17:04:53.028  CAN1  329       [8]  80 FF 80 92 12 FF FF 10
17:04:53.028  CAN1  545       [8]  DF 00 00 7C E5 04 80 06
17:04:53.028  CAN1  316       [8]  83 D0 00 00 FF 3E 00 7F
17:04:53.028  CAN1  260       [8]  00 FF FF 70 00 00 5F 00
17:04:53.028  CAN1  0A0       [8]  00 00 00 00 00 00 00 00
17:04:53.028  CAN1  0A1       [8]  80 80 00 00 00 00 00 00
17:04:53.028  CAN1  18F       [8]  00 00 00 FF 00 78 00 00
17:04:53.028  CAN1  2A0       [8]  00 00 00 00 00 00 00 00
17:04:53.028  CAN1  329       [8]  80 FF 80 92 12 FF FF 10
17:04:53.028  CAN1  545       [8]  DF 00 00 7C E5 04 80 06
17:04:53.028  CAN1  316       [8]  83 D0 00 00 FF 3E 00 7F
17:04:53.028  CAN1  260       [8]  00 FF FF 70 00 00 5F 00
17:04:53.028  CAN1  0A0       [8]  00 00 00 00 00 00 00 00
17:04:53.028  CAN1  0A1       [8]  80 80 00 00 00 00 00 00
17:04:53.028  CAN1  18F       [8]  00 00 00 FF 00 78 00 00
17:04:53.028  CAN1  2A0       [8]  00 00 00 00 00 00 00 00
17:04:53.028  CAN1  329       [8]  80 FF 80 92 12 FF FF 10
17:04:53.028  CAN1  545       [8]  DF 00 00 7C E5 04 80 06
17:04:53.028  CAN1  316       [8]  83 D0 00 00 FF 3E 00 7F
17:04:53.028  CAN1  260       [8]  00 FF FF 70 00 00 5F 00
17:04:53.028  CAN1  0A0       [8]  00 00 00 00 00 00 00 00
17:04:53.028  CAN1  0A1       [8]  80 80 00 00 00 00 00 00
17:04:53.028  CAN1  18F       [8]  00 00 00 FF 00 78 00 00
17:04:53.028  CAN1  2A0       [8]  00 00 00 00 00 00 00 00
17:04:53.028  CAN1  329       [8]  80 FF 80 92 12 FF FF 10
17:04:53.028  CAN1  545       [8]  DF 00 00 7C E5 04 80 06
17:04:53.074  CAN1  316       [8]  83 D0 00 00 FF 3E 00 7F
17:04:53.074  CAN1  260       [8]  00 FF FF 70 00 00 5F 00
17:04:53.074  CAN1  0A0       [8]  00 00 00 00 00 00 00 00
17:04:53.074  CAN1  0A1       [8]  80 80 00 00 00 00 00 00
17:04:53.074  CAN1  18F       [8]  00 00 00 FF 00 78 00 00
17:04:53.074  CAN1  2A0       [8]  00 00 00 00 00 00 00 00
17:04:53.074  CAN1  329       [8]  80 FF 80 92 12 FF FF 10
17:04:53.074  CAN1  545       [8]  DF 00 00 7C E5 04 80 06
17:04:53.074  CAN1  316       [8]  83 D0 00 00 FF 3E 00 7F
17:04:53.074  CAN1  0A0       [8]  00 00 00 00 00 00 00 00
17:04:53.074  CAN1  0A1       [8]  80 80 00 00 00 00 00 00
17:04:53.074  CAN1  18F       [8]  00 00 00 FF 00 78 00 00
17:04:53.074  CAN1  260       [8]  00 FF FF 70 00 00 5F 00
17:04:53.074  CAN1  2A0       [8]  00 00 00 00 00 00 00 00
17:04:53.074  CAN1  329       [8]  D6 FF 80 92 12 FF FF 10
17:04:53.074  CAN1  545       [8]  DF 00 00 7C E5 04 80 06
17:04:53.074  CAN1  316       [8]  83 D0 00 00 FF 3E 00 7F
17:04:53.074  CAN1  260       [8]  00 FF FF 70 00 00 5F 00
17:04:53.074  CAN1  0A0       [8]  00 00 00 00 00 00 00 00
17:04:53.074  CAN1  0A1       [8]  80 80 00 00 00 00 00 00
17:04:53.074  CAN1  18F       [8]  00 00 00 FF 00 78 00 00
17:04:53.074  CAN1  2A0       [8]  00 00 00 00 00 00 00 00
17:04:53.074  CAN1  329       [8]  D6 FF 80 92 12 FF FF 10
17:04:53.074  CAN1  545       [8]  DF 00 00 7C E5 04 80 06
17:04:53.074  CAN1  316       [8]  83 D0 00 00 FF 3E 00 7F
17:04:53.074  CAN1  18F       [8]  00 00 00 FF 00 78 00 00
17:04:53.074  CAN1  0A0       [8]  00 00 00 00 00 00 00 00
17:04:53.074  CAN1  0A1       [8]  80 80 00 00 00 00 00 00
17:04:53.074  CAN1  260       [8]  00 FF FF 70 00 00 5F 00
17:04:53.074  CAN1  2A0       [8]  00 00 00 00 00 00 00 00
17:04:53.074  CAN1  329       [8]  D6 FF 80 92 12 FF FF 10
17:04:53.074  CAN1  545       [8]  DF 00 00 7C E5 04 80 06
17:04:53.111  CAN1  316       [8]  83 D0 00 00 FF 3E 00 7F
17:04:53.111  CAN1  260       [8]  00 FF FF 70 00 00 5F 00
17:04:53.111  CAN1  0A0       [8]  00 00 00 00 00 00 00 00
17:04:53.111  CAN1  0A1       [8]  80 80 00 00 00 00 00 00
17:04:53.111  CAN1  18F       [8]  00 00 00 FF 00 78 00 00
17:04:53.111  CAN1  2A0       [8]  00 00 00 00 00 00 00 00
17:04:53.111  CAN1  329       [8]  D6 FF 80 92 12 FF FF 10
17:04:53.111  CAN1  545       [8]  DF 00 00 7C E5 04 80 06
17:04:53.111  CAN1  316       [8]  83 D0 00 00 FF 3E 00 7F
17:04:53.111  CAN1  260       [8]  00 FF FF 70 00 00 5F 00
17:04:53.111  CAN1  0A0       [8]  00 00 00 00 00 00 00 00
17:04:53.111  CAN1  0A1       [8]  80 80 00 00 00 00 00 00
17:04:53.111  CAN1  18F       [8]  00 00 00 FF 00 78 00 00
17:04:53.111  CAN1  2A0       [8]  00 00 00 00 00 00 00 00
17:04:53.111  CAN1  329       [8]  D6 FF 80 92 12 FF FF 10
17:04:53.111  CAN1  545       [8]  DF 00 00 7C E5 04 80 06
17:04:53.111  CAN1  316       [8]  83 D0 00 00 FF 3E 00 7F
17:04:53.111  CAN1  260       [8]  00 FF FF 70 00 00 5F 00
17:04:53.111  CAN1  0A0       [8]  00 00 00 00 00 00 00 00
17:04:53.111  CAN1  0A1       [8]  80 80 00 00 00 00 00 00
17:04:53.111  CAN1  18F       [8]  00 00 00 FF 00 78 00 00
17:04:53.111  CAN1  2A0       [8]  00 00 00 00 00 00 00 00
17:04:53.111  CAN1  329       [8]  D6 FF 80 92 12 FF FF 10
17:04:53.111  CAN1  545       [8]  DF 00 00 7C E5 04 80 06
17:04:53.111  CAN1  316       [8]  83 D0 00 00 FF 3E 00 7F
17:04:53.111  CAN1  260       [8]  00 FF FF 70 00 00 5F 00
17:04:53.111  CAN1  0A0       [8]  00 00 00 00 00 00 00 00
17:04:53.111  CAN1  0A1       [8]  80 80 00 00 00 00 00 00
17:04:53.111  CAN1  18F       [8]  00 00 00 FF 00 78 00 00
17:04:53.111  CAN1  2A0       [8]  00 00 00 00 00 00 00 00
17:04:53.111  CAN1  329       [8]  D6 FF 80 92 12 FF FF 10
17:04:53.111  CAN1  545       [8]  DF 00 00 7C E5 04 80 06
17:04:53.147  CAN1  316       [8]  83 D0 00 00 FF 3E 00 7F
17:04:53.147  CAN1  260       [8]  00 FF FF 70 00 00 5F 00
17:04:53.147  CAN1  0A0       [8]  00 00 00 00 00 00 00 00
17:04:53.147  CAN1  0A1       [8]  80 80 00 00 00 00 00 00
17:04:53.147  CAN1  18F       [8]  00 00 00 FF 00 78 00 00
17:04:53.147  CAN1  2A0       [8]  00 00 00 00 00 00 00 00
17:04:53.147  CAN1  329       [8]  D6 FF 80 92 12 FF FF 10
17:04:53.147  CAN1  545       [8]  DF 00 00 7C E5 04 80 06
17:04:53.147  CAN1  316       [8]  83 D0 00 00 FF 3E 00 7F
17:04:53.147  CAN1  18F       [8]  00 00 00 FF 00 78 00 00
17:04:53.147  CAN1  0A0       [8]  00 00 00 00 00 00 00 00
17:04:53.147  CAN1  0A1       [8]  80 80 00 00 00 00 00 00
17:04:53.147  CAN1  260       [8]  00 FF FF 70 00 00 5F 00
17:04:53.147  CAN1  2A0       [8]  00 00 00 00 00 00 00 00
17:04:53.147  CAN1  329       [8]  0F FF 80 92 12 FF FF 10
17:04:53.147  CAN1  545       [8]  DF 00 00 7C E5 04 80 06
17:04:53.147  CAN1  316       [8]  83 D0 00 00 FF 3E 00 7F
17:04:53.147  CAN1  260       [8]  00 FF FF 70 00 00 5F 00
17:04:53.147  CAN1  0A0       [8]  00 00 00 00 00 00 00 00
17:04:53.147  CAN1  0A1       [8]  80 80 00 00 00 00 00 00
17:04:53.147  CAN1  18F       [8]  00 00 00 FF 00 78 00 00
17:04:53.147  CAN1  2A0       [8]  00 00 00 00 00 00 00 00
17:04:53.147  CAN1  329       [8]  0F FF 80 92 12 FF FF 10
17:04:53.147  CAN1  545       [8]  DF 00 00 7C E5 04 80 06
17:04:53.147  CAN1  316       [8]  83 D0 00 00 FF 3E 00 7F
17:04:53.147  CAN1  0A0       [8]  00 00 00 00 00 00 00 00
17:04:53.147  CAN1  0A1       [8]  80 80 00 00 00 00 00 00
17:04:53.147  CAN1  18F       [8]  00 00 00 FF 00 78 00 00
17:04:53.147  CAN1  260       [8]  00 FF FF 70 00 00 5F 00
17:04:53.147  CAN1  2A0       [8]  00 00 00 00 00 00 00 00
17:04:53.147  CAN1  329       [8]  0F FF 80 92 12 FF FF 10
17:04:53.147  CAN1  545       [8]  DF 00 00 7C E5 04 80 06
17:04:53.194  CAN1  316       [8]  83 D0 00 00 FF 3E 00 7F
17:04:53.194  CAN1  260       [8]  00 FF FF 70 00 00 5F 00
17:04:53.194  CAN1  0A0       [8]  00 00 00 00 00 00 00 00
17:04:53.194  CAN1  0A1       [8]  80 80 00 00 00 00 00 00
17:04:53.194  CAN1  18F       [8]  00 00 00 FF 00 78 00 00
17:04:53.194  CAN1  2A0       [8]  00 00 00 00 00 00 00 00
17:04:53.194  CAN1  329       [8]  0F FF 80 92 12 FF FF 10
17:04:53.194  CAN1  545       [8]  DF 00 00 7C E5 04 80 06
17:04:53.194  CAN1  316       [8]  83 D0 00 00 FF 3E 00 7F
17:04:53.194  CAN1  0A0       [8]  00 00 00 00 00 00 00 00
17:04:53.194  CAN1  0A1       [8]  80 80 00 00 00 00 00 00
17:04:53.194  CAN1  18F       [8]  00 00 00 FF 00 78 00 00
17:04:53.194  CAN1  260       [8]  00 FF FF 70 00 00 5F 00
17:04:53.194  CAN1  2A0       [8]  00 00 00 00 00 00 00 00
17:04:53.194  CAN1  329       [8]  0F FF 80 92 12 FF FF 10
17:04:53.194  CAN1  545       [8]  DF 00 00 7C E5 04 80 06
17:04:53.194  CAN1  316       [8]  83 D0 00 00 FF 3E 00 7F
17:04:53.194  CAN1  260       [8]  00 FF FF 70 00 00 5F 00
17:04:53.194  CAN1  0A0       [8]  00 00 00 00 00 00 00 00
17:04:53.194  CAN1  0A1       [8]  80 80 00 00 00 00 00 00
17:04:53.194  CAN1  18F       [8]  00 00 00 FF 00 78 00 00
17:04:53.194  CAN1  2A0       [8]  00 00 00 00 00 00 00 00
17:04:53.194  CAN1  329       [8]  0F FF 80 92 12 FF FF 10
17:04:53.194  CAN1  545       [8]  DF 00 00 7C E5 04 80 06
17:04:53.194  CAN1  316       [8]  83 D0 00 00 FF 3E 00 7F
17:04:53.194  CAN1  260       [8]  00 FF FF 70 00 00 5F 00
17:04:53.194  CAN1  0A0       [8]  00 00 00 00 00 00 00 00
17:04:53.194  CAN1  0A1       [8]  80 80 00 00 00 00 00 00
17:04:53.194  CAN1  18F       [8]  00 00 00 FF 00 78 00 00
17:04:53.194  CAN1  2A0       [8]  00 00 00 00 00 00 00 00
17:04:53.194  CAN1  329       [8]  0F FF 80 92 12 FF FF 10
17:04:53.194  CAN1  545       [8]  DF 00 00 7C E5 04 80 06
17:04:53.229  CAN1  316       [8]  83 D0 00 00 FF 3E 00 7F
17:04:53.229  CAN1  260       [8]  00 FF FF 70 00 00 5F 00
17:04:53.229  CAN1  0A0       [8]  00 00 00 00 00 00 00 00
17:04:53.229  CAN1  0A1       [8]  80 80 00 00 00 00 00 00
17:04:53.229  CAN1  18F       [8]  00 00 00 FF 00 78 00 00
17:04:53.229  CAN1  2A0       [8]  00 00 00 00 00 00 00 00
17:04:53.229  CAN1  329       [8]  4F FF 80 92 12 FF FF 10
17:04:53.229  CAN1  545       [8]  DF 00 00 7C E5 04 80 06
17:04:53.229  CAN1  316       [8]  83 D0 00 00 FF 3E 00 7F
17:04:53.229  CAN1  260       [8]  00 FF FF 70 00 00 5F 00
17:04:53.229  CAN1  0A0       [8]  00 00 00 00 00 00 00 00
17:04:53.229  CAN1  0A1       [8]  80 80 00 00 00 00 00 00
17:04:53.229  CAN1  18F       [8]  00 00 00 FF 00 78 00 00
17:04:53.229  CAN1  2A0       [8]  00 00 00 00 00 00 00 00
17:04:53.229  CAN1  329       [8]  4F FF 80 92 12 FF FF 10
17:04:53.229  CAN1  545       [8]  DF 00 00 7C E5 04 80 06
17:04:53.229  CAN1  316       [8]  83 D0 00 00 FF 3E 00 7F
17:04:53.229  CAN1  260       [8]  00 FF FF 70 00 00 5F 00
17:04:53.229  CAN1  0A0       [8]  00 00 00 00 00 00 00 00
17:04:53.229  CAN1  0A1       [8]  80 80 00 00 00 00 00 00
17:04:53.229  CAN1  18F       [8]  00 00 00 FF 00 78 00 00
17:04:53.229  CAN1  2A0       [8]  00 00 00 00 00 00 00 00
17:04:53.229  CAN1  329       [8]  4F FF 80 92 12 FF FF 10
17:04:53.229  CAN1  545       [8]  DF 00 00 7C E5 04 80 06
17:04:53.229  CAN1  316       [8]  83 D0 00 00 FF 3E 00 7F
17:04:53.229  CAN1  260       [8]  00 FF FF 70 00 00 5F 00
17:04:53.229  CAN1  0A0       [8]  00 00 00 00 00 00 00 00
17:04:53.229  CAN1  0A1       [8]  80 80 00 00 00 00 00 00
17:04:53.229  CAN1  18F       [8]  00 00 00 FF 00 78 00 00
17:04:53.229  CAN1  2A0       [8]  00 00 00 00 00 00 00 00
17:04:53.229  CAN1  329       [8]  4F FF 80 92 12 FF FF 10
17:04:53.229  CAN1  545       [8]  DF 00 00 7C E5 04 80 06
17:04:53.265  CAN1  316       [8]  83 D0 00 00 FF 3E 00 7F
17:04:53.265  CAN1  260       [8]  00 FF FF 70 00 00 5F 00
17:04:53.265  CAN1  0A0       [8]  00 00 00 00 00 00 00 00
17:04:53.265  CAN1  0A1       [8]  80 80 00 00 00 00 00 00
17:04:53.265  CAN1  18F       [8]  00 00 00 FF 00 78 00 00
17:04:53.265  CAN1  2A0       [8]  00 00 00 00 00 00 00 00
17:04:53.265  CAN1  329       [8]  4F FF 80 92 12 FF FF 10
17:04:53.265  CAN1  545       [8]  DF 00 00 7C E5 04 80 06
17:04:53.265  CAN1  316       [8]  83 D0 00 00 FF 3E 00 7F
17:04:53.265  CAN1  0A0       [8]  00 00 00 00 00 00 00 00
17:04:53.265  CAN1  0A1       [8]  80 80 00 00 00 00 00 00
17:04:53.265  CAN1  18F       [8]  00 00 00 FF 00 78 00 00
17:04:53.265  CAN1  260       [8]  00 FF FF 70 00 00 5F 00
17:04:53.265  CAN1  2A0       [8]  00 00 00 00 00 00 00 00
17:04:53.265  CAN1  329       [8]  4F FF 80 92 12 FF FF 10
17:04:53.265  CAN1  545       [8]  DF 00 00 7C E5 04 80 06
17:04:53.265  CAN1  316       [8]  83 D0 00 00 FF 3E 00 7F
17:04:53.265  CAN1  260       [8]  00 FF FF 70 00 00 5F 00
17:04:53.265  CAN1  0A0       [8]  00 00 00 00 00 00 00 00
17:04:53.265  CAN1  0A1       [8]  80 80 00 00 00 00 00 00
17:04:53.265  CAN1  18F       [8]  00 00 00 FF 00 78 00 00
17:04:53.265  CAN1  2A0       [8]  00 00 00 00 00 00 00 00
17:04:53.265  CAN1  329       [8]  4F FF 80 92 12 FF FF 10
17:04:53.265  CAN1  545       [8]  DF 00 00 7C E5 04 80 06
17:04:53.265  CAN1  316       [8]  83 D0 00 00 FF 3E 00 7F
17:04:53.265  CAN1  18F       [8]  00 00 00 FF 00 78 00 00
17:04:53.265  CAN1  0A0       [8]  00 00 00 00 00 00 00 00
17:04:53.265  CAN1  0A1       [8]  80 80 00 00 00 00 00 00
17:04:53.265  CAN1  260       [8]  00 FF FF 70 00 00 5F 00
17:04:53.265  CAN1  2A0       [8]  00 00 00 00 00 00 00 00
17:04:53.265  CAN1  329       [8]  80 FF 80 92 12 FF FF 10
17:04:53.265  CAN1  545       [8]  DF 00 00 7C E5 04 80 06
17:04:53.311  CAN1  316       [8]  83 D0 00 00 FF 3E 00 7F
17:04:53.311  CAN1  260       [8]  00 FF FF 70 00 00 5F 00
17:04:53.311  CAN1  0A0       [8]  00 00 00 00 00 00 00 00
17:04:53.311  CAN1  0A1       [8]  80 80 00 00 00 00 00 00
17:04:53.311  CAN1  18F       [8]  00 00 00 FF 00 78 00 00
17:04:53.311  CAN1  2A0       [8]  00 00 00 00 00 00 00 00
17:04:53.311  CAN1  329       [8]  80 FF 80 92 12 FF FF 10
17:04:53.311  CAN1  545       [8]  DF 00 00 7C E5 04 80 06
17:04:53.311  CAN1  316       [8]  83 D0 00 00 FF 3E 00 7F
17:04:53.311  CAN1  260       [8]  00 FF FF 70 00 00 5F 00
17:04:53.311  CAN1  0A0       [8]  00 00 00 00 00 00 00 00
17:04:53.311  CAN1  0A1       [8]  80 80 00 00 00 00 00 00
17:04:53.311  CAN1  18F       [8]  00 00 00 FF 00 78 00 00
17:04:53.311  CAN1  2A0       [8]  00 00 00 00 00 00 00 00
17:04:53.311  CAN1  329       [8]  80 FF 80 92 12 FF FF 10
17:04:53.311  CAN1  545       [8]  DF 00 00 7C E5 04 80 06
17:04:53.311  CAN1  316       [8]  83 D0 00 00 FF 3E 00 7F
17:04:53.311  CAN1  260       [8]  00 FF FF 70 00 00 5F 00
17:04:53.311  CAN1  0A0       [8]  00 00 00 00 00 00 00 00
17:04:53.311  CAN1  0A1       [8]  80 80 00 00 00 00 00 00
17:04:53.311  CAN1  18F       [8]  00 00 00 FF 00 78 00 00
17:04:53.311  CAN1  2A0       [8]  00 00 00 00 00 00 00 00
17:04:53.311  CAN1  329       [8]  80 FF 80 92 12 FF FF 10
17:04:53.311  CAN1  545       [8]  DF 00 00 7C E5 04 80 06
17:04:53.311  CAN1  316       [8]  83 D0 00 00 FF 3E 00 7F
17:04:53.311  CAN1  260       [8]  00 FF FF 70 00 00 5F 00
17:04:53.311  CAN1  0A0       [8]  00 00 00 00 00 00 00 00
17:04:53.311  CAN1  0A1       [8]  80 80 00 00 00 00 00 00
17:04:53.311  CAN1  18F       [8]  00 00 00 FF 00 78 00 00
17:04:53.311  CAN1  2A0       [8]  00 00 00 00 00 00 00 00
17:04:53.311  CAN1  329       [8]  80 FF 80 92 12 FF FF 10
17:04:53.311  CAN1  545       [8]  DF 00 00 7C E5 04 80 06
17:04:53.348  CAN1  316       [8]  83 D0 00 00 FF 3E 00 7F
17:04:53.348  CAN1  260       [8]  00 FF FF 70 00 00 5F 00
17:04:53.348  CAN1  0A0       [8]  00 00 00 00 00 00 00 00
17:04:53.348  CAN1  0A1       [8]  80 80 00 00 00 00 00 00
17:04:53.348  CAN1  18F       [8]  00 00 00 FF 00 78 00 00
17:04:53.348  CAN1  2A0       [8]  00 00 00 00 00 00 00 00
17:04:53.348  CAN1  329       [8]  80 FF 80 92 12 FF FF 10
17:04:53.348  CAN1  545       [8]  DF 00 00 7C E5 04 80 06
17:04:53.348  CAN1  316       [8]  83 D0 00 00 FF 3E 00 7F
17:04:53.348  CAN1  260       [8]  00 FF FF 70 00 00 5F 00
17:04:53.348  CAN1  0A0       [8]  00 00 00 00 00 00 00 00
17:04:53.348  CAN1  0A1       [8]  80 80 00 00 00 00 00 00
17:04:53.348  CAN1  18F       [8]  00 00 00 FF 00 78 00 00
17:04:53.348  CAN1  2A0       [8]  00 00 00 00 00 00 00 00
17:04:53.348  CAN1  329       [8]  80 FF 80 92 12 FF FF 10
17:04:53.348  CAN1  545       [8]  DF 00 00 7C E5 04 80 06
17:04:53.348  CAN1  316       [8]  83 D0 00 00 FF 3E 00 7F
17:04:53.348  CAN1  260       [8]  00 FF FF 70 00 00 5F 00
17:04:53.348  CAN1  0A0       [8]  00 00 00 00 00 00 00 00
17:04:53.348  CAN1  0A1       [8]  80 80 00 00 00 00 00 00
17:04:53.348  CAN1  18F       [8]  00 00 00 FF 00 78 00 00
17:04:53.348  CAN1  2A0       [8]  00 00 00 00 00 00 00 00
17:04:53.348  CAN1  329       [8]  D6 FF 80 92 12 FF FF 10
17:04:53.348  CAN1  545       [8]  DF 00 00 7C E5 04 80 06
17:04:53.348  CAN1  316       [8]  83 D0 00 00 FF 3E 00 7F
17:04:53.348  CAN1  0A0       [8]  00 00 00 00 00 00 00 00
17:04:53.348  CAN1  0A1       [8]  80 80 00 00 00 00 00 00
17:04:53.348  CAN1  18F       [8]  00 00 00 FF 00 78 00 00
17:04:53.348  CAN1  260       [8]  00 FF FF 70 00 00 5F 00
17:04:53.348  CAN1  2A0       [8]  00 00 00 00 00 00 00 00
17:04:53.348  CAN1  329       [8]  D6 FF 80 92 12 FF FF 10
17:04:53.348  CAN1  545       [8]  DF 00 00 7C E5 04 80 06
17:04:53.394  CAN1  316       [8]  83 D0 00 00 FF 3E 00 7F
17:04:53.394  CAN1  260       [8]  00 FF FF 70 00 00 5F 00
17:04:53.394  CAN1  0A0       [8]  00 00 00 00 00 00 00 00
17:04:53.394  CAN1  0A1       [8]  80 80 00 00 00 00 00 00
17:04:53.394  CAN1  18F       [8]  00 00 00 FF 00 78 00 00
17:04:53.394  CAN1  2A0       [8]  00 00 00 00 00 00 00 00
17:04:53.394  CAN1  329       [8]  D6 FF 80 92 12 FF FF 10
17:04:53.394  CAN1  545       [8]  DF 00 00 7C E5 04 80 06
17:04:53.394  CAN1  316       [8]  83 D0 00 00 FF 3E 00 7F
17:04:53.394  CAN1  0A0       [8]  00 00 00 00 00 00 00 00
17:04:53.394  CAN1  0A1       [8]  80 80 00 00 00 00 00 00
17:04:53.394  CAN1  18F       [8]  00 00 00 FF 00 78 00 00
17:04:53.394  CAN1  260       [8]  00 FF FF 70 00 00 5F 00
17:04:53.394  CAN1  2A0       [8]  00 00 00 00 00 00 00 00
17:04:53.394  CAN1  329       [8]  D6 FF 80 92 12 FF FF 10
17:04:53.394  CAN1  545       [8]  DF 00 00 7C E5 04 80 06
17:04:53.394  CAN1  316       [8]  83 D0 00 00 FF 3E 00 7F
17:04:53.394  CAN1  260       [8]  00 FF FF 70 00 00 5F 00
17:04:53.394  CAN1  0A0       [8]  00 00 00 00 00 00 00 00
17:04:53.394  CAN1  0A1       [8]  80 80 00 00 00 00 00 00
17:04:53.394  CAN1  18F       [8]  00 00 00 FF 00 78 00 00
17:04:53.394  CAN1  2A0       [8]  00 00 00 00 00 00 00 00
17:04:53.394  CAN1  329       [8]  D6 FF 80 92 12 FF FF 10
17:04:53.394  CAN1  545       [8]  DF 00 00 7C E5 04 80 06
17:04:53.394  CAN1  316       [8]  83 D0 00 00 FF 3E 00 7F
17:04:53.394  CAN1  260       [8]  00 FF FF 70 00 00 5F 00
17:04:53.394  CAN1  0A0       [8]  00 00 00 00 00 00 00 00
17:04:53.394  CAN1  0A1       [8]  80 80 00 00 00 00 00 00
17:04:53.394  CAN1  18F       [8]  00 00 00 FF 00 78 00 00
17:04:53.394  CAN1  2A0       [8]  00 00 00 00 00 00 00 00
17:04:53.394  CAN1  329       [8]  D6 FF 80 92 12 FF FF 10
17:04:53.394  CAN1  545       [8]  DF 00 00 7C E5 04 80 06
17:04:53.430  CAN1  316       [8]  83 D0 00 00 FF 3E 00 7F
17:04:53.430  CAN1  260       [8]  00 FF FF 70 00 00 5F 00
17:04:53.430  CAN1  0A0       [8]  00 00 00 00 00 00 00 00
17:04:53.430  CAN1  0A1       [8]  80 80 00 00 00 00 00 00
17:04:53.430  CAN1  18F       [8]  00 00 00 FF 00 78 00 00
17:04:53.430  CAN1  2A0       [8]  00 00 00 00 00 00 00 00
17:04:53.430  CAN1  329       [8]  D6 FF 80 92 12 FF FF 10
17:04:53.430  CAN1  545       [8]  DF 00 00 7C E5 04 80 06
17:04:53.430  CAN1  316       [8]  83 D0 00 00 FF 3E 00 7F
17:04:53.430  CAN1  260       [8]  00 FF FF 70 00 00 5F 00
17:04:53.430  CAN1  0A0       [8]  00 00 00 00 00 00 00 00
17:04:53.430  CAN1  0A1       [8]  80 80 00 00 00 00 00 00
17:04:53.430  CAN1  18F       [8]  00 00 00 FF 00 78 00 00
17:04:53.430  CAN1  2A0       [8]  00 00 00 00 00 00 00 00
17:04:53.430  CAN1  329       [8]  D6 FF 80 92 12 FF FF 10
17:04:53.430  CAN1  545       [8]  DF 00 00 7C E5 04 80 06
17:04:53.430  CAN1  316       [8]  83 D0 00 00 FF 3E 00 7F
17:04:53.430  CAN1  18F       [8]  00 00 00 FF 00 78 00 00
17:04:53.430  CAN1  0A0       [8]  00 00 00 00 00 00 00 00
17:04:53.430  CAN1  0A1       [8]  80 80 00 00 00 00 00 00
17:04:53.430  CAN1  260       [8]  00 FF FF 70 00 00 5F 00
17:04:53.430  CAN1  2A0       [8]  00 00 00 00 00 00 00 00
17:04:53.430  CAN1  329       [8]  0F FF 80 92 12 FF FF 10
17:04:53.430  CAN1  545       [8]  DF 00 00 7C E5 04 80 06
17:04:53.430  CAN1  316       [8]  83 D0 00 00 FF 3E 00 7F
17:04:53.430  CAN1  18F       [8]  00 00 00 FF 00 78 00 00
17:04:53.430  CAN1  0A0       [8]  00 00 00 00 00 00 00 00
17:04:53.430  CAN1  0A1       [8]  80 80 00 00 00 00 00 00
17:04:53.430  CAN1  260       [8]  00 FF FF 70 00 00 5F 00
17:04:53.430  CAN1  2A0       [8]  00 00 00 00 00 00 00 00
17:04:53.430  CAN1  329       [8]  0F FF 80 92 12 FF FF 10
17:04:53.430  CAN1  545       [8]  DF 00 00 7C E5 04 80 06
17:04:53.467  CAN1  316       [8]  83 D0 00 00 FF 3E 00 7F
17:04:53.467  CAN1  260       [8]  00 FF FF 70 00 00 5F 00
17:04:53.467  CAN1  0A0       [8]  00 00 00 00 00 00 00 00
17:04:53.467  CAN1  0A1       [8]  80 80 00 00 00 00 00 00
17:04:53.467  CAN1  18F       [8]  00 00 00 FF 00 78 00 00
17:04:53.467  CAN1  2A0       [8]  00 00 00 00 00 00 00 00
17:04:53.467  CAN1  329       [8]  0F FF 80 92 12 FF FF 10
17:04:53.467  CAN1  545       [8]  DF 00 00 7C E5 04 80 06
17:04:53.467  CAN1  316       [8]  83 D0 00 00 FF 3E 00 7F
17:04:53.467  CAN1  18F       [8]  00 00 00 FF 00 78 00 00
17:04:53.467  CAN1  0A0       [8]  00 00 00 00 00 00 00 00
17:04:53.467  CAN1  0A1       [8]  80 80 00 00 00 00 00 00
17:04:53.467  CAN1  260       [8]  00 FF FF 70 00 00 5F 00
17:04:53.467  CAN1  2A0       [8]  00 00 00 00 00 00 00 00
17:04:53.467  CAN1  329       [8]  0F FF 80 92 12 FF FF 10
17:04:53.467  CAN1  545       [8]  DF 00 00 7C E5 04 80 06
17:04:53.467  CAN1  316       [8]  83 D0 00 00 FF 3E 00 7F
17:04:53.467  CAN1  260       [8]  00 FF FF 70 00 00 5F 00
17:04:53.467  CAN1  0A0       [8]  00 00 00 00 00 00 00 00
17:04:53.467  CAN1  0A1       [8]  80 80 00 00 00 00 00 00
17:04:53.467  CAN1  18F       [8]  00 00 00 FF 00 78 00 00
17:04:53.467  CAN1  2A0       [8]  00 00 00 00 00 00 00 00
17:04:53.467  CAN1  329       [8]  0F FF 80 92 12 FF FF 10
17:04:53.467  CAN1  545       [8]  DF 00 00 7C E5 04 80 06
17:04:53.467  CAN1  316       [8]  83 D0 00 00 FF 3E 00 7F
17:04:53.467  CAN1  18F       [8]  00 00 00 FF 00 78 00 00
17:04:53.467  CAN1  0A0       [8]  00 00 00 00 00 00 00 00
17:04:53.467  CAN1  0A1       [8]  80 80 00 00 00 00 00 00
17:04:53.467  CAN1  260       [8]  00 FF FF 70 00 00 5F 00
17:04:53.467  CAN1  2A0       [8]  00 00 00 00 00 00 00 00
17:04:53.467  CAN1  329       [8]  0F FF 80 92 12 FF FF 10
17:04:53.467  CAN1  545       [8]  DF 00 00 7C E5 04 80 06
17:04:53.515  CAN1  316       [8]  83 D0 00 00 FF 3E 00 7F
17:04:53.515  CAN1  260       [8]  00 FF FF 70 00 00 5F 00
17:04:53.515  CAN1  0A0       [8]  00 00 00 00 00 00 00 00
17:04:53.515  CAN1  0A1       [8]  80 80 00 00 00 00 00 00
17:04:53.515  CAN1  18F       [8]  00 00 00 FF 00 78 00 00
17:04:53.515  CAN1  2A0       [8]  00 00 00 00 00 00 00 00
17:04:53.515  CAN1  329       [8]  0F FF 80 92 12 FF FF 10
17:04:53.515  CAN1  545       [8]  DF 00 00 7C E5 04 80 06
17:04:53.515  CAN1  316       [8]  83 D0 00 00 FF 3E 00 7F
17:04:53.515  CAN1  260       [8]  00 FF FF 70 00 00 5F 00
17:04:53.515  CAN1  0A0       [8]  00 00 00 00 00 00 00 00
17:04:53.515  CAN1  0A1       [8]  80 80 00 00 00 00 00 00
17:04:53.515  CAN1  18F       [8]  00 00 00 FF 00 78 00 00
17:04:53.515  CAN1  2A0       [8]  00 00 00 00 00 00 00 00
17:04:53.515  CAN1  329       [8]  4F FF 80 92 12 FF FF 10
17:04:53.515  CAN1  545       [8]  DF 00 00 7C E5 04 80 06
17:04:53.515  CAN1  316       [8]  83 D0 00 00 FF 3E 00 7F
17:04:53.515  CAN1  260       [8]  00 FF FF 70 00 00 5F 00
17:04:53.515  CAN1  0A0       [8]  00 00 00 00 00 00 00 00
17:04:53.515  CAN1  0A1       [8]  80 80 00 00 00 00 00 00
17:04:53.515  CAN1  18F       [8]  00 00 00 FF 00 78 00 00
17:04:53.515  CAN1  2A0       [8]  00 00 00 00 00 00 00 00
17:04:53.515  CAN1  329       [8]  4F FF 80 92 12 FF FF 10
17:04:53.515  CAN1  545       [8]  DF 00 00 7C E5 04 80 06
17:04:53.515  CAN1  316       [8]  83 D0 00 00 FF 3E 00 7F
17:04:53.515  CAN1  260       [8]  00 FF FF 70 00 00 5F 00
17:04:53.515  CAN1  0A0       [8]  00 00 00 00 00 00 00 00
17:04:53.515  CAN1  0A1       [8]  80 80 00 00 00 00 00 00
17:04:53.515  CAN1  18F       [8]  00 00 00 FF 00 78 00 00
17:04:53.515  CAN1  2A0       [8]  00 00 00 00 00 00 00 00
17:04:53.515  CAN1  329       [8]  4F FF 80 92 12 FF FF 10
17:04:53.515  CAN1  545       [8]  DF 00 00 7C E5 04 80 06
17:04:53.551  CAN1  316       [8]  83 D0 00 00 FF 3E 00 7F
17:04:53.551  CAN1  260       [8]  00 FF FF 70 00 00 5F 00
17:04:53.551  CAN1  0A0       [8]  00 00 00 00 00 00 00 00
17:04:53.551  CAN1  0A1       [8]  80 80 00 00 00 00 00 00
17:04:53.551  CAN1  18F       [8]  00 00 00 FF 00 78 00 00
17:04:53.551  CAN1  2A0       [8]  00 00 00 00 00 00 00 00
17:04:53.551  CAN1  329       [8]  4F FF 80 92 12 FF FF 10
17:04:53.551  CAN1  545       [8]  DF 00 00 7C E5 04 80 06
17:04:53.551  CAN1  316       [8]  83 D0 00 00 FF 3E 00 7F
17:04:53.551  CAN1  260       [8]  00 FF FF 70 00 00 5F 00
17:04:53.551  CAN1  0A0       [8]  00 00 00 00 00 00 00 00
17:04:53.551  CAN1  0A1       [8]  80 80 00 00 00 00 00 00
17:04:53.551  CAN1  18F       [8]  00 00 00 FF 00 78 00 00
17:04:53.551  CAN1  2A0       [8]  00 00 00 00 00 00 00 00
17:04:53.551  CAN1  329       [8]  4F FF 80 92 12 FF FF 10
17:04:53.551  CAN1  545       [8]  DF 00 00 7C E5 04 80 06
17:04:53.551  CAN1  316       [8]  83 D0 00 00 FF 3E 00 7F
17:04:53.551  CAN1  260       [8]  00 FF FF 70 00 00 5F 00
17:04:53.551  CAN1  0A0       [8]  00 00 00 00 00 00 00 00
17:04:53.551  CAN1  0A1       [8]  80 80 00 00 00 00 00 00
17:04:53.551  CAN1  18F       [8]  00 00 00 FF 00 78 00 00
17:04:53.551  CAN1  2A0       [8]  00 00 00 00 00 00 00 00
17:04:53.551  CAN1  329       [8]  4F FF 80 92 12 FF FF 10
17:04:53.551  CAN1  545       [8]  DF 00 00 7C E5 04 80 06
17:04:53.551  CAN1  316       [8]  83 D0 00 00 FF 3E 00 7F
17:04:53.551  CAN1  0A0       [8]  00 00 00 00 00 00 00 00
17:04:53.551  CAN1  0A1       [8]  80 80 00 00 00 00 00 00
17:04:53.551  CAN1  18F       [8]  00 00 00 FF 00 78 00 00
17:04:53.551  CAN1  260       [8]  00 FF FF 70 00 00 5F 00
17:04:53.551  CAN1  2A0       [8]  00 00 00 00 00 00 00 00
17:04:53.551  CAN1  329       [8]  4F FF 80 92 12 FF FF 10
17:04:53.551  CAN1  545       [8]  DF 00 00 7C E5 04 80 06
17:04:53.587  CAN1  316       [8]  83 D0 00 00 FF 3E 00 7F
17:04:53.587  CAN1  260       [8]  00 FF FF 70 00 00 5F 00
17:04:53.587  CAN1  0A0       [8]  00 00 00 00 00 00 00 00
17:04:53.587  CAN1  0A1       [8]  80 80 00 00 00 00 00 00
17:04:53.587  CAN1  18F       [8]  00 00 00 FF 00 78 00 00
17:04:53.587  CAN1  2A0       [8]  00 00 00 00 00 00 00 00
17:04:53.587  CAN1  329       [8]  80 FF 80 92 12 FF FF 10
17:04:53.587  CAN1  545       [8]  DF 00 00 7C E5 04 80 06
17:04:53.587  CAN1  316       [8]  83 D0 00 00 FF 3E 00 7F
17:04:53.587  CAN1  18F       [8]  00 00 00 FF 00 78 00 00
17:04:53.587  CAN1  0A0       [8]  00 00 00 00 00 00 00 00
17:04:53.587  CAN1  0A1       [8]  80 80 00 00 00 00 00 00
17:04:53.587  CAN1  260       [8]  00 FF FF 70 00 00 5F 00
17:04:53.587  CAN1  2A0       [8]  00 00 00 00 00 00 00 00
17:04:53.587  CAN1  329       [8]  80 FF 80 92 12 FF FF 10
17:04:53.587  CAN1  545       [8]  DF 00 00 7C E5 04 80 06
17:04:53.587  CAN1  316       [8]  83 D0 00 00 FF 3E 00 7F
17:04:53.587  CAN1  260       [8]  00 FF FF 70 00 00 5F 00
17:04:53.587  CAN1  0A0       [8]  00 00 00 00 00 00 00 00
17:04:53.587  CAN1  0A1       [8]  80 80 00 00 00 00 00 00
17:04:53.587  CAN1  18F       [8]  00 00 00 FF 00 78 00 00
17:04:53.587  CAN1  2A0       [8]  00 00 00 00 00 00 00 00
17:04:53.587  CAN1  329       [8]  80 FF 80 92 12 FF FF 10
17:04:53.587  CAN1  545       [8]  DF 00 00 7C E5 04 80 06
17:04:53.587  CAN1  316       [8]  83 D0 00 00 FF 3E 00 7F
17:04:53.587  CAN1  260       [8]  00 FF FF 70 00 00 5F 00
17:04:53.587  CAN1  0A0       [8]  00 00 00 00 00 00 00 00
17:04:53.587  CAN1  0A1       [8]  80 80 00 00 00 00 00 00
17:04:53.587  CAN1  18F       [8]  00 00 00 FF 00 78 00 00
17:04:53.587  CAN1  2A0       [8]  00 00 00 00 00 00 00 00
17:04:53.587  CAN1  329       [8]  80 FF 80 92 12 FF FF 10
17:04:53.587  CAN1  545       [8]  DF 00 00 7C E5 04 80 06
17:04:53.634  CAN1  316       [8]  83 D0 00 00 FF 3E 00 7F
17:04:53.634  CAN1  260       [8]  00 FF FF 70 00 00 5F 00
17:04:53.634  CAN1  0A0       [8]  00 00 00 00 00 00 00 00
17:04:53.634  CAN1  0A1       [8]  80 80 00 00 00 00 00 00
17:04:53.634  CAN1  18F       [8]  00 00 00 FF 00 78 00 00
17:04:53.634  CAN1  2A0       [8]  00 00 00 00 00 00 00 00
17:04:53.634  CAN1  329       [8]  80 FF 80 92 12 FF FF 10
17:04:53.634  CAN1  545       [8]  DF 00 00 7C E5 04 80 06
17:04:53.634  CAN1  316       [8]  83 D0 00 00 FF 3E 00 7F
17:04:53.634  CAN1  260       [8]  00 FF FF 70 00 00 5F 00
17:04:53.634  CAN1  0A0       [8]  00 00 00 00 00 00 00 00
17:04:53.634  CAN1  0A1       [8]  80 80 00 00 00 00 00 00
17:04:53.634  CAN1  18F       [8]  00 00 00 FF 00 78 00 00
17:04:53.634  CAN1  2A0       [8]  00 00 00 00 00 00 00 00
17:04:53.634  CAN1  329       [8]  80 FF 80 92 12 FF FF 10
17:04:53.634  CAN1  545       [8]  DF 00 00 7C E5 04 80 06
17:04:53.634  CAN1  316       [8]  83 D0 00 00 FF 3E 00 7F
17:04:53.634  CAN1  260       [8]  00 FF FF 70 00 00 5F 00
17:04:53.634  CAN1  0A0       [8]  00 00 00 00 00 00 00 00
17:04:53.634  CAN1  0A1       [8]  80 80 00 00 00 00 00 00
17:04:53.634  CAN1  18F       [8]  00 00 00 FF 00 78 00 00
17:04:53.634  CAN1  2A0       [8]  00 00 00 00 00 00 00 00
17:04:53.634  CAN1  329       [8]  80 FF 80 92 12 FF FF 10
17:04:53.634  CAN1  545       [8]  DF 00 00 7C E5 04 80 06
17:04:53.634  CAN1  316       [8]  83 D0 00 00 FF 3E 00 7F
17:04:53.634  CAN1  260       [8]  00 FF FF 70 00 00 5F 00
17:04:53.634  CAN1  0A0       [8]  00 00 00 00 00 00 00 00
17:04:53.634  CAN1  0A1       [8]  80 80 00 00 00 00 00 00
17:04:53.634  CAN1  18F       [8]  00 00 00 FF 00 78 00 00
17:04:53.634  CAN1  2A0       [8]  00 00 00 00 00 00 00 00
17:04:53.634  CAN1  329       [8]  D6 FF 80 92 12 FF FF 10
17:04:53.634  CAN1  545       [8]  DF 00 00 7C E5 04 80 06
17:04:53.670  CAN1  316       [8]  83 D0 00 00 FF 3E 00 7F
17:04:53.670  CAN1  0A0       [8]  00 00 00 00 00 00 00 00
17:04:53.670  CAN1  0A1       [8]  80 80 00 00 00 00 00 00
17:04:53.670  CAN1  18F       [8]  00 00 00 FF 00 78 00 00
17:04:53.670  CAN1  260       [8]  00 FF FF 70 00 00 5F 00
17:04:53.670  CAN1  2A0       [8]  00 00 00 00 00 00 00 00
17:04:53.670  CAN1  329       [8]  D6 FF 80 92 12 FF FF 10
17:04:53.670  CAN1  545       [8]  DF 00 00 7C E5 04 80 06
17:04:53.670  CAN1  316       [8]  83 D0 00 00 FF 3E 00 7F
17:04:53.670  CAN1  0A0       [8]  00 00 00 00 00 00 00 00
17:04:53.670  CAN1  0A1       [8]  80 80 00 00 00 00 00 00
17:04:53.670  CAN1  18F       [8]  00 00 00 FF 00 78 00 00
17:04:53.670  CAN1  260       [8]  00 FF FF 70 00 00 5F 00
17:04:53.670  CAN1  2A0       [8]  00 00 00 00 00 00 00 00
17:04:53.670  CAN1  329       [8]  D6 FF 80 92 12 FF FF 10
17:04:53.670  CAN1  545       [8]  DF 00 00 7C E5 04 80 06
17:04:53.670  CAN1  316       [8]  83 D0 00 00 FF 3E 00 7F
17:04:53.670  CAN1  260       [8]  00 FF FF 70 00 00 5F 00
17:04:53.670  CAN1  0A0       [8]  00 00 00 00 00 00 00 00
17:04:53.670  CAN1  0A1       [8]  80 80 00 00 00 00 00 00
17:04:53.670  CAN1  18F       [8]  00 00 00 FF 00 78 00 00
17:04:53.670  CAN1  2A0       [8]  00 00 00 00 00 00 00 00
17:04:53.670  CAN1  329       [8]  D6 FF 80 92 12 FF FF 10
17:04:53.670  CAN1  545       [8]  DF 00 00 7C E5 04 80 06
17:04:53.670  CAN1  316       [8]  83 D0 00 00 FF 3E 00 7F
17:04:53.670  CAN1  0A0       [8]  00 00 00 00 00 00 00 00
17:04:53.670  CAN1  0A1       [8]  80 80 00 00 00 00 00 00
17:04:53.670  CAN1  18F       [8]  00 00 00 FF 00 78 00 00
17:04:53.670  CAN1  260       [8]  00 FF FF 70 00 00 5F 00
17:04:53.670  CAN1  2A0       [8]  00 00 00 00 00 00 00 00
17:04:53.670  CAN1  329       [8]  D6 FF 80 92 12 FF FF 10
17:04:53.670  CAN1  545       [8]  DF 00 00 7C E5 04 80 06
17:04:53.707  CAN1  316       [8]  83 D0 00 00 FF 3E 00 7F
17:04:53.707  CAN1  260       [8]  00 FF FF 70 00 00 5F 00
17:04:53.707  CAN1  0A0       [8]  00 00 00 00 00 00 00 00
17:04:53.707  CAN1  0A1       [8]  80 80 00 00 00 00 00 00
17:04:53.707  CAN1  18F       [8]  00 00 00 FF 00 78 00 00
17:04:53.707  CAN1  2A0       [8]  00 00 00 00 00 00 00 00
17:04:53.707  CAN1  329       [8]  D6 FF 80 92 12 FF FF 10
17:04:53.707  CAN1  545       [8]  DF 00 00 7C E5 04 80 06
17:04:53.707  CAN1  316       [8]  83 D0 00 00 FF 3E 00 7F
17:04:53.707  CAN1  260       [8]  00 FF FF 70 00 00 5F 00
17:04:53.707  CAN1  0A0       [8]  00 00 00 00 00 00 00 00
17:04:53.707  CAN1  0A1       [8]  80 80 00 00 00 00 00 00
17:04:53.707  CAN1  18F       [8]  00 00 00 FF 00 78 00 00
17:04:53.707  CAN1  2A0       [8]  00 00 00 00 00 00 00 00
17:04:53.707  CAN1  329       [8]  D6 FF 80 92 12 FF FF 10
17:04:53.707  CAN1  545       [8]  DF 00 00 7C E5 04 80 06
17:04:53.707  CAN1  316       [8]  83 D0 00 00 FF 3E 00 7F
17:04:53.707  CAN1  260       [8]  00 FF FF 70 00 00 5F 00
17:04:53.707  CAN1  0A0       [8]  00 00 00 00 00 00 00 00
17:04:53.707  CAN1  0A1       [8]  80 80 00 00 00 00 00 00
17:04:53.707  CAN1  18F       [8]  00 00 00 FF 00 78 00 00
17:04:53.707  CAN1  2A0       [8]  00 00 00 00 00 00 00 00
17:04:53.707  CAN1  329       [8]  D6 FF 80 92 12 FF FF 10
17:04:53.707  CAN1  545       [8]  DF 00 00 7C E5 04 80 06
17:04:53.707  CAN1  316       [8]  83 D0 00 00 FF 3E 00 7F
17:04:53.707  CAN1  260       [8]  00 FF FF 70 00 00 5F 00
17:04:53.707  CAN1  0A0       [8]  00 00 00 00 00 00 00 00
17:04:53.707  CAN1  0A1       [8]  80 80 00 00 00 00 00 00
17:04:53.707  CAN1  18F       [8]  00 00 00 FF 00 78 00 00
17:04:53.707  CAN1  2A0       [8]  00 00 00 00 00 00 00 00
17:04:53.707  CAN1  329       [8]  0F FF 80 92 12 FF FF 10
17:04:53.707  CAN1  545       [8]  DF 00 00 7C E5 04 80 06
17:04:53.753  CAN1  316       [8]  83 D0 00 00 FF 3E 00 7F
17:04:53.753  CAN1  0A0       [8]  00 00 00 00 00 00 00 00
17:04:53.753  CAN1  0A1       [8]  80 80 00 00 00 00 00 00
17:04:53.753  CAN1  18F       [8]  00 00 00 FF 00 78 00 00
17:04:53.753  CAN1  260       [8]  00 FF FF 70 00 00 5F 00
17:04:53.753  CAN1  2A0       [8]  00 00 00 00 00 00 00 00
17:04:53.753  CAN1  329       [8]  0F FF 80 92 12 FF FF 10
17:04:53.753  CAN1  545       [8]  DF 00 00 7C E5 04 80 06
17:04:53.753  CAN1  316       [8]  83 D0 00 00 FF 3E 00 7F
17:04:53.753  CAN1  260       [8]  00 FF FF 70 00 00 5F 00
17:04:53.753  CAN1  0A0       [8]  00 00 00 00 00 00 00 00
17:04:53.753  CAN1  0A1       [8]  80 80 00 00 00 00 00 00
17:04:53.753  CAN1  18F       [8]  00 00 00 FF 00 78 00 00
17:04:53.753  CAN1  2A0       [8]  00 00 00 00 00 00 00 00
17:04:53.753  CAN1  329       [8]  0F FF 80 92 12 FF FF 10
17:04:53.753  CAN1  545       [8]  DF 00 00 7C E5 04 80 06
17:04:53.753  CAN1  316       [8]  83 D0 00 00 FF 3E 00 7F
17:04:53.753  CAN1  260       [8]  00 FF FF 70 00 00 5F 00
17:04:53.753  CAN1  0A0       [8]  00 00 00 00 00 00 00 00
17:04:53.753  CAN1  0A1       [8]  80 80 00 00 00 00 00 00
17:04:53.753  CAN1  18F       [8]  00 00 00 FF 00 78 00 00
17:04:53.753  CAN1  2A0       [8]  00 00 00 00 00 00 00 00
17:04:53.753  CAN1  329       [8]  0F FF 80 92 12 FF FF 10
17:04:53.753  CAN1  545       [8]  DF 00 00 7C E5 04 80 06
17:04:53.753  CAN1  316       [8]  83 D0 00 00 FF 3E 00 7F
17:04:53.753  CAN1  18F       [8]  00 00 00 FF 00 78 00 00
17:04:53.753  CAN1  0A0       [8]  00 00 00 00 00 00 00 00
17:04:53.753  CAN1  0A1       [8]  80 80 00 00 00 00 00 00
17:04:53.753  CAN1  260       [8]  00 FF FF 70 00 00 5F 00
17:04:53.753  CAN1  2A0       [8]  00 00 00 00 00 00 00 00
17:04:53.753  CAN1  329       [8]  0F FF 80 92 12 FF FF 10
17:04:53.753  CAN1  545       [8]  DF 00 00 7C E5 04 80 06
17:04:53.790  CAN1  316       [8]  83 D0 00 00 FF 3E 00 7F
17:04:53.790  CAN1  260       [8]  00 FF FF 70 00 00 5F 00
17:04:53.790  CAN1  0A0       [8]  00 00 00 00 00 00 00 00
17:04:53.790  CAN1  0A1       [8]  80 80 00 00 00 00 00 00
17:04:53.790  CAN1  18F       [8]  00 00 00 FF 00 78 00 00
17:04:53.790  CAN1  2A0       [8]  00 00 00 00 00 00 00 00
17:04:53.790  CAN1  329       [8]  0F FF 80 92 12 FF FF 10
17:04:53.790  CAN1  545       [8]  DF 00 00 7C E5 04 80 06
17:04:53.790  CAN1  316       [8]  83 D0 00 00 FF 3E 00 7F
17:04:53.790  CAN1  0A0       [8]  00 00 00 00 00 00 00 00
17:04:53.790  CAN1  0A1       [8]  80 80 00 00 00 00 00 00
17:04:53.790  CAN1  18F       [8]  00 00 00 FF 00 78 00 00
17:04:53.790  CAN1  260       [8]  00 FF FF 70 00 00 5F 00
17:04:53.790  CAN1  2A0       [8]  00 00 00 00 00 00 00 00
17:04:53.790  CAN1  329       [8]  0F FF 80 92 12 FF FF 10
17:04:53.790  CAN1  545       [8]  DF 00 00 7C E5 04 80 06
17:04:53.790  CAN1  316       [8]  83 D0 00 00 FF 3E 00 7F
17:04:53.790  CAN1  260       [8]  00 FF FF 70 00 00 5F 00
17:04:53.790  CAN1  0A0       [8]  00 00 00 00 00 00 00 00
17:04:53.790  CAN1  0A1       [8]  80 80 00 00 00 00 00 00
17:04:53.790  CAN1  18F       [8]  00 00 00 FF 00 78 00 00
17:04:53.790  CAN1  2A0       [8]  00 00 00 00 00 00 00 00
17:04:53.790  CAN1  329       [8]  4F FF 80 92 12 FF FF 10
17:04:53.790  CAN1  545       [8]  DF 00 00 7C E5 04 80 06
17:04:53.790  CAN1  316       [8]  83 D0 00 00 FF 3E 00 7F
17:04:53.790  CAN1  260       [8]  00 FF FF 70 00 00 5F 00
17:04:53.790  CAN1  0A0       [8]  00 00 00 00 00 00 00 00
17:04:53.790  CAN1  0A1       [8]  80 80 00 00 00 00 00 00
17:04:53.790  CAN1  18F       [8]  00 00 00 FF 00 78 00 00
17:04:53.790  CAN1  2A0       [8]  00 00 00 00 00 00 00 00
17:04:53.790  CAN1  329       [8]  4F FF 80 92 12 FF FF 10
17:04:53.790  CAN1  545       [8]  DF 00 00 7C E5 04 80 06
17:04:53.827  CAN1  316       [8]  83 D0 00 00 FF 3E 00 7F
17:04:53.827  CAN1  0A0       [8]  00 00 00 00 00 00 00 00
17:04:53.827  CAN1  0A1       [8]  80 80 00 00 00 00 00 00
17:04:53.827  CAN1  18F       [8]  00 00 00 FF 00 78 00 00
17:04:53.827  CAN1  260       [8]  00 FF FF 70 00 00 5F 00
17:04:53.827  CAN1  2A0       [8]  00 00 00 00 00 00 00 00
17:04:53.827  CAN1  329       [8]  4F FF 80 92 12 FF FF 10
17:04:53.827  CAN1  545       [8]  DF 00 00 7C E5 04 80 06
17:04:53.827  CAN1  316       [8]  83 D0 00 00 FF 3E 00 7F
17:04:53.827  CAN1  260       [8]  00 FF FF 70 00 00 5F 00
17:04:53.827  CAN1  0A0       [8]  00 00 00 00 00 00 00 00
17:04:53.827  CAN1  0A1       [8]  80 80 00 00 00 00 00 00
17:04:53.827  CAN1  18F       [8]  00 00 00 FF 00 78 00 00
17:04:53.827  CAN1  2A0       [8]  00 00 00 00 00 00 00 00
17:04:53.827  CAN1  329       [8]  4F FF 80 92 12 FF FF 10
17:04:53.827  CAN1  545       [8]  DF 00 00 7C E5 04 80 06
17:04:53.827  CAN1  316       [8]  83 D0 00 00 FF 3E 00 7F
17:04:53.827  CAN1  260       [8]  00 FF FF 70 00 00 5F 00
17:04:53.827  CAN1  0A0       [8]  00 00 00 00 00 00 00 00
17:04:53.827  CAN1  0A1       [8]  80 80 00 00 00 00 00 00
17:04:53.827  CAN1  18F       [8]  00 00 00 FF 00 78 00 00
17:04:53.827  CAN1  2A0       [8]  00 00 00 00 00 00 00 00
17:04:53.827  CAN1  329       [8]  4F FF 80 92 12 FF FF 10
17:04:53.827  CAN1  545       [8]  DF 00 00 7C E5 04 80 06
17:04:53.827  CAN1  316       [8]  83 D0 00 00 FF 3E 00 7F
17:04:53.827  CAN1  260       [8]  00 FF FF 70 00 00 5F 00
17:04:53.827  CAN1  0A0       [8]  00 00 00 00 00 00 00 00
17:04:53.827  CAN1  0A1       [8]  80 80 00 00 00 00 00 00
17:04:53.827  CAN1  18F       [8]  00 00 00 FF 00 78 00 00
17:04:53.827  CAN1  2A0       [8]  00 00 00 00 00 00 00 00
17:04:53.827  CAN1  329       [8]  4F FF 80 92 12 FF FF 10
17:04:53.827  CAN1  545       [8]  DF 00 00 7C E5 04 80 06
17:04:53.874  CAN1  316       [8]  83 D0 00 00 FF 3E 00 7F
17:04:53.874  CAN1  260       [8]  00 FF FF 70 00 00 5F 00
17:04:53.874  CAN1  0A0       [8]  00 00 00 00 00 00 00 00
17:04:53.874  CAN1  0A1       [8]  80 80 00 00 00 00 00 00
17:04:53.874  CAN1  18F       [8]  00 00 00 FF 00 78 00 00
17:04:53.874  CAN1  2A0       [8]  00 00 00 00 00 00 00 00
17:04:53.874  CAN1  329       [8]  4F FF 80 92 12 FF FF 10
17:04:53.874  CAN1  545       [8]  DF 00 00 7C E5 04 80 06
17:04:53.874  CAN1  316       [8]  83 D0 00 00 FF 3E 00 7F
17:04:53.874  CAN1  0A0       [8]  00 00 00 00 00 00 00 00
17:04:53.874  CAN1  0A1       [8]  80 80 00 00 00 00 00 00
17:04:53.874  CAN1  18F       [8]  00 00 00 FF 00 78 00 00
17:04:53.874  CAN1  260       [8]  00 FF FF 70 00 00 5F 00
17:04:53.874  CAN1  2A0       [8]  00 00 00 00 00 00 00 00
17:04:53.874  CAN1  329       [8]  80 FF 80 92 12 FF FF 10
17:04:53.874  CAN1  545       [8]  DF 00 00 7C E5 04 80 06
17:04:53.874  CAN1  316       [8]  83 D0 00 00 FF 3E 00 7F
17:04:53.874  CAN1  260       [8]  00 FF FF 70 00 00 5F 00
17:04:53.874  CAN1  0A0       [8]  00 00 00 00 00 00 00 00
17:04:53.874  CAN1  0A1       [8]  80 80 00 00 00 00 00 00
17:04:53.874  CAN1  18F       [8]  00 00 00 FF 00 78 00 00
17:04:53.874  CAN1  2A0       [8]  00 00 00 00 00 00 00 00
17:04:53.874  CAN1  329       [8]  80 FF 80 92 12 FF FF 10
17:04:53.874  CAN1  545       [8]  DF 00 00 7C E5 04 80 06
17:04:53.874  CAN1  316       [8]  83 D0 00 00 FF 3E 00 7F
17:04:53.874  CAN1  18F       [8]  00 00 00 FF 00 78 00 00
17:04:53.874  CAN1  0A0       [8]  00 00 00 00 00 00 00 00
17:04:53.874  CAN1  0A1       [8]  80 80 00 00 00 00 00 00
17:04:53.874  CAN1  260       [8]  00 FF FF 70 00 00 5F 00
17:04:53.874  CAN1  2A0       [8]  00 00 00 00 00 00 00 00
17:04:53.874  CAN1  329       [8]  80 FF 80 92 12 FF FF 10
17:04:53.874  CAN1  545       [8]  DF 00 00 7C E5 04 80 06
17:04:53.910  CAN1  316       [8]  83 D0 00 00 FF 3E 00 7F
17:04:53.910  CAN1  18F       [8]  00 00 00 FF 00 78 00 00
17:04:53.910  CAN1  0A0       [8]  00 00 00 00 00 00 00 00
17:04:53.910  CAN1  0A1       [8]  80 80 00 00 00 00 00 00
17:04:53.910  CAN1  260       [8]  00 FF FF 70 00 00 5F 00
17:04:53.910  CAN1  2A0       [8]  00 00 00 00 00 00 00 00
17:04:53.910  CAN1  329       [8]  80 FF 80 92 12 FF FF 10
17:04:53.910  CAN1  545       [8]  DF 00 00 7C E5 04 80 06
17:04:53.910  CAN1  316       [8]  83 D0 00 00 FF 3E 00 7F
17:04:53.910  CAN1  260       [8]  00 FF FF 70 00 00 5F 00
17:04:53.910  CAN1  0A0       [8]  00 00 00 00 00 00 00 00
17:04:53.910  CAN1  0A1       [8]  80 80 00 00 00 00 00 00
17:04:53.910  CAN1  18F       [8]  00 00 00 FF 00 78 00 00
17:04:53.910  CAN1  2A0       [8]  00 00 00 00 00 00 00 00
17:04:53.910  CAN1  329       [8]  80 FF 80 92 12 FF FF 10
17:04:53.910  CAN1  545       [8]  DF 00 00 7C E5 04 80 06
17:04:53.910  CAN1  316       [8]  83 D0 00 00 FF 3E 00 7F
17:04:53.910  CAN1  260       [8]  00 FF FF 70 00 00 5F 00
17:04:53.910  CAN1  0A0       [8]  00 00 00 00 00 00 00 00
17:04:53.910  CAN1  0A1       [8]  80 80 00 00 00 00 00 00
17:04:53.910  CAN1  18F       [8]  00 00 00 FF 00 78 00 00
17:04:53.910  CAN1  2A0       [8]  00 00 00 00 00 00 00 00
17:04:53.910  CAN1  329       [8]  80 FF 80 92 12 FF FF 10
17:04:53.910  CAN1  545       [8]  DF 00 00 7C E5 04 80 06
17:04:53.910  CAN1  316       [8]  83 D0 00 00 FF 3E 00 7F
17:04:53.910  CAN1  260       [8]  00 FF FF 70 00 00 5F 00
17:04:53.910  CAN1  0A0       [8]  00 00 00 00 00 00 00 00
17:04:53.910  CAN1  0A1       [8]  80 80 00 00 00 00 00 00
17:04:53.910  CAN1  18F       [8]  00 00 00 FF 00 78 00 00
17:04:53.910  CAN1  2A0       [8]  00 00 00 00 00 00 00 00
17:04:53.910  CAN1  329       [8]  80 FF 80 92 12 FF FF 10
17:04:53.910  CAN1  545       [8]  DF 00 00 7C E5 04 80 06
17:04:53.946  CAN1  316       [8]  83 D0 00 00 FF 3E 00 7F
17:04:53.946  CAN1  260       [8]  00 FF FF 70 00 00 5F 00
17:04:53.946  CAN1  0A0       [8]  00 00 00 00 00 00 00 00
17:04:53.946  CAN1  0A1       [8]  80 80 00 00 00 00 00 00
17:04:53.946  CAN1  18F       [8]  00 00 00 FF 00 78 00 00
17:04:53.946  CAN1  2A0       [8]  00 00 00 00 00 00 00 00
17:04:53.946  CAN1  329       [8]  D6 FF 80 92 12 FF FF 10
17:04:53.946  CAN1  545       [8]  DF 00 00 7C E5 04 80 06
17:04:53.946  CAN1  316       [8]  83 D0 00 00 FF 3E 00 7F
17:04:53.946  CAN1  260       [8]  00 FF FF 70 00 00 5F 00
17:04:53.946  CAN1  0A0       [8]  00 00 00 00 00 00 00 00
17:04:53.946  CAN1  0A1       [8]  80 80 00 00 00 00 00 00
17:04:53.946  CAN1  18F       [8]  00 00 00 FF 00 78 00 00
17:04:53.946  CAN1  2A0       [8]  00 00 00 00 00 00 00 00
17:04:53.946  CAN1  329       [8]  D6 FF 80 92 12 FF FF 10
17:04:53.946  CAN1  545       [8]  DF 00 00 7C E5 04 80 06
17:04:53.946  CAN1  316       [8]  83 D0 00 00 FF 3E 00 7F
17:04:53.946  CAN1  0A0       [8]  00 00 00 00 00 00 00 00
17:04:53.946  CAN1  0A1       [8]  80 80 00 00 00 00 00 00
17:04:53.946  CAN1  18F       [8]  00 00 00 FF 00 78 00 00
17:04:53.946  CAN1  260       [8]  00 FF FF 70 00 00 5F 00
17:04:53.946  CAN1  2A0       [8]  00 00 00 00 00 00 00 00
17:04:53.946  CAN1  329       [8]  D6 FF 80 92 12 FF FF 10
17:04:53.946  CAN1  545       [8]  DF 00 00 7C E5 04 80 06
17:04:53.946  CAN1  316       [8]  83 D0 00 00 FF 3E 00 7F
17:04:53.946  CAN1  0A0       [8]  00 00 00 00 00 00 00 00
17:04:53.946  CAN1  0A1       [8]  80 80 00 00 00 00 00 00
17:04:53.946  CAN1  18F       [8]  00 00 00 FF 00 78 00 00
17:04:53.946  CAN1  260       [8]  00 FF FF 70 00 00 5F 00
17:04:53.946  CAN1  2A0       [8]  00 00 00 00 00 00 00 00
17:04:53.946  CAN1  329       [8]  D6 FF 80 92 12 FF FF 10
17:04:53.946  CAN1  545       [8]  DF 00 00 7C E5 04 80 06
17:04:53.991  CAN1  316       [8]  83 D0 00 00 FF 3E 00 7F
17:04:53.991  CAN1  260       [8]  00 FF FF 70 00 00 5F 00
17:04:53.991  CAN1  0A0       [8]  00 00 00 00 00 00 00 00
17:04:53.991  CAN1  0A1       [8]  80 80 00 00 00 00 00 00
17:04:53.991  CAN1  18F       [8]  00 00 00 FF 00 78 00 00
17:04:53.991  CAN1  2A0       [8]  00 00 00 00 00 00 00 00
17:04:53.991  CAN1  329       [8]  D6 FF 80 92 12 FF FF 10
17:04:53.991  CAN1  545       [8]  DF 00 00 7C E5 04 80 06
17:04:53.991  CAN1  316       [8]  83 D0 00 00 FF 3E 00 7F
17:04:53.991  CAN1  0A0       [8]  00 00 00 00 00 00 00 00
17:04:53.991  CAN1  0A1       [8]  80 80 00 00 00 00 00 00
17:04:53.991  CAN1  18F       [8]  00 00 00 FF 00 78 00 00
17:04:53.991  CAN1  260       [8]  00 FF FF 70 00 00 5F 00
17:04:53.991  CAN1  2A0       [8]  00 00 00 00 00 00 00 00
17:04:53.991  CAN1  329       [8]  D6 FF 80 92 12 FF FF 10
17:04:53.991  CAN1  545       [8]  DF 00 00 7C E5 04 80 06
17:04:53.991  CAN1  316       [8]  83 D0 00 00 FF 3E 00 7F
17:04:53.991  CAN1  260       [8]  00 FF FF 70 00 00 5F 00
17:04:53.991  CAN1  0A0       [8]  00 00 00 00 00 00 00 00
17:04:53.991  CAN1  0A1       [8]  80 80 00 00 00 00 00 00
17:04:53.991  CAN1  18F       [8]  00 00 00 FF 00 78 00 00
17:04:53.991  CAN1  2A0       [8]  00 00 00 00 00 00 00 00
17:04:53.991  CAN1  329       [8]  D6 FF 80 92 12 FF FF 10
17:04:53.991  CAN1  545       [8]  DF 00 00 7C E5 04 80 06
17:04:53.991  CAN1  316       [8]  83 D0 00 00 FF 3E 00 7F
17:04:53.991  CAN1  260       [8]  00 FF FF 70 00 00 5F 00
17:04:53.991  CAN1  0A0       [8]  00 00 00 00 00 00 00 00
17:04:53.991  CAN1  0A1       [8]  80 80 00 00 00 00 00 00
17:04:53.991  CAN1  18F       [8]  00 00 00 FF 00 78 00 00
17:04:53.991  CAN1  2A0       [8]  00 00 00 00 00 00 00 00
17:04:53.991  CAN1  329       [8]  D6 FF 80 92 12 FF FF 10
17:04:53.991  CAN1  545       [8]  DF 00 00 7C E5 04 80 06
17:04:54.029  CAN1  316       [8]  83 D0 00 00 FF 3E 00 7F
17:04:54.029  CAN1  260       [8]  00 FF FF 70 00 00 5F 00
17:04:54.029  CAN1  0A0       [8]  00 00 00 00 00 00 00 00
17:04:54.029  CAN1  0A1       [8]  80 80 00 00 00 00 00 00
17:04:54.029  CAN1  18F       [8]  00 00 00 FF 00 78 00 00
17:04:54.029  CAN1  2A0       [8]  00 00 00 00 00 00 00 00
17:04:54.029  CAN1  329       [8]  0F FF 80 92 12 FF FF 10
17:04:54.029  CAN1  545       [8]  DF 00 00 7C E5 04 80 06
17:04:54.029  CAN1  316       [8]  83 D0 00 00 FF 3E 00 7F
17:04:54.029  CAN1  260       [8]  00 FF FF 70 00 00 5F 00
17:04:54.029  CAN1  0A0       [8]  00 00 00 00 00 00 00 00
17:04:54.029  CAN1  0A1       [8]  80 80 00 00 00 00 00 00
17:04:54.029  CAN1  18F       [8]  00 00 00 FF 00 78 00 00
17:04:54.029  CAN1  2A0       [8]  00 00 00 00 00 00 00 00
17:04:54.029  CAN1  329       [8]  0F FF 80 92 12 FF FF 10
17:04:54.029  CAN1  545       [8]  DF 00 00 7C E5 04 80 06
17:04:54.029  CAN1  316       [8]  83 D0 00 00 FF 3E 00 7F
17:04:54.029  CAN1  0A0       [8]  00 00 00 00 00 00 00 00
17:04:54.029  CAN1  0A1       [8]  80 80 00 00 00 00 00 00
17:04:54.029  CAN1  18F       [8]  00 00 00 FF 00 78 00 00
17:04:54.029  CAN1  260       [8]  00 FF FF 70 00 00 5F 00
17:04:54.029  CAN1  2A0       [8]  00 00 00 00 00 00 00 00
17:04:54.029  CAN1  329       [8]  0F FF 80 92 12 FF FF 10
17:04:54.029  CAN1  545       [8]  DF 00 00 7C E5 04 80 06
17:04:54.029  CAN1  316       [8]  83 D0 00 00 FF 3E 00 7F
17:04:54.029  CAN1  18F       [8]  00 00 00 FF 00 78 00 00
17:04:54.029  CAN1  0A0       [8]  00 00 00 00 00 00 00 00
17:04:54.029  CAN1  0A1       [8]  80 80 00 00 00 00 00 00
17:04:54.029  CAN1  260       [8]  00 FF FF 70 00 00 5F 00
17:04:54.029  CAN1  2A0       [8]  00 00 00 00 00 00 00 00
17:04:54.029  CAN1  329       [8]  0F FF 80 92 12 FF FF 10
17:04:54.029  CAN1  545       [8]  DF 00 00 7C E5 04 80 06
17:04:54.066  CAN1  316       [8]  83 D0 00 00 FF 3E 00 7F
17:04:54.066  CAN1  260       [8]  00 FF FF 70 00 00 5F 00
17:04:54.066  CAN1  0A0       [8]  00 00 00 00 00 00 00 00
17:04:54.066  CAN1  0A1       [8]  80 80 00 00 00 00 00 00
17:04:54.066  CAN1  18F       [8]  00 00 00 FF 00 78 00 00
17:04:54.066  CAN1  2A0       [8]  00 00 00 00 00 00 00 00
17:04:54.066  CAN1  329       [8]  0F FF 80 92 12 FF FF 10
17:04:54.066  CAN1  545       [8]  DF 00 00 7C E5 04 80 06
17:04:54.066  CAN1  316       [8]  83 D0 00 00 FF 3E 00 7F
17:04:54.066  CAN1  18F       [8]  00 00 00 FF 00 78 00 00
17:04:54.066  CAN1  0A0       [8]  00 00 00 00 00 00 00 00
17:04:54.066  CAN1  0A1       [8]  80 80 00 00 00 00 00 00
17:04:54.066  CAN1  260       [8]  00 FF FF 70 00 00 5F 00
17:04:54.066  CAN1  2A0       [8]  00 00 00 00 00 00 00 00
17:04:54.066  CAN1  329       [8]  0F FF 80 92 12 FF FF 10
17:04:54.066  CAN1  545       [8]  DF 00 00 7C E5 04 80 06
17:04:54.066  CAN1  316       [8]  83 D0 00 00 FF 3E 00 7F
17:04:54.066  CAN1  260       [8]  00 FF FF 70 00 00 5F 00
17:04:54.066  CAN1  0A0       [8]  00 00 00 00 00 00 00 00
17:04:54.066  CAN1  0A1       [8]  80 80 00 00 00 00 00 00
17:04:54.066  CAN1  18F       [8]  00 00 00 FF 00 78 00 00
17:04:54.066  CAN1  2A0       [8]  00 00 00 00 00 00 00 00
17:04:54.066  CAN1  329       [8]  0F FF 80 92 12 FF FF 10
17:04:54.066  CAN1  545       [8]  DF 00 00 7C E5 04 80 06
17:04:54.066  CAN1  316       [8]  83 D0 00 00 FF 3E 00 7F
17:04:54.066  CAN1  18F       [8]  00 00 00 FF 00 78 00 00
17:04:54.066  CAN1  0A0       [8]  00 00 00 00 00 00 00 00
17:04:54.066  CAN1  0A1       [8]  80 80 00 00 00 00 00 00
17:04:54.066  CAN1  260       [8]  00 FF FF 70 00 00 5F 00
17:04:54.066  CAN1  2A0       [8]  00 00 00 00 00 00 00 00
17:04:54.066  CAN1  329       [8]  4F FF 80 92 12 FF FF 10
17:04:54.066  CAN1  545       [8]  DF 00 00 7C E5 04 80 06
17:04:54.112  CAN1  316       [8]  83 D0 00 00 FF 3E 00 7F
17:04:54.112  CAN1  260       [8]  00 FF FF 70 00 00 5F 00
17:04:54.112  CAN1  0A0       [8]  00 00 00 00 00 00 00 00
17:04:54.112  CAN1  0A1       [8]  80 80 00 00 00 00 00 00
17:04:54.112  CAN1  18F       [8]  00 00 00 FF 00 78 00 00
17:04:54.112  CAN1  2A0       [8]  00 00 00 00 00 00 00 00
17:04:54.112  CAN1  329       [8]  4F FF 80 92 12 FF FF 10
17:04:54.112  CAN1  545       [8]  DF 00 00 7C E5 04 80 06
17:04:54.112  CAN1  316       [8]  83 D0 00 00 FF 3E 00 7F
17:04:54.112  CAN1  260       [8]  00 FF FF 70 00 00 5F 00
17:04:54.112  CAN1  0A0       [8]  00 00 00 00 00 00 00 00
17:04:54.112  CAN1  0A1       [8]  80 80 00 00 00 00 00 00
17:04:54.112  CAN1  18F       [8]  00 00 00 FF 00 78 00 00
17:04:54.112  CAN1  2A0       [8]  00 00 00 00 00 00 00 00
17:04:54.112  CAN1  329       [8]  4F FF 80 92 12 FF FF 10
17:04:54.112  CAN1  545       [8]  DF 00 00 7C E5 04 80 06
17:04:54.112  CAN1  316       [8]  83 D0 00 00 FF 3E 00 7F
17:04:54.112  CAN1  260       [8]  00 FF FF 70 00 00 5F 00
17:04:54.112  CAN1  0A0       [8]  00 00 00 00 00 00 00 00
17:04:54.112  CAN1  0A1       [8]  80 80 00 00 00 00 00 00
17:04:54.112  CAN1  18F       [8]  00 00 00 FF 00 78 00 00
17:04:54.112  CAN1  2A0       [8]  00 00 00 00 00 00 00 00
17:04:54.112  CAN1  329       [8]  4F FF 80 92 12 FF FF 10
17:04:54.112  CAN1  545       [8]  DF 00 00 7C E5 04 80 06
17:04:54.112  CAN1  316       [8]  83 D0 00 00 FF 3E 00 7F
17:04:54.112  CAN1  260       [8]  00 FF FF 70 00 00 5F 00
17:04:54.112  CAN1  0A0       [8]  00 00 00 00 00 00 00 00
17:04:54.112  CAN1  0A1       [8]  80 80 00 00 00 00 00 00
17:04:54.112  CAN1  18F       [8]  00 00 00 FF 00 78 00 00
17:04:54.112  CAN1  2A0       [8]  00 00 00 00 00 00 00 00
17:04:54.112  CAN1  329       [8]  4F FF 80 92 12 FF FF 10
17:04:54.112  CAN1  545       [8]  DF 00 00 7C E5 04 80 06
17:04:54.148  CAN1  316       [8]  83 D0 00 00 FF 3E 00 7F
17:04:54.148  CAN1  18F       [8]  00 00 00 FF 00 78 00 00
17:04:54.148  CAN1  0A0       [8]  00 00 00 00 00 00 00 00
17:04:54.148  CAN1  0A1       [8]  80 80 00 00 00 00 00 00
17:04:54.148  CAN1  260       [8]  00 FF FF 70 00 00 5F 00
17:04:54.148  CAN1  2A0       [8]  00 00 00 00 00 00 00 00
17:04:54.148  CAN1  329       [8]  4F FF 80 92 12 FF FF 10
17:04:54.148  CAN1  545       [8]  DF 00 00 7C E5 04 80 06
17:04:54.148  CAN1  316       [8]  83 D0 00 00 FF 3E 00 7F
17:04:54.148  CAN1  260       [8]  00 FF FF 70 00 00 5F 00
17:04:54.148  CAN1  0A0       [8]  00 00 00 00 00 00 00 00
17:04:54.148  CAN1  0A1       [8]  80 80 00 00 00 00 00 00
17:04:54.148  CAN1  18F       [8]  00 00 00 FF 00 78 00 00
17:04:54.148  CAN1  2A0       [8]  00 00 00 00 00 00 00 00
17:04:54.148  CAN1  329       [8]  4F FF 80 92 12 FF FF 10
17:04:54.148  CAN1  545       [8]  DF 00 00 7C E5 04 80 06
17:04:54.148  CAN1  316       [8]  83 D0 00 00 FF 3E 00 7F
17:04:54.148  CAN1  260       [8]  00 FF FF 70 00 00 5F 00
17:04:54.148  CAN1  0A0       [8]  00 00 00 00 00 00 00 00
17:04:54.148  CAN1  0A1       [8]  80 80 00 00 00 00 00 00
17:04:54.148  CAN1  18F       [8]  00 00 00 FF 00 78 00 00
17:04:54.148  CAN1  2A0       [8]  00 00 00 00 00 00 00 00
17:04:54.148  CAN1  329       [8]  80 FF 80 92 12 FF FF 10
17:04:54.148  CAN1  545       [8]  DF 00 00 7C E5 04 80 06
17:04:54.148  CAN1  316       [8]  83 D0 00 00 FF 3E 00 7F
17:04:54.148  CAN1  18F       [8]  00 00 00 FF 00 78 00 00
17:04:54.148  CAN1  0A0       [8]  00 00 00 00 00 00 00 00
17:04:54.148  CAN1  0A1       [8]  80 80 00 00 00 00 00 00
17:04:54.148  CAN1  260       [8]  00 FF FF 70 00 00 5F 00
17:04:54.148  CAN1  2A0       [8]  00 00 00 00 00 00 00 00
17:04:54.148  CAN1  329       [8]  80 FF 80 92 12 FF FF 10
17:04:54.148  CAN1  545       [8]  DF 00 00 7C E5 04 80 06
17:04:54.193  CAN1  316       [8]  83 D0 00 00 FF 3E 00 7F
17:04:54.193  CAN1  260       [8]  00 FF FF 70 00 00 5F 00
17:04:54.193  CAN1  0A0       [8]  00 00 00 00 00 00 00 00
17:04:54.193  CAN1  0A1       [8]  80 80 00 00 00 00 00 00
17:04:54.193  CAN1  18F       [8]  00 00 00 FF 00 78 00 00
17:04:54.193  CAN1  2A0       [8]  00 00 00 00 00 00 00 00
17:04:54.193  CAN1  329       [8]  80 FF 80 92 12 FF FF 10
17:04:54.193  CAN1  545       [8]  DF 00 00 7C E5 04 80 06
17:04:54.193  CAN1  316       [8]  83 D0 00 00 FF 3E 00 7F
17:04:54.193  CAN1  18F       [8]  00 00 00 FF 00 78 00 00
17:04:54.193  CAN1  0A0       [8]  00 00 00 00 00 00 00 00
17:04:54.193  CAN1  0A1       [8]  80 80 00 00 00 00 00 00
17:04:54.193  CAN1  260       [8]  00 FF FF 70 00 00 5F 00
17:04:54.193  CAN1  2A0       [8]  00 00 00 00 00 00 00 00
17:04:54.193  CAN1  329       [8]  80 FF 80 92 12 FF FF 10
17:04:54.193  CAN1  545       [8]  DF 00 00 7C E5 04 80 06
17:04:54.193  CAN1  316       [8]  83 D0 00 00 FF 3E 00 7F
17:04:54.193  CAN1  260       [8]  00 FF FF 70 00 00 5F 00
17:04:54.193  CAN1  0A0       [8]  00 00 00 00 00 00 00 00
17:04:54.193  CAN1  0A1       [8]  80 80 00 00 00 00 00 00
17:04:54.193  CAN1  18F       [8]  00 00 00 FF 00 78 00 00
17:04:54.193  CAN1  2A0       [8]  00 00 00 00 00 00 00 00
17:04:54.193  CAN1  329       [8]  80 FF 80 92 12 FF FF 10
17:04:54.193  CAN1  545       [8]  DF 00 00 7C E5 04 80 06
17:04:54.193  CAN1  316       [8]  83 D0 00 00 FF 3E 00 7F
17:04:54.193  CAN1  260       [8]  00 FF FF 70 00 00 5F 00
17:04:54.193  CAN1  0A0       [8]  00 00 00 00 00 00 00 00
17:04:54.193  CAN1  0A1       [8]  80 80 00 00 00 00 00 00
17:04:54.193  CAN1  18F       [8]  00 00 00 FF 00 78 00 00
17:04:54.193  CAN1  2A0       [8]  00 00 00 00 00 00 00 00
17:04:54.193  CAN1  329       [8]  80 FF 80 92 12 FF FF 10
17:04:54.193  CAN1  545       [8]  DF 00 00 7C E5 04 80 06
17:04:54.231  CAN1  316       [8]  83 D0 00 00 FF 3E 00 7F
17:04:54.231  CAN1  0A0       [8]  00 00 00 00 00 00 00 00
17:04:54.231  CAN1  0A1       [8]  80 80 00 00 00 00 00 00
17:04:54.231  CAN1  18F       [8]  00 00 00 FF 00 78 00 00
17:04:54.231  CAN1  260       [8]  00 FF FF 70 00 00 5F 00
17:04:54.231  CAN1  2A0       [8]  00 00 00 00 00 00 00 00
17:04:54.231  CAN1  329       [8]  80 FF 80 92 12 FF FF 10
17:04:54.231  CAN1  545       [8]  DF 00 00 7C E5 04 80 06
17:04:54.231  CAN1  316       [8]  83 D0 00 00 FF 3E 00 7F
17:04:54.231  CAN1  260       [8]  00 FF FF 70 00 00 5F 00
17:04:54.231  CAN1  0A0       [8]  00 00 00 00 00 00 00 00
17:04:54.231  CAN1  0A1       [8]  80 80 00 00 00 00 00 00
17:04:54.231  CAN1  18F       [8]  00 00 00 FF 00 78 00 00
17:04:54.231  CAN1  2A0       [8]  00 00 00 00 00 00 00 00
17:04:54.231  CAN1  329       [8]  D6 FF 80 92 12 FF FF 10
17:04:54.231  CAN1  545       [8]  DF 00 00 7C E5 04 80 06
17:04:54.231  CAN1  316       [8]  83 D0 00 00 FF 3E 00 7F
17:04:54.231  CAN1  260       [8]  00 FF FF 70 00 00 5F 00
17:04:54.231  CAN1  0A0       [8]  00 00 00 00 00 00 00 00
17:04:54.231  CAN1  0A1       [8]  80 80 00 00 00 00 00 00
17:04:54.231  CAN1  18F       [8]  00 00 00 FF 00 78 00 00
17:04:54.231  CAN1  2A0       [8]  00 00 00 00 00 00 00 00
17:04:54.231  CAN1  329       [8]  D6 FF 80 92 12 FF FF 10
17:04:54.231  CAN1  545       [8]  DF 00 00 7C E5 04 80 06
17:04:54.231  CAN1  316       [8]  83 D0 00 00 FF 3E 00 7F
17:04:54.231  CAN1  260       [8]  00 FF FF 70 00 00 5F 00
17:04:54.231  CAN1  0A0       [8]  00 00 00 00 00 00 00 00
17:04:54.231  CAN1  0A1       [8]  80 80 00 00 00 00 00 00
17:04:54.231  CAN1  18F       [8]  00 00 00 FF 00 78 00 00
17:04:54.231  CAN1  2A0       [8]  00 00 00 00 00 00 00 00
17:04:54.231  CAN1  329       [8]  D6 FF 80 92 12 FF FF 10
17:04:54.231  CAN1  545       [8]  DF 00 00 7C E5 04 80 06
17:04:54.267  CAN1  316       [8]  83 D0 00 00 FF 3E 00 7F
17:04:54.267  CAN1  260       [8]  00 FF FF 70 00 00 5F 00
17:04:54.267  CAN1  0A0       [8]  00 00 00 00 00 00 00 00
17:04:54.267  CAN1  0A1       [8]  80 80 00 00 00 00 00 00
17:04:54.267  CAN1  18F       [8]  00 00 00 FF 00 78 00 00
17:04:54.267  CAN1  2A0       [8]  00 00 00 00 00 00 00 00
17:04:54.267  CAN1  329       [8]  D6 FF 80 92 12 FF FF 10
17:04:54.267  CAN1  545       [8]  DF 00 00 7C E5 04 80 06
17:04:54.267  CAN1  316       [8]  83 D0 00 00 FF 3E 00 7F
17:04:54.267  CAN1  0A0       [8]  00 00 00 00 00 00 00 00
17:04:54.267  CAN1  0A1       [8]  80 80 00 00 00 00 00 00
17:04:54.267  CAN1  18F       [8]  00 00 00 FF 00 78 00 00
17:04:54.267  CAN1  260       [8]  00 FF FF 70 00 00 5F 00
17:04:54.267  CAN1  2A0       [8]  00 00 00 00 00 00 00 00
17:04:54.267  CAN1  329       [8]  D6 FF 80 92 12 FF FF 10
17:04:54.267  CAN1  545       [8]  DF 00 00 7C E5 04 80 06
17:04:54.267  CAN1  316       [8]  83 D0 00 00 FF 3E 00 7F
17:04:54.267  CAN1  260       [8]  00 FF FF 70 00 00 5F 00
17:04:54.267  CAN1  0A0       [8]  00 00 00 00 00 00 00 00
17:04:54.267  CAN1  0A1       [8]  80 80 00 00 00 00 00 00
17:04:54.267  CAN1  18F       [8]  00 00 00 FF 00 78 00 00
17:04:54.267  CAN1  2A0       [8]  00 00 00 00 00 00 00 00
17:04:54.267  CAN1  329       [8]  D6 FF 80 92 12 FF FF 10
17:04:54.267  CAN1  545       [8]  DF 00 00 7C E5 04 80 06
17:04:54.267  CAN1  316       [8]  83 D0 00 00 FF 3E 00 7F
17:04:54.267  CAN1  0A0       [8]  00 00 00 00 00 00 00 00
17:04:54.267  CAN1  0A1       [8]  80 80 00 00 00 00 00 00
17:04:54.267  CAN1  18F       [8]  00 00 00 FF 00 78 00 00
17:04:54.267  CAN1  260       [8]  00 FF FF 70 00 00 5F 00
17:04:54.267  CAN1  2A0       [8]  00 00 00 00 00 00 00 00
17:04:54.267  CAN1  329       [8]  D6 FF 80 92 12 FF FF 10
17:04:54.267  CAN1  545       [8]  DF 00 00 7C E5 04 80 06
17:04:54.314  CAN1  316       [8]  83 D0 00 00 FF 3E 00 7F
17:04:54.314  CAN1  0A0       [8]  00 00 00 00 00 00 00 00
17:04:54.314  CAN1  0A1       [8]  80 80 00 00 00 00 00 00
17:04:54.314  CAN1  18F       [8]  00 00 00 FF 00 78 00 00
17:04:54.314  CAN1  260       [8]  00 FF FF 70 00 00 5F 00
17:04:54.314  CAN1  2A0       [8]  00 00 00 00 00 00 00 00
17:04:54.314  CAN1  329       [8]  D6 FF 80 92 12 FF FF 10
17:04:54.314  CAN1  545       [8]  DF 00 00 7C E5 04 80 06
17:04:54.314  CAN1  316       [8]  83 D0 00 00 FF 3E 00 7F
17:04:54.314  CAN1  18F       [8]  00 00 00 FF 00 78 00 00
17:04:54.314  CAN1  0A0       [8]  00 00 00 00 00 00 00 00
17:04:54.314  CAN1  0A1       [8]  80 80 00 00 00 00 00 00
17:04:54.314  CAN1  260       [8]  00 FF FF 70 00 00 5F 00
17:04:54.314  CAN1  2A0       [8]  00 00 00 00 00 00 00 00
17:04:54.314  CAN1  329       [8]  0F FF 80 92 12 FF FF 10
17:04:54.314  CAN1  545       [8]  DF 00 00 7C E5 04 80 06
17:04:54.314  CAN1  316       [8]  83 D0 00 00 FF 3E 00 7F
17:04:54.314  CAN1  260       [8]  00 FF FF 70 00 00 5F 00
17:04:54.314  CAN1  0A0       [8]  00 00 00 00 00 00 00 00
17:04:54.314  CAN1  0A1       [8]  80 80 00 00 00 00 00 00
17:04:54.314  CAN1  18F       [8]  00 00 00 FF 00 78 00 00
17:04:54.314  CAN1  2A0       [8]  00 00 00 00 00 00 00 00
17:04:54.314  CAN1  329       [8]  0F FF 80 92 12 FF FF 10
17:04:54.314  CAN1  545       [8]  DF 00 00 7C E5 04 80 06
17:04:54.314  CAN1  316       [8]  83 D0 00 00 FF 3E 00 7F
17:04:54.314  CAN1  260       [8]  00 FF FF 70 00 00 5F 00
17:04:54.314  CAN1  0A0       [8]  00 00 00 00 00 00 00 00
17:04:54.314  CAN1  0A1       [8]  80 80 00 00 00 00 00 00
17:04:54.314  CAN1  18F       [8]  00 00 00 FF 00 78 00 00
17:04:54.314  CAN1  2A0       [8]  00 00 00 00 00 00 00 00
17:04:54.314  CAN1  329       [8]  0F FF 80 92 12 FF FF 10
17:04:54.314  CAN1  545       [8]  DF 00 00 7C E5 04 80 06
17:04:54.350  CAN1  316       [8]  83 D0 00 00 FF 3E 00 7F
17:04:54.350  CAN1  18F       [8]  00 00 00 FF 00 78 00 00
17:04:54.350  CAN1  0A0       [8]  00 00 00 00 00 00 00 00
17:04:54.350  CAN1  0A1       [8]  80 80 00 00 00 00 00 00
17:04:54.350  CAN1  260       [8]  00 FF FF 70 00 00 5F 00
17:04:54.350  CAN1  2A0       [8]  00 00 00 00 00 00 00 00
17:04:54.350  CAN1  329       [8]  0F FF 80 92 12 FF FF 10
17:04:54.350  CAN1  545       [8]  DF 00 00 7C E5 04 80 06
17:04:54.350  CAN1  316       [8]  83 D0 00 00 FF 3E 00 7F
17:04:54.350  CAN1  260       [8]  00 FF FF 70 00 00 5F 00
17:04:54.350  CAN1  0A0       [8]  00 00 00 00 00 00 00 00
17:04:54.350  CAN1  0A1       [8]  80 80 00 00 00 00 00 00
17:04:54.350  CAN1  18F       [8]  00 00 00 FF 00 78 00 00
17:04:54.350  CAN1  2A0       [8]  00 00 00 00 00 00 00 00
17:04:54.350  CAN1  329       [8]  0F FF 80 92 12 FF FF 10
17:04:54.350  CAN1  545       [8]  DF 00 00 7C E5 04 80 06
17:04:54.350  CAN1  316       [8]  83 D0 00 00 FF 3E 00 7F
17:04:54.350  CAN1  260       [8]  00 FF FF 70 00 00 5F 00
17:04:54.350  CAN1  0A0       [8]  00 00 00 00 00 00 00 00
17:04:54.350  CAN1  0A1       [8]  80 80 00 00 00 00 00 00
17:04:54.350  CAN1  18F       [8]  00 00 00 FF 00 78 00 00
17:04:54.350  CAN1  2A0       [8]  00 00 00 00 00 00 00 00
17:04:54.350  CAN1  329       [8]  0F FF 80 92 12 FF FF 10
17:04:54.350  CAN1  545       [8]  DF 00 00 7C E5 04 80 06
17:04:54.350  CAN1  316       [8]  83 D0 00 00 FF 3E 00 7F
17:04:54.350  CAN1  0A0       [8]  00 00 00 00 00 00 00 00
17:04:54.350  CAN1  0A1       [8]  80 80 00 00 00 00 00 00
17:04:54.350  CAN1  18F       [8]  00 00 00 FF 00 78 00 00
17:04:54.350  CAN1  260       [8]  00 FF FF 70 00 00 5F 00
17:04:54.350  CAN1  2A0       [8]  00 00 00 00 00 00 00 00
17:04:54.350  CAN1  329       [8]  0F FF 80 92 12 FF FF 10
17:04:54.350  CAN1  545       [8]  DF 00 00 7C E5 04 80 06
17:04:54.387  CAN1  316       [8]  83 D0 00 00 FF 3E 00 7F
17:04:54.387  CAN1  18F       [8]  00 00 00 FF 00 78 00 00
17:04:54.387  CAN1  0A0       [8]  00 00 00 00 00 00 00 00
17:04:54.387  CAN1  0A1       [8]  80 80 00 00 00 00 00 00
17:04:54.387  CAN1  260       [8]  00 FF FF 70 00 00 5F 00
17:04:54.387  CAN1  2A0       [8]  00 00 00 00 00 00 00 00
17:04:54.387  CAN1  329       [8]  4F FF 80 92 12 FF FF 10
17:04:54.387  CAN1  545       [8]  DF 00 00 7C E5 04 80 06
17:04:54.387  CAN1  316       [8]  83 D0 00 00 FF 3E 00 7F
17:04:54.387  CAN1  0A0       [8]  00 00 00 00 00 00 00 00
17:04:54.387  CAN1  0A1       [8]  80 80 00 00 00 00 00 00
17:04:54.387  CAN1  18F       [8]  00 00 00 FF 00 78 00 00
17:04:54.387  CAN1  260       [8]  00 FF FF 70 00 00 5F 00
17:04:54.387  CAN1  2A0       [8]  00 00 00 00 00 00 00 00
17:04:54.387  CAN1  329       [8]  4F FF 80 92 12 FF FF 10
17:04:54.387  CAN1  545       [8]  DF 00 00 7C E5 04 80 06
17:04:54.387  CAN1  316       [8]  83 D0 00 00 FF 3E 00 7F
17:04:54.387  CAN1  260       [8]  00 FF FF 70 00 00 5F 00
17:04:54.387  CAN1  0A0       [8]  00 00 00 00 00 00 00 00
17:04:54.387  CAN1  0A1       [8]  80 80 00 00 00 00 00 00
17:04:54.387  CAN1  18F       [8]  00 00 00 FF 00 78 00 00
17:04:54.387  CAN1  2A0       [8]  00 00 00 00 00 00 00 00
17:04:54.387  CAN1  329       [8]  4F FF 80 92 12 FF FF 10
17:04:54.387  CAN1  545       [8]  DF 00 00 7C E5 04 80 06
17:04:54.387  CAN1  316       [8]  83 D0 00 00 FF 3E 00 7F
17:04:54.387  CAN1  260       [8]  00 FF FF 70 00 00 5F 00
17:04:54.387  CAN1  0A0       [8]  00 00 00 00 00 00 00 00
17:04:54.387  CAN1  0A1       [8]  80 80 00 00 00 00 00 00
17:04:54.387  CAN1  18F       [8]  00 00 00 FF 00 78 00 00
17:04:54.387  CAN1  2A0       [8]  00 00 00 00 00 00 00 00
17:04:54.387  CAN1  329       [8]  4F FF 80 92 12 FF FF 10
17:04:54.387  CAN1  545       [8]  DF 00 00 7C E5 04 80 06
17:04:54.434  CAN1  316       [8]  83 D0 00 00 FF 3E 00 7F
17:04:54.434  CAN1  260       [8]  00 FF FF 70 00 00 5F 00
17:04:54.434  CAN1  0A0       [8]  00 00 00 00 00 00 00 00
17:04:54.434  CAN1  0A1       [8]  80 80 00 00 00 00 00 00
17:04:54.434  CAN1  18F       [8]  00 00 00 FF 00 78 00 00
17:04:54.434  CAN1  2A0       [8]  00 00 00 00 00 00 00 00
17:04:54.434  CAN1  329       [8]  4F FF 80 92 12 FF FF 10
17:04:54.434  CAN1  545       [8]  DF 00 00 7C E5 04 80 06
17:04:54.434  CAN1  316       [8]  83 D0 00 00 FF 3E 00 7F
17:04:54.434  CAN1  260       [8]  00 FF FF 70 00 00 5F 00
17:04:54.434  CAN1  0A0       [8]  00 00 00 00 00 00 00 00
17:04:54.434  CAN1  0A1       [8]  80 80 00 00 00 00 00 00
17:04:54.434  CAN1  18F       [8]  00 00 00 FF 00 78 00 00
17:04:54.434  CAN1  2A0       [8]  00 00 00 00 00 00 00 00
17:04:54.434  CAN1  329       [8]  4F FF 80 92 12 FF FF 10
17:04:54.434  CAN1  545       [8]  DF 00 00 7C E5 04 80 06
17:04:54.434  CAN1  316       [8]  83 D0 00 00 FF 3E 00 7F
17:04:54.434  CAN1  260       [8]  00 FF FF 70 00 00 5F 00
17:04:54.434  CAN1  0A0       [8]  00 00 00 00 00 00 00 00
17:04:54.434  CAN1  0A1       [8]  80 80 00 00 00 00 00 00
17:04:54.434  CAN1  18F       [8]  00 00 00 FF 00 78 00 00
17:04:54.434  CAN1  2A0       [8]  00 00 00 00 00 00 00 00
17:04:54.434  CAN1  329       [8]  4F FF 80 92 12 FF FF 10
17:04:54.434  CAN1  545       [8]  DF 00 00 7C E5 04 80 06
17:04:54.434  CAN1  316       [8]  83 D0 00 00 FF 3E 00 7F
17:04:54.434  CAN1  260       [8]  00 FF FF 70 00 00 5F 00
17:04:54.434  CAN1  0A0       [8]  00 00 00 00 00 00 00 00
17:04:54.434  CAN1  0A1       [8]  80 80 00 00 00 00 00 00
17:04:54.434  CAN1  18F       [8]  00 00 00 FF 00 78 00 00
17:04:54.434  CAN1  2A0       [8]  00 00 00 00 00 00 00 00
17:04:54.434  CAN1  329       [8]  80 FF 80 92 12 FF FF 10
17:04:54.434  CAN1  545       [8]  DF 00 00 7C E5 04 80 06
17:04:54.469  CAN1  316       [8]  83 D0 00 00 FF 3E 00 7F
17:04:54.469  CAN1  0A0       [8]  00 00 00 00 00 00 00 00
17:04:54.469  CAN1  0A1       [8]  80 80 00 00 00 00 00 00
17:04:54.469  CAN1  18F       [8]  00 00 00 FF 00 78 00 00
17:04:54.469  CAN1  260       [8]  00 FF FF 70 00 00 5F 00
17:04:54.469  CAN1  2A0       [8]  00 00 00 00 00 00 00 00
17:04:54.469  CAN1  329       [8]  80 FF 80 92 12 FF FF 10
17:04:54.469  CAN1  545       [8]  DF 00 00 7C E5 04 80 06
17:04:54.469  CAN1  316       [8]  83 D0 00 00 FF 3E 00 7F
17:04:54.469  CAN1  18F       [8]  00 00 00 FF 00 78 00 00
17:04:54.469  CAN1  0A0       [8]  00 00 00 00 00 00 00 00
17:04:54.469  CAN1  0A1       [8]  80 80 00 00 00 00 00 00
17:04:54.469  CAN1  260       [8]  00 FF FF 70 00 00 5F 00
17:04:54.469  CAN1  2A0       [8]  00 00 00 00 00 00 00 00
17:04:54.469  CAN1  329       [8]  80 FF 80 92 12 FF FF 10
17:04:54.469  CAN1  545       [8]  DF 00 00 7C E5 04 80 06
17:04:54.469  CAN1  316       [8]  83 D0 00 00 FF 3E 00 7F
17:04:54.469  CAN1  260       [8]  00 FF FF 70 00 00 5F 00
17:04:54.469  CAN1  0A0       [8]  00 00 00 00 00 00 00 00
17:04:54.469  CAN1  0A1       [8]  80 80 00 00 00 00 00 00
17:04:54.469  CAN1  18F       [8]  00 00 00 FF 00 78 00 00
17:04:54.469  CAN1  2A0       [8]  00 00 00 00 00 00 00 00
17:04:54.469  CAN1  329       [8]  80 FF 80 92 12 FF FF 10
17:04:54.469  CAN1  545       [8]  DF 00 00 7C E5 04 80 06
17:04:54.469  CAN1  316       [8]  83 D0 00 00 FF 3E 00 7F
17:04:54.469  CAN1  18F       [8]  00 00 00 FF 00 78 00 00
17:04:54.469  CAN1  0A0       [8]  00 00 00 00 00 00 00 00
17:04:54.469  CAN1  0A1       [8]  80 80 00 00 00 00 00 00
17:04:54.469  CAN1  260       [8]  00 FF FF 70 00 00 5F 00
17:04:54.469  CAN1  2A0       [8]  00 00 00 00 00 00 00 00
17:04:54.469  CAN1  329       [8]  80 FF 80 92 12 FF FF 10
17:04:54.469  CAN1  545       [8]  DF 00 00 7C E5 04 80 06
17:04:54.514  CAN1  316       [8]  83 D0 00 00 FF 3E 00 7F
17:04:54.514  CAN1  260       [8]  00 FF FF 70 00 00 5F 00
17:04:54.514  CAN1  0A0       [8]  00 00 00 00 00 00 00 00
17:04:54.514  CAN1  0A1       [8]  80 80 00 00 00 00 00 00
17:04:54.514  CAN1  18F       [8]  00 00 00 FF 00 78 00 00
17:04:54.514  CAN1  2A0       [8]  00 00 00 00 00 00 00 00
17:04:54.514  CAN1  329       [8]  80 FF 80 92 12 FF FF 10
17:04:54.514  CAN1  545       [8]  DF 00 00 7C E5 04 80 06
17:04:54.514  CAN1  316       [8]  83 D0 00 00 FF 3E 00 7F
17:04:54.514  CAN1  260       [8]  00 FF FF 70 00 00 5F 00
17:04:54.514  CAN1  0A0       [8]  00 00 00 00 00 00 00 00
17:04:54.514  CAN1  0A1       [8]  80 80 00 00 00 00 00 00
17:04:54.514  CAN1  18F       [8]  00 00 00 FF 00 78 00 00
17:04:54.514  CAN1  2A0       [8]  00 00 00 00 00 00 00 00
17:04:54.514  CAN1  329       [8]  80 FF 80 92 12 FF FF 10
17:04:54.514  CAN1  545       [8]  DF 00 00 7C E5 04 80 06
17:04:54.514  CAN1  316       [8]  83 D0 00 00 FF 3E 00 7F
17:04:54.514  CAN1  260       [8]  00 FF FF 70 00 00 5F 00
17:04:54.514  CAN1  0A0       [8]  00 00 00 00 00 00 00 00
17:04:54.514  CAN1  0A1       [8]  80 80 00 00 00 00 00 00
17:04:54.514  CAN1  18F       [8]  00 00 00 FF 00 78 00 00
17:04:54.514  CAN1  2A0       [8]  00 00 00 00 00 00 00 00
17:04:54.514  CAN1  329       [8]  D6 FF 80 92 12 FF FF 10
17:04:54.514  CAN1  545       [8]  DF 00 00 7C E5 04 80 06
17:04:54.514  CAN1  316       [8]  83 D0 00 00 FF 3E 00 7F
17:04:54.514  CAN1  260       [8]  00 FF FF 70 00 00 5F 00
17:04:54.514  CAN1  0A0       [8]  00 00 00 00 00 00 00 00
17:04:54.514  CAN1  0A1       [8]  80 80 00 00 00 00 00 00
17:04:54.514  CAN1  18F       [8]  00 00 00 FF 00 78 00 00
17:04:54.514  CAN1  2A0       [8]  00 00 00 00 00 00 00 00
17:04:54.514  CAN1  329       [8]  D6 FF 80 92 12 FF FF 10
17:04:54.514  CAN1  545       [8]  DF 00 00 7C E5 04 80 06
17:04:54.550  CAN1  316       [8]  83 D0 00 00 FF 3E 00 7F
17:04:54.550  CAN1  18F       [8]  00 00 00 FF 00 78 00 00
17:04:54.550  CAN1  0A0       [8]  00 00 00 00 00 00 00 00
17:04:54.550  CAN1  0A1       [8]  80 80 00 00 00 00 00 00
17:04:54.550  CAN1  260       [8]  00 FF FF 70 00 00 5F 00
17:04:54.550  CAN1  2A0       [8]  00 00 00 00 00 00 00 00
17:04:54.550  CAN1  329       [8]  D6 FF 80 92 12 FF FF 10
17:04:54.550  CAN1  545       [8]  DF 00 00 7C E5 04 80 06
17:04:54.550  CAN1  316       [8]  83 D0 00 00 FF 3E 00 7F
17:04:54.550  CAN1  260       [8]  00 FF FF 70 00 00 5F 00
17:04:54.550  CAN1  0A0       [8]  00 00 00 00 00 00 00 00
17:04:54.550  CAN1  0A1       [8]  80 80 00 00 00 00 00 00
17:04:54.550  CAN1  18F       [8]  00 00 00 FF 00 78 00 00
17:04:54.550  CAN1  2A0       [8]  00 00 00 00 00 00 00 00
17:04:54.550  CAN1  329       [8]  D6 FF 80 92 12 FF FF 10
17:04:54.550  CAN1  545       [8]  DF 00 00 7C E5 04 80 06
17:04:54.550  CAN1  316       [8]  83 D0 00 00 FF 3E 00 7F
17:04:54.550  CAN1  260       [8]  00 FF FF 70 00 00 5F 00
17:04:54.550  CAN1  0A0       [8]  00 00 00 00 00 00 00 00
17:04:54.550  CAN1  0A1       [8]  80 80 00 00 00 00 00 00
17:04:54.550  CAN1  18F       [8]  00 00 00 FF 00 78 00 00
17:04:54.550  CAN1  2A0       [8]  00 00 00 00 00 00 00 00
17:04:54.550  CAN1  329       [8]  D6 FF 80 92 12 FF FF 10
17:04:54.550  CAN1  545       [8]  DF 00 00 7C E5 04 80 06
17:04:54.550  CAN1  316       [8]  83 D0 00 00 FF 3E 00 7F
17:04:54.550  CAN1  0A0       [8]  00 00 00 00 00 00 00 00
17:04:54.550  CAN1  0A1       [8]  80 80 00 00 00 00 00 00
17:04:54.550  CAN1  18F       [8]  00 00 00 FF 00 78 00 00
17:04:54.550  CAN1  260       [8]  00 FF FF 70 00 00 5F 00
17:04:54.550  CAN1  2A0       [8]  00 00 00 00 00 00 00 00
17:04:54.550  CAN1  329       [8]  D6 FF 80 92 12 FF FF 10
17:04:54.550  CAN1  545       [8]  DF 00 00 7C E5 04 80 06
17:04:54.586  CAN1  316       [8]  83 D0 00 00 FF 3E 00 7F
17:04:54.586  CAN1  260       [8]  00 FF FF 70 00 00 5F 00
17:04:54.586  CAN1  0A0       [8]  00 00 00 00 00 00 00 00
17:04:54.586  CAN1  0A1       [8]  80 80 00 00 00 00 00 00
17:04:54.586  CAN1  18F       [8]  00 00 00 FF 00 78 00 00
17:04:54.586  CAN1  2A0       [8]  00 00 00 00 00 00 00 00
17:04:54.586  CAN1  329       [8]  D6 FF 80 92 12 FF FF 10
17:04:54.586  CAN1  545       [8]  DF 00 00 7C E5 04 80 06
17:04:54.586  CAN1  316       [8]  83 D0 00 00 FF 3E 00 7F
17:04:54.586  CAN1  18F       [8]  00 00 00 FF 00 78 00 00
17:04:54.586  CAN1  0A0       [8]  00 00 00 00 00 00 00 00
17:04:54.586  CAN1  0A1       [8]  80 80 00 00 00 00 00 00
17:04:54.586  CAN1  260       [8]  00 FF FF 70 00 00 5F 00
17:04:54.586  CAN1  2A0       [8]  00 00 00 00 00 00 00 00
17:04:54.586  CAN1  329       [8]  D6 FF 80 92 12 FF FF 10
17:04:54.586  CAN1  545       [8]  DF 00 00 7C E5 04 80 06
17:04:54.586  CAN1  316       [8]  83 D0 00 00 FF 3E 00 7F
17:04:54.586  CAN1  0A0       [8]  00 00 00 00 00 00 00 00
17:04:54.586  CAN1  0A1       [8]  80 80 00 00 00 00 00 00
17:04:54.586  CAN1  18F       [8]  00 00 00 FF 00 78 00 00
17:04:54.586  CAN1  260       [8]  00 FF FF 70 00 00 5F 00
17:04:54.586  CAN1  2A0       [8]  00 00 00 00 00 00 00 00
17:04:54.586  CAN1  329       [8]  0F FF 80 92 12 FF FF 10
17:04:54.586  CAN1  545       [8]  DF 00 00 7C E5 04 80 06
17:04:54.586  CAN1  316       [8]  83 D0 00 00 FF 3E 00 7F
17:04:54.586  CAN1  18F       [8]  00 00 00 FF 00 78 00 00
17:04:54.586  CAN1  0A0       [8]  00 00 00 00 00 00 00 00
17:04:54.586  CAN1  0A1       [8]  80 80 00 00 00 00 00 00
17:04:54.586  CAN1  260       [8]  00 FF FF 70 00 00 5F 00
17:04:54.586  CAN1  2A0       [8]  00 00 00 00 00 00 00 00
17:04:54.586  CAN1  329       [8]  0F FF 80 92 12 FF FF 10
17:04:54.586  CAN1  545       [8]  DF 00 00 7C E5 04 80 06
17:04:54.633  CAN1  316       [8]  83 D0 00 00 FF 3E 00 7F
17:04:54.633  CAN1  260       [8]  00 FF FF 70 00 00 5F 00
17:04:54.633  CAN1  0A0       [8]  00 00 00 00 00 00 00 00
17:04:54.633  CAN1  0A1       [8]  80 80 00 00 00 00 00 00
17:04:54.633  CAN1  18F       [8]  00 00 00 FF 00 78 00 00
17:04:54.633  CAN1  2A0       [8]  00 00 00 00 00 00 00 00
17:04:54.633  CAN1  329       [8]  0F FF 80 92 12 FF FF 10
17:04:54.633  CAN1  545       [8]  DF 00 00 7C E5 04 80 06
17:04:54.633  CAN1  316       [8]  83 D0 00 00 FF 3E 00 7F
17:04:54.633  CAN1  260       [8]  00 FF FF 70 00 00 5F 00
17:04:54.633  CAN1  0A0       [8]  00 00 00 00 00 00 00 00
17:04:54.633  CAN1  0A1       [8]  80 80 00 00 00 00 00 00
17:04:54.633  CAN1  18F       [8]  00 00 00 FF 00 78 00 00
17:04:54.633  CAN1  2A0       [8]  00 00 00 00 00 00 00 00
17:04:54.633  CAN1  329       [8]  0F FF 80 92 12 FF FF 10
17:04:54.633  CAN1  545       [8]  DF 00 00 7C E5 04 80 06
17:04:54.633  CAN1  316       [8]  83 D0 00 00 FF 3E 00 7F
17:04:54.633  CAN1  18F       [8]  00 00 00 FF 00 78 00 00
17:04:54.633  CAN1  0A0       [8]  00 00 00 00 00 00 00 00
17:04:54.633  CAN1  0A1       [8]  80 80 00 00 00 00 00 00
17:04:54.633  CAN1  260       [8]  00 FF FF 70 00 00 5F 00
17:04:54.633  CAN1  2A0       [8]  00 00 00 00 00 00 00 00
17:04:54.633  CAN1  329       [8]  0F FF 80 92 12 FF FF 10
17:04:54.633  CAN1  545       [8]  DF 00 00 7C E5 04 80 06
17:04:54.633  CAN1  316       [8]  83 D0 00 00 FF 3E 00 7F
17:04:54.633  CAN1  260       [8]  00 FF FF 70 00 00 5F 00
17:04:54.633  CAN1  0A0       [8]  00 00 00 00 00 00 00 00
17:04:54.633  CAN1  0A1       [8]  80 80 00 00 00 00 00 00
17:04:54.633  CAN1  18F       [8]  00 00 00 FF 00 78 00 00
17:04:54.633  CAN1  2A0       [8]  00 00 00 00 00 00 00 00
17:04:54.633  CAN1  329       [8]  0F FF 80 92 12 FF FF 10
17:04:54.633  CAN1  545       [8]  DF 00 00 7C E5 04 80 06
17:04:54.669  CAN1  316       [8]  83 D0 00 00 FF 3E 00 7F
17:04:54.669  CAN1  260       [8]  00 FF FF 70 00 00 5F 00
17:04:54.669  CAN1  0A0       [8]  00 00 00 00 00 00 00 00
17:04:54.669  CAN1  0A1       [8]  80 80 00 00 00 00 00 00
17:04:54.669  CAN1  18F       [8]  00 00 00 FF 00 78 00 00
17:04:54.669  CAN1  2A0       [8]  00 00 00 00 00 00 00 00
17:04:54.669  CAN1  329       [8]  0F FF 80 92 12 FF FF 10
17:04:54.669  CAN1  545       [8]  DF 00 00 7C E5 04 80 06
17:04:54.669  CAN1  316       [8]  83 D0 00 00 FF 3E 00 7F
17:04:54.669  CAN1  0A0       [8]  00 00 00 00 00 00 00 00
17:04:54.669  CAN1  0A1       [8]  80 80 00 00 00 00 00 00
17:04:54.669  CAN1  18F       [8]  00 00 00 FF 00 78 00 00
17:04:54.669  CAN1  260       [8]  00 FF FF 70 00 00 5F 00
17:04:54.669  CAN1  2A0       [8]  00 00 00 00 00 00 00 00
17:04:54.669  CAN1  329       [8]  4F FF 80 92 12 FF FF 10
17:04:54.669  CAN1  545       [8]  DF 00 00 7C E5 04 80 06
17:04:54.669  CAN1  316       [8]  83 D0 00 00 FF 3E 00 7F
17:04:54.669  CAN1  18F       [8]  00 00 00 FF 00 78 00 00
17:04:54.669  CAN1  0A0       [8]  00 00 00 00 00 00 00 00
17:04:54.669  CAN1  0A1       [8]  80 80 00 00 00 00 00 00
17:04:54.669  CAN1  260       [8]  00 FF FF 70 00 00 5F 00
17:04:54.669  CAN1  2A0       [8]  00 00 00 00 00 00 00 00
17:04:54.669  CAN1  329       [8]  4F FF 80 92 12 FF FF 10
17:04:54.669  CAN1  545       [8]  DF 00 00 7C E5 04 80 06
17:04:54.669  CAN1  316       [8]  83 D0 00 00 FF 3E 00 7F
17:04:54.669  CAN1  18F       [8]  00 00 00 FF 00 78 00 00
17:04:54.669  CAN1  0A0       [8]  00 00 00 00 00 00 00 00
17:04:54.669  CAN1  0A1       [8]  80 80 00 00 00 00 00 00
17:04:54.669  CAN1  260       [8]  00 FF FF 70 00 00 5F 00
17:04:54.669  CAN1  2A0       [8]  00 00 00 00 00 00 00 00
17:04:54.669  CAN1  329       [8]  4F FF 80 92 12 FF FF 10
17:04:54.669  CAN1  545       [8]  DF 00 00 7C E5 04 80 06
17:04:54.706  CAN1  316       [8]  83 D0 00 00 FF 3E 00 7F
17:04:54.706  CAN1  260       [8]  00 FF FF 70 00 00 5F 00
17:04:54.706  CAN1  0A0       [8]  00 00 00 00 00 00 00 00
17:04:54.706  CAN1  0A1       [8]  80 80 00 00 00 00 00 00
17:04:54.706  CAN1  18F       [8]  00 00 00 FF 00 78 00 00
17:04:54.706  CAN1  2A0       [8]  00 00 00 00 00 00 00 00
17:04:54.706  CAN1  329       [8]  4F FF 80 92 12 FF FF 10
17:04:54.706  CAN1  545       [8]  DF 00 00 7C E5 04 80 06
17:04:54.706  CAN1  316       [8]  83 D0 00 00 FF 3E 00 7F
17:04:54.706  CAN1  260       [8]  00 FF FF 70 00 00 5F 00
17:04:54.706  CAN1  0A0       [8]  00 00 00 00 00 00 00 00
17:04:54.706  CAN1  0A1       [8]  80 80 00 00 00 00 00 00
17:04:54.706  CAN1  18F       [8]  00 00 00 FF 00 78 00 00
17:04:54.706  CAN1  2A0       [8]  00 00 00 00 00 00 00 00
17:04:54.706  CAN1  329       [8]  4F FF 80 92 12 FF FF 10
17:04:54.706  CAN1  545       [8]  DF 00 00 7C E5 04 80 06
17:04:54.706  CAN1  316       [8]  83 D0 00 00 FF 3E 00 7F
17:04:54.706  CAN1  260       [8]  00 FF FF 70 00 00 5F 00
17:04:54.706  CAN1  0A0       [8]  00 00 00 00 00 00 00 00
17:04:54.706  CAN1  0A1       [8]  80 80 00 00 00 00 00 00
17:04:54.706  CAN1  18F       [8]  00 00 00 FF 00 78 00 00
17:04:54.706  CAN1  2A0       [8]  00 00 00 00 00 00 00 00
17:04:54.706  CAN1  329       [8]  4F FF 80 92 12 FF FF 10
17:04:54.706  CAN1  545       [8]  DF 00 00 7C E5 04 80 06
17:04:54.706  CAN1  316       [8]  83 D0 00 00 FF 3E 00 7F
17:04:54.706  CAN1  260       [8]  00 FF FF 70 00 00 5F 00
17:04:54.706  CAN1  0A0       [8]  00 00 00 00 00 00 00 00
17:04:54.706  CAN1  0A1       [8]  80 80 00 00 00 00 00 00
17:04:54.706  CAN1  18F       [8]  00 00 00 FF 00 78 00 00
17:04:54.706  CAN1  2A0       [8]  00 00 00 00 00 00 00 00
17:04:54.706  CAN1  329       [8]  4F FF 80 92 12 FF FF 10
17:04:54.706  CAN1  545       [8]  DF 00 00 7C E5 04 80 06
17:04:54.755  CAN1  316       [8]  83 D0 00 00 FF 3E 00 7F
17:04:54.755  CAN1  260       [8]  00 FF FF 70 00 00 5F 00
17:04:54.755  CAN1  0A0       [8]  00 00 00 00 00 00 00 00
17:04:54.755  CAN1  0A1       [8]  80 80 00 00 00 00 00 00
17:04:54.755  CAN1  18F       [8]  00 00 00 FF 00 78 00 00
17:04:54.755  CAN1  2A0       [8]  00 00 00 00 00 00 00 00
17:04:54.755  CAN1  329       [8]  80 FF 80 92 12 FF FF 10
17:04:54.755  CAN1  545       [8]  DF 00 00 7C E5 04 80 06
17:04:54.755  CAN1  316       [8]  83 D0 00 00 FF 3E 00 7F
17:04:54.755  CAN1  260       [8]  00 FF FF 70 00 00 5F 00
17:04:54.755  CAN1  0A0       [8]  00 00 00 00 00 00 00 00
17:04:54.755  CAN1  0A1       [8]  80 80 00 00 00 00 00 00
17:04:54.755  CAN1  18F       [8]  00 00 00 FF 00 78 00 00
17:04:54.755  CAN1  2A0       [8]  00 00 00 00 00 00 00 00
17:04:54.755  CAN1  329       [8]  80 FF 80 92 12 FF FF 10
17:04:54.755  CAN1  545       [8]  DF 00 00 7C E5 04 80 06
17:04:54.755  CAN1  316       [8]  83 D0 00 00 FF 3E 00 7F
17:04:54.755  CAN1  260       [8]  00 FF FF 70 00 00 5F 00
17:04:54.755  CAN1  0A0       [8]  00 00 00 00 00 00 00 00
17:04:54.755  CAN1  0A1       [8]  80 80 00 00 00 00 00 00
17:04:54.755  CAN1  18F       [8]  00 00 00 FF 00 78 00 00
17:04:54.755  CAN1  2A0       [8]  00 00 00 00 00 00 00 00
17:04:54.755  CAN1  329       [8]  80 FF 80 92 12 FF FF 10
17:04:54.755  CAN1  545       [8]  DF 00 00 7C E5 04 80 06
17:04:54.755  CAN1  316       [8]  83 D0 00 00 FF 3E 00 7F
17:04:54.755  CAN1  18F       [8]  00 00 00 FF 00 78 00 00
17:04:54.755  CAN1  0A0       [8]  00 00 00 00 00 00 00 00
17:04:54.755  CAN1  0A1       [8]  80 80 00 00 00 00 00 00
17:04:54.755  CAN1  260       [8]  00 FF FF 70 00 00 5F 00
17:04:54.755  CAN1  2A0       [8]  00 00 00 00 00 00 00 00
17:04:54.755  CAN1  329       [8]  80 FF 80 92 12 FF FF 10
17:04:54.755  CAN1  545       [8]  DF 00 00 7C E5 04 80 06
17:04:54.791  CAN1  316       [8]  83 D0 00 00 FF 3E 00 7F
17:04:54.791  CAN1  0A0       [8]  00 00 00 00 00 00 00 00
17:04:54.791  CAN1  0A1       [8]  80 80 00 00 00 00 00 00
17:04:54.791  CAN1  18F       [8]  00 00 00 FF 00 78 00 00
17:04:54.791  CAN1  260       [8]  00 FF FF 70 00 00 5F 00
17:04:54.791  CAN1  2A0       [8]  00 00 00 00 00 00 00 00
17:04:54.791  CAN1  329       [8]  80 FF 80 92 12 FF FF 10
17:04:54.791  CAN1  545       [8]  DF 00 00 7C E5 04 80 06
17:04:54.791  CAN1  316       [8]  83 D0 00 00 FF 3E 00 7F
17:04:54.791  CAN1  18F       [8]  00 00 00 FF 00 78 00 00
17:04:54.791  CAN1  0A0       [8]  00 00 00 00 00 00 00 00
17:04:54.791  CAN1  0A1       [8]  80 80 00 00 00 00 00 00
17:04:54.791  CAN1  260       [8]  00 FF FF 70 00 00 5F 00
17:04:54.791  CAN1  2A0       [8]  00 00 00 00 00 00 00 00
17:04:54.791  CAN1  329       [8]  80 FF 80 92 12 FF FF 10
17:04:54.791  CAN1  545       [8]  DF 00 00 7C E5 04 80 06
17:04:54.791  CAN1  316       [8]  83 D0 00 00 FF 3E 00 7F
17:04:54.791  CAN1  260       [8]  00 FF FF 70 00 00 5F 00
17:04:54.791  CAN1  0A0       [8]  00 00 00 00 00 00 00 00
17:04:54.791  CAN1  0A1       [8]  80 80 00 00 00 00 00 00
17:04:54.791  CAN1  18F       [8]  00 00 00 FF 00 78 00 00
17:04:54.791  CAN1  2A0       [8]  00 00 00 00 00 00 00 00
17:04:54.791  CAN1  329       [8]  80 FF 80 92 12 FF FF 10
17:04:54.791  CAN1  545       [8]  DF 00 00 7C E5 04 80 06
17:04:54.791  CAN1  316       [8]  83 D0 00 00 FF 3E 00 7F
17:04:54.791  CAN1  260       [8]  00 FF FF 70 00 00 5F 00
17:04:54.791  CAN1  0A0       [8]  00 00 00 00 00 00 00 00
17:04:54.791  CAN1  0A1       [8]  80 80 00 00 00 00 00 00
17:04:54.791  CAN1  18F       [8]  00 00 00 FF 00 78 00 00
17:04:54.791  CAN1  2A0       [8]  00 00 00 00 00 00 00 00
17:04:54.791  CAN1  329       [8]  D6 FF 80 92 12 FF FF 10
17:04:54.791  CAN1  545       [8]  DF 00 00 7C E5 04 80 06
17:04:54.827  CAN1  316       [8]  83 D0 00 00 FF 3E 00 7F
17:04:54.827  CAN1  260       [8]  00 FF FF 70 00 00 5F 00
17:04:54.827  CAN1  0A0       [8]  00 00 00 00 00 00 00 00
17:04:54.827  CAN1  0A1       [8]  80 80 00 00 00 00 00 00
17:04:54.827  CAN1  18F       [8]  00 00 00 FF 00 78 00 00
17:04:54.827  CAN1  2A0       [8]  00 00 00 00 00 00 00 00
17:04:54.827  CAN1  329       [8]  D6 FF 80 92 12 FF FF 10
17:04:54.827  CAN1  545       [8]  DF 00 00 7C E5 04 80 06
17:04:54.827  CAN1  316       [8]  83 D0 00 00 FF 3E 00 7F
17:04:54.827  CAN1  260       [8]  00 FF FF 70 00 00 5F 00
17:04:54.827  CAN1  0A0       [8]  00 00 00 00 00 00 00 00
17:04:54.827  CAN1  0A1       [8]  80 80 00 00 00 00 00 00
17:04:54.827  CAN1  18F       [8]  00 00 00 FF 00 78 00 00
17:04:54.827  CAN1  2A0       [8]  00 00 00 00 00 00 00 00
17:04:54.827  CAN1  329       [8]  D6 FF 80 92 12 FF FF 10
17:04:54.827  CAN1  545       [8]  DF 00 00 7C E5 04 80 06
17:04:54.827  CAN1  316       [8]  83 D0 00 00 FF 3E 00 7F
17:04:54.827  CAN1  260       [8]  00 FF FF 70 00 00 5F 00
17:04:54.827  CAN1  0A0       [8]  00 00 00 00 00 00 00 00
17:04:54.827  CAN1  0A1       [8]  80 80 00 00 00 00 00 00
17:04:54.827  CAN1  18F       [8]  00 00 00 FF 00 78 00 00
17:04:54.827  CAN1  2A0       [8]  00 00 00 00 00 00 00 00
17:04:54.827  CAN1  329       [8]  D6 FF 80 92 12 FF FF 10
17:04:54.827  CAN1  545       [8]  DF 00 00 7C E5 04 80 06
17:04:54.827  CAN1  316       [8]  83 D0 00 00 FF 3E 00 7F
17:04:54.827  CAN1  260       [8]  00 FF FF 70 00 00 5F 00
17:04:54.827  CAN1  0A0       [8]  00 00 00 00 00 00 00 00
17:04:54.827  CAN1  0A1       [8]  80 80 00 00 00 00 00 00
17:04:54.827  CAN1  18F       [8]  00 00 00 FF 00 78 00 00
17:04:54.827  CAN1  2A0       [8]  00 00 00 00 00 00 00 00
17:04:54.827  CAN1  329       [8]  D6 FF 80 92 12 FF FF 10
17:04:54.827  CAN1  545       [8]  DF 00 00 7C E5 04 80 06
17:04:54.875  CAN1  316       [8]  83 D0 00 00 FF 3E 00 7F
17:04:54.875  CAN1  260       [8]  00 FF FF 70 00 00 5F 00
17:04:54.875  CAN1  0A0       [8]  00 00 00 00 00 00 00 00
17:04:54.875  CAN1  0A1       [8]  80 80 00 00 00 00 00 00
17:04:54.875  CAN1  18F       [8]  00 00 00 FF 00 78 00 00
17:04:54.875  CAN1  2A0       [8]  00 00 00 00 00 00 00 00
17:04:54.875  CAN1  329       [8]  D6 FF 80 92 12 FF FF 10
17:04:54.875  CAN1  545       [8]  DF 00 00 7C E5 04 80 06
17:04:54.875  CAN1  316       [8]  83 D0 00 00 FF 3E 00 7F
17:04:54.875  CAN1  0A0       [8]  00 00 00 00 00 00 00 00
17:04:54.875  CAN1  0A1       [8]  80 80 00 00 00 00 00 00
17:04:54.875  CAN1  18F       [8]  00 00 00 FF 00 78 00 00
17:04:54.875  CAN1  260       [8]  00 FF FF 70 00 00 5F 00
17:04:54.875  CAN1  2A0       [8]  00 00 00 00 00 00 00 00
17:04:54.875  CAN1  329       [8]  D6 FF 80 92 12 FF FF 10
17:04:54.875  CAN1  545       [8]  DF 00 00 7C E5 04 80 06
17:04:54.875  CAN1  316       [8]  83 D0 00 00 FF 3E 00 7F
17:04:54.875  CAN1  260       [8]  00 FF FF 70 00 00 5F 00
17:04:54.875  CAN1  0A0       [8]  00 00 00 00 00 00 00 00
17:04:54.875  CAN1  0A1       [8]  80 80 00 00 00 00 00 00
17:04:54.875  CAN1  18F       [8]  00 00 00 FF 00 78 00 00
17:04:54.875  CAN1  2A0       [8]  00 00 00 00 00 00 00 00
17:04:54.875  CAN1  329       [8]  D6 FF 80 92 12 FF FF 10
17:04:54.875  CAN1  545       [8]  DF 00 00 7C E5 04 80 06
17:04:54.875  CAN1  316       [8]  83 D0 00 00 FF 3E 00 7F
17:04:54.875  CAN1  0A0       [8]  00 00 00 00 00 00 00 00
17:04:54.875  CAN1  0A1       [8]  80 80 00 00 00 00 00 00
17:04:54.875  CAN1  18F       [8]  00 00 00 FF 00 78 00 00
17:04:54.875  CAN1  260       [8]  00 FF FF 70 00 00 5F 00
17:04:54.875  CAN1  2A0       [8]  00 00 00 00 00 00 00 00
17:04:54.875  CAN1  329       [8]  0F FF 80 92 12 FF FF 10
17:04:54.875  CAN1  545       [8]  DF 00 00 7C E5 04 80 06
17:04:54.911  CAN1  316       [8]  83 D0 00 00 FF 3E 00 7F
17:04:54.911  CAN1  260       [8]  00 FF FF 70 00 00 5F 00
17:04:54.911  CAN1  0A0       [8]  00 00 00 00 00 00 00 00
17:04:54.911  CAN1  0A1       [8]  80 80 00 00 00 00 00 00
17:04:54.911  CAN1  18F       [8]  00 00 00 FF 00 78 00 00
17:04:54.911  CAN1  2A0       [8]  00 00 00 00 00 00 00 00
17:04:54.911  CAN1  329       [8]  0F FF 80 92 12 FF FF 10
17:04:54.911  CAN1  545       [8]  DF 00 00 7C E5 04 80 06
17:04:54.911  CAN1  316       [8]  83 D0 00 00 FF 3E 00 7F
17:04:54.911  CAN1  260       [8]  00 FF FF 70 00 00 5F 00
17:04:54.911  CAN1  0A0       [8]  00 00 00 00 00 00 00 00
17:04:54.911  CAN1  0A1       [8]  80 80 00 00 00 00 00 00
17:04:54.911  CAN1  18F       [8]  00 00 00 FF 00 78 00 00
17:04:54.911  CAN1  2A0       [8]  00 00 00 00 00 00 00 00
17:04:54.911  CAN1  329       [8]  0F FF 80 92 12 FF FF 10
17:04:54.911  CAN1  545       [8]  DF 00 00 7C E5 04 80 06
17:04:54.911  CAN1  316       [8]  83 D0 00 00 FF 3E 00 7F
17:04:54.911  CAN1  260       [8]  00 FF FF 70 00 00 5F 00
17:04:54.911  CAN1  0A0       [8]  00 00 00 00 00 00 00 00
17:04:54.911  CAN1  0A1       [8]  80 80 00 00 00 00 00 00
17:04:54.911  CAN1  18F       [8]  00 00 00 FF 00 78 00 00
17:04:54.911  CAN1  2A0       [8]  00 00 00 00 00 00 00 00
17:04:54.911  CAN1  329       [8]  0F FF 80 92 12 FF FF 10
17:04:54.911  CAN1  545       [8]  DF 00 00 7C E5 04 80 06
17:04:54.911  CAN1  316       [8]  83 D0 00 00 FF 3E 00 7F
17:04:54.911  CAN1  260       [8]  00 FF FF 70 00 00 5F 00
17:04:54.911  CAN1  0A0       [8]  00 00 00 00 00 00 00 00
17:04:54.911  CAN1  0A1       [8]  80 80 00 00 00 00 00 00
17:04:54.911  CAN1  18F       [8]  00 00 00 FF 00 78 00 00
17:04:54.911  CAN1  2A0       [8]  00 00 00 00 00 00 00 00
17:04:54.911  CAN1  329       [8]  0F FF 80 92 12 FF FF 10
17:04:54.911  CAN1  545       [8]  DF 00 00 7C E5 04 80 06
17:04:54.947  CAN1  316       [8]  83 D0 00 00 FF 3E 00 7F
17:04:54.947  CAN1  260       [8]  00 FF FF 70 00 00 5F 00
17:04:54.947  CAN1  0A0       [8]  00 00 00 00 00 00 00 00
17:04:54.947  CAN1  0A1       [8]  80 80 00 00 00 00 00 00
17:04:54.947  CAN1  18F       [8]  00 00 00 FF 00 78 00 00
17:04:54.947  CAN1  2A0       [8]  00 00 00 00 00 00 00 00
17:04:54.947  CAN1  329       [8]  0F FF 80 92 12 FF FF 10
17:04:54.947  CAN1  545       [8]  DF 00 00 7C E5 04 80 06
17:04:54.947  CAN1  316       [8]  83 D0 00 00 FF 3E 00 7F
17:04:54.947  CAN1  260       [8]  00 FF FF 70 00 00 5F 00
17:04:54.947  CAN1  0A0       [8]  00 00 00 00 00 00 00 00
17:04:54.947  CAN1  0A1       [8]  80 80 00 00 00 00 00 00
17:04:54.947  CAN1  18F       [8]  00 00 00 FF 00 78 00 00
17:04:54.947  CAN1  2A0       [8]  00 00 00 00 00 00 00 00
17:04:54.947  CAN1  329       [8]  0F FF 80 92 12 FF FF 10
17:04:54.947  CAN1  545       [8]  DF 00 00 7C E5 04 80 06
17:04:54.947  CAN1  316       [8]  83 D0 00 00 FF 3E 00 7F
17:04:54.947  CAN1  260       [8]  00 FF FF 70 00 00 5F 00
17:04:54.947  CAN1  0A0       [8]  00 00 00 00 00 00 00 00
17:04:54.947  CAN1  0A1       [8]  80 80 00 00 00 00 00 00
17:04:54.947  CAN1  18F       [8]  00 00 00 FF 00 78 00 00
17:04:54.947  CAN1  2A0       [8]  00 00 00 00 00 00 00 00
17:04:54.947  CAN1  329       [8]  4F FF 80 92 12 FF FF 10
17:04:54.947  CAN1  545       [8]  DF 00 00 7C E5 04 80 06
17:04:54.947  CAN1  316       [8]  83 D0 00 00 FF 3E 00 7F
17:04:54.947  CAN1  18F       [8]  00 00 00 FF 00 78 00 00
17:04:54.947  CAN1  0A0       [8]  00 00 00 00 00 00 00 00
17:04:54.947  CAN1  0A1       [8]  80 80 00 00 00 00 00 00
17:04:54.947  CAN1  260       [8]  00 FF FF 70 00 00 5F 00
17:04:54.947  CAN1  2A0       [8]  00 00 00 00 00 00 00 00
17:04:54.947  CAN1  329       [8]  4F FF 80 92 12 FF FF 10
17:04:54.947  CAN1  545       [8]  DF 00 00 7C E5 04 80 06
17:04:54.993  CAN1  316       [8]  83 D0 00 00 FF 3E 00 7F
17:04:54.993  CAN1  260       [8]  00 FF FF 70 00 00 5F 00
17:04:54.993  CAN1  0A0       [8]  00 00 00 00 00 00 00 00
17:04:54.993  CAN1  0A1       [8]  80 80 00 00 00 00 00 00
17:04:54.993  CAN1  18F       [8]  00 00 00 FF 00 78 00 00
17:04:54.993  CAN1  2A0       [8]  00 00 00 00 00 00 00 00
17:04:54.993  CAN1  329       [8]  4F FF 80 92 12 FF FF 10
17:04:54.993  CAN1  545       [8]  DF 00 00 7C E5 04 80 06
17:04:54.993  CAN1  316       [8]  83 D0 00 00 FF 3E 00 7F
17:04:54.993  CAN1  18F       [8]  00 00 00 FF 00 78 00 00
17:04:54.993  CAN1  0A0       [8]  00 00 00 00 00 00 00 00
17:04:54.993  CAN1  0A1       [8]  80 80 00 00 00 00 00 00
17:04:54.993  CAN1  260       [8]  00 FF FF 70 00 00 5F 00
17:04:54.993  CAN1  2A0       [8]  00 00 00 00 00 00 00 00
17:04:54.993  CAN1  329       [8]  4F FF 80 92 12 FF FF 10
17:04:54.993  CAN1  545       [8]  DF 00 00 7C E5 04 80 06
17:04:54.993  CAN1  316       [8]  83 D0 00 00 FF 3E 00 7F
17:04:54.993  CAN1  260       [8]  00 FF FF 70 00 00 5F 00
17:04:54.993  CAN1  0A0       [8]  00 00 00 00 00 00 00 00
17:04:54.993  CAN1  0A1       [8]  80 80 00 00 00 00 00 00
17:04:54.993  CAN1  18F       [8]  00 00 00 FF 00 78 00 00
17:04:54.993  CAN1  2A0       [8]  00 00 00 00 00 00 00 00
17:04:54.993  CAN1  329       [8]  4F FF 80 92 12 FF FF 10
17:04:54.993  CAN1  545       [8]  DF 00 00 7C E5 04 80 06
17:04:54.993  CAN1  316       [8]  83 D0 00 00 FF 3E 00 7F
17:04:54.993  CAN1  260       [8]  00 FF FF 70 00 00 5F 00
17:04:54.993  CAN1  0A0       [8]  00 00 00 00 00 00 00 00
17:04:54.993  CAN1  0A1       [8]  80 80 00 00 00 00 00 00
17:04:54.993  CAN1  18F       [8]  00 00 00 FF 00 78 00 00
17:04:54.993  CAN1  2A0       [8]  00 00 00 00 00 00 00 00
17:04:54.993  CAN1  329       [8]  4F FF 80 92 12 FF FF 10
17:04:54.993  CAN1  545       [8]  DF 00 00 7C E5 04 80 06
17:04:55.029  CAN1  316       [8]  83 D0 00 00 FF 3E 00 7F
17:04:55.029  CAN1  260       [8]  00 FF FF 70 00 00 5F 00
17:04:55.029  CAN1  0A0       [8]  00 00 00 00 00 00 00 00
17:04:55.029  CAN1  0A1       [8]  80 80 00 00 00 00 00 00
17:04:55.029  CAN1  18F       [8]  00 00 00 FF 00 78 00 00
17:04:55.029  CAN1  2A0       [8]  00 00 00 00 00 00 00 00
17:04:55.029  CAN1  329       [8]  4F FF 80 92 12 FF FF 10
17:04:55.029  CAN1  545       [8]  DF 00 00 7C E5 04 80 06
17:04:55.029  CAN1  316       [8]  83 D0 00 00 FF 3E 00 7F
17:04:55.029  CAN1  260       [8]  00 FF FF 70 00 00 5F 00
17:04:55.029  CAN1  0A0       [8]  00 00 00 00 00 00 00 00
17:04:55.029  CAN1  0A1       [8]  80 80 00 00 00 00 00 00
17:04:55.029  CAN1  18F       [8]  00 00 00 FF 00 78 00 00
17:04:55.029  CAN1  2A0       [8]  00 00 00 00 00 00 00 00
17:04:55.029  CAN1  329       [8]  80 FF 80 92 12 FF FF 10
17:04:55.029  CAN1  545       [8]  DF 00 00 7C E5 04 80 06
17:04:55.029  CAN1  316       [8]  83 D0 00 00 FF 3E 00 7F
17:04:55.029  CAN1  260       [8]  00 FF FF 70 00 00 5F 00
17:04:55.029  CAN1  0A0       [8]  00 00 00 00 00 00 00 00
17:04:55.029  CAN1  0A1       [8]  80 80 00 00 00 00 00 00
17:04:55.029  CAN1  18F       [8]  00 00 00 FF 00 78 00 00
17:04:55.029  CAN1  2A0       [8]  00 00 00 00 00 00 00 00
17:04:55.029  CAN1  329       [8]  80 FF 80 92 12 FF FF 10
17:04:55.029  CAN1  545       [8]  DF 00 00 7C E5 04 80 06
17:04:55.029  CAN1  316       [8]  83 D0 00 00 FF 3E 00 7F
17:04:55.029  CAN1  260       [8]  00 FF FF 70 00 00 5F 00
17:04:55.029  CAN1  0A0       [8]  00 00 00 00 00 00 00 00
17:04:55.029  CAN1  0A1       [8]  80 80 00 00 00 00 00 00
17:04:55.029  CAN1  18F       [8]  00 00 00 FF 00 78 00 00
17:04:55.029  CAN1  2A0       [8]  00 00 00 00 00 00 00 00
17:04:55.029  CAN1  329       [8]  80 FF 80 92 12 FF FF 10
17:04:55.029  CAN1  545       [8]  DF 00 00 7C E5 04 80 06
17:04:55.068  CAN1  316       [8]  83 D0 00 00 FF 3E 00 7F
17:04:55.068  CAN1  260       [8]  00 FF FF 70 00 00 5F 00
17:04:55.068  CAN1  0A0       [8]  00 00 00 00 00 00 00 00
17:04:55.068  CAN1  0A1       [8]  80 80 00 00 00 00 00 00
17:04:55.068  CAN1  18F       [8]  00 00 00 FF 00 78 00 00
17:04:55.068  CAN1  2A0       [8]  00 00 00 00 00 00 00 00
17:04:55.068  CAN1  329       [8]  80 FF 80 92 12 FF FF 10
17:04:55.068  CAN1  545       [8]  DF 00 00 7C E5 04 80 06
17:04:55.068  CAN1  316       [8]  83 D0 00 00 FF 3E 00 7F
17:04:55.068  CAN1  0A0       [8]  00 00 00 00 00 00 00 00
17:04:55.068  CAN1  0A1       [8]  80 80 00 00 00 00 00 00
17:04:55.068  CAN1  18F       [8]  00 00 00 FF 00 78 00 00
17:04:55.068  CAN1  260       [8]  00 FF FF 70 00 00 5F 00
17:04:55.068  CAN1  2A0       [8]  00 00 00 00 00 00 00 00
17:04:55.068  CAN1  329       [8]  80 FF 80 92 12 FF FF 10
17:04:55.068  CAN1  545       [8]  DF 00 00 7C E5 04 80 06
17:04:55.068  CAN1  316       [8]  83 D0 00 00 FF 3E 00 7F
17:04:55.068  CAN1  260       [8]  00 FF FF 70 00 00 5F 00
17:04:55.068  CAN1  0A0       [8]  00 00 00 00 00 00 00 00
17:04:55.068  CAN1  0A1       [8]  80 80 00 00 00 00 00 00
17:04:55.068  CAN1  18F       [8]  00 00 00 FF 00 78 00 00
17:04:55.068  CAN1  2A0       [8]  00 00 00 00 00 00 00 00
17:04:55.068  CAN1  329       [8]  80 FF 80 92 12 FF FF 10
17:04:55.068  CAN1  545       [8]  DF 00 00 7C E5 04 80 06
17:04:55.068  CAN1  316       [8]  83 D0 00 00 FF 3E 00 7F
17:04:55.068  CAN1  0A0       [8]  00 00 00 00 00 00 00 00
17:04:55.068  CAN1  0A1       [8]  80 80 00 00 00 00 00 00
17:04:55.068  CAN1  18F       [8]  00 00 00 FF 00 78 00 00
17:04:55.068  CAN1  260       [8]  00 FF FF 70 00 00 5F 00
17:04:55.068  CAN1  2A0       [8]  00 00 00 00 00 00 00 00
17:04:55.068  CAN1  329       [8]  80 FF 80 92 12 FF FF 10
17:04:55.068  CAN1  545       [8]  DF 00 00 7C E5 04 80 06
17:04:55.115  CAN1  316       [8]  83 D0 00 00 FF 3E 00 7F
17:04:55.115  CAN1  260       [8]  00 FF FF 70 00 00 5F 00
17:04:55.115  CAN1  0A0       [8]  00 00 00 00 00 00 00 00
17:04:55.115  CAN1  0A1       [8]  80 80 00 00 00 00 00 00
17:04:55.115  CAN1  18F       [8]  00 00 00 FF 00 78 00 00
17:04:55.115  CAN1  2A0       [8]  00 00 00 00 00 00 00 00
17:04:55.115  CAN1  329       [8]  D6 FF 80 92 12 FF FF 10
17:04:55.115  CAN1  545       [8]  DF 00 00 7C E5 04 80 06
17:04:55.115  CAN1  316       [8]  83 D0 00 00 FF 3E 00 7F
17:04:55.115  CAN1  260       [8]  00 FF FF 70 00 00 5F 00
17:04:55.115  CAN1  0A0       [8]  00 00 00 00 00 00 00 00
17:04:55.115  CAN1  0A1       [8]  80 80 00 00 00 00 00 00
17:04:55.115  CAN1  18F       [8]  00 00 00 FF 00 78 00 00
17:04:55.115  CAN1  2A0       [8]  00 00 00 00 00 00 00 00
17:04:55.115  CAN1  329       [8]  D6 FF 80 92 12 FF FF 10
17:04:55.115  CAN1  545       [8]  DF 00 00 7C E5 04 80 06
17:04:55.115  CAN1  316       [8]  83 D0 00 00 FF 3E 00 7F
17:04:55.115  CAN1  260       [8]  00 FF FF 70 00 00 5F 00
17:04:55.115  CAN1  0A0       [8]  00 00 00 00 00 00 00 00
17:04:55.115  CAN1  0A1       [8]  80 80 00 00 00 00 00 00
17:04:55.115  CAN1  18F       [8]  00 00 00 FF 00 78 00 00
17:04:55.115  CAN1  2A0       [8]  00 00 00 00 00 00 00 00
17:04:55.115  CAN1  329       [8]  D6 FF 80 92 12 FF FF 10
17:04:55.115  CAN1  545       [8]  DF 00 00 7C E5 04 80 06
17:04:55.115  CAN1  316       [8]  83 D0 00 00 FF 3E 00 7F
17:04:55.115  CAN1  260       [8]  00 FF FF 70 00 00 5F 00
17:04:55.115  CAN1  0A0       [8]  00 00 00 00 00 00 00 00
17:04:55.115  CAN1  0A1       [8]  80 80 00 00 00 00 00 00
17:04:55.115  CAN1  18F       [8]  00 00 00 FF 00 78 00 00
17:04:55.115  CAN1  2A0       [8]  00 00 00 00 00 00 00 00
17:04:55.115  CAN1  329       [8]  D6 FF 80 92 12 FF FF 10
17:04:55.115  CAN1  545       [8]  DF 00 00 7C E5 04 80 06
17:04:55.151  CAN1  316       [8]  83 D0 00 00 FF 3E 00 7F
17:04:55.151  CAN1  260       [8]  00 FF FF 70 00 00 5F 00
17:04:55.151  CAN1  0A0       [8]  00 00 00 00 00 00 00 00
17:04:55.151  CAN1  0A1       [8]  80 80 00 00 00 00 00 00
17:04:55.151  CAN1  18F       [8]  00 00 00 FF 00 78 00 00
17:04:55.151  CAN1  2A0       [8]  00 00 00 00 00 00 00 00
17:04:55.151  CAN1  329       [8]  D6 FF 80 92 12 FF FF 10
17:04:55.151  CAN1  545       [8]  DF 00 00 7C E5 04 80 06
17:04:55.151  CAN1  316       [8]  83 D0 00 00 FF 3E 00 7F
17:04:55.151  CAN1  260       [8]  00 FF FF 70 00 00 5F 00
17:04:55.151  CAN1  0A0       [8]  00 00 00 00 00 00 00 00
17:04:55.151  CAN1  0A1       [8]  80 80 00 00 00 00 00 00
17:04:55.151  CAN1  18F       [8]  00 00 00 FF 00 78 00 00
17:04:55.151  CAN1  2A0       [8]  00 00 00 00 00 00 00 00
17:04:55.151  CAN1  329       [8]  D6 FF 80 92 12 FF FF 10
17:04:55.151  CAN1  545       [8]  DF 00 00 7C E5 04 80 06
17:04:55.151  CAN1  316       [8]  83 D0 00 00 FF 3E 00 7F
17:04:55.151  CAN1  260       [8]  00 FF FF 70 00 00 5F 00
17:04:55.151  CAN1  0A0       [8]  00 00 00 00 00 00 00 00
17:04:55.151  CAN1  0A1       [8]  80 80 00 00 00 00 00 00
17:04:55.151  CAN1  18F       [8]  00 00 00 FF 00 78 00 00
17:04:55.151  CAN1  2A0       [8]  00 00 00 00 00 00 00 00
17:04:55.151  CAN1  329       [8]  D6 FF 80 92 12 FF FF 10
17:04:55.151  CAN1  545       [8]  DF 00 00 7C E5 04 80 06
17:04:55.151  CAN1  316       [8]  83 D0 00 00 FF 3E 00 7F
17:04:55.151  CAN1  0A0       [8]  00 00 00 00 00 00 00 00
17:04:55.151  CAN1  0A1       [8]  80 80 00 00 00 00 00 00
17:04:55.151  CAN1  18F       [8]  00 00 00 FF 00 78 00 00
17:04:55.151  CAN1  260       [8]  00 FF FF 70 00 00 5F 00
17:04:55.151  CAN1  2A0       [8]  00 00 00 00 00 00 00 00
17:04:55.151  CAN1  329       [8]  D6 FF 80 92 12 FF FF 10
17:04:55.151  CAN1  545       [8]  DF 00 00 7C E5 04 80 06
17:04:55.187  CAN1  316       [8]  83 D0 00 00 FF 3E 00 7F
17:04:55.187  CAN1  260       [8]  00 FF FF 70 00 00 5F 00
17:04:55.187  CAN1  0A0       [8]  00 00 00 00 00 00 00 00
17:04:55.187  CAN1  0A1       [8]  80 80 00 00 00 00 00 00
17:04:55.187  CAN1  18F       [8]  00 00 00 FF 00 78 00 00
17:04:55.187  CAN1  2A0       [8]  00 00 00 00 00 00 00 00
17:04:55.187  CAN1  329       [8]  0F FF 80 92 12 FF FF 10
17:04:55.187  CAN1  545       [8]  DF 00 00 7C E5 04 80 06
17:04:55.187  CAN1  316       [8]  83 D0 00 00 FF 3E 00 7F
17:04:55.187  CAN1  0A0       [8]  00 00 00 00 00 00 00 00
17:04:55.187  CAN1  0A1       [8]  80 80 00 00 00 00 00 00
17:04:55.187  CAN1  18F       [8]  00 00 00 FF 00 78 00 00
17:04:55.187  CAN1  260       [8]  00 FF FF 70 00 00 5F 00
17:04:55.187  CAN1  2A0       [8]  00 00 00 00 00 00 00 00
17:04:55.187  CAN1  329       [8]  0F FF 80 92 12 FF FF 10
17:04:55.187  CAN1  545       [8]  DF 00 00 7C E5 04 80 06
17:04:55.187  CAN1  316       [8]  83 D0 00 00 FF 3E 00 7F
17:04:55.187  CAN1  260       [8]  00 FF FF 70 00 00 5F 00
17:04:55.187  CAN1  0A0       [8]  00 00 00 00 00 00 00 00
17:04:55.187  CAN1  0A1       [8]  80 80 00 00 00 00 00 00
17:04:55.187  CAN1  18F       [8]  00 00 00 FF 00 78 00 00
17:04:55.187  CAN1  2A0       [8]  00 00 00 00 00 00 00 00
17:04:55.187  CAN1  329       [8]  0F FF 80 92 12 FF FF 10
17:04:55.187  CAN1  545       [8]  DF 00 00 7C E5 04 80 06
17:04:55.187  CAN1  316       [8]  83 D0 00 00 FF 3E 00 7F
17:04:55.187  CAN1  18F       [8]  00 00 00 FF 00 78 00 00
17:04:55.187  CAN1  0A0       [8]  00 00 00 00 00 00 00 00
17:04:55.187  CAN1  0A1       [8]  80 80 00 00 00 00 00 00
17:04:55.187  CAN1  260       [8]  00 FF FF 70 00 00 5F 00
17:04:55.187  CAN1  2A0       [8]  00 00 00 00 00 00 00 00
17:04:55.187  CAN1  329       [8]  0F FF 80 92 12 FF FF 10
17:04:55.187  CAN1  545       [8]  DF 00 00 7C E5 04 80 06
17:04:55.234  CAN1  316       [8]  83 D0 00 00 FF 3E 00 7F
17:04:55.234  CAN1  260       [8]  00 FF FF 70 00 00 5F 00
17:04:55.234  CAN1  0A0       [8]  00 00 00 00 00 00 00 00
17:04:55.234  CAN1  0A1       [8]  80 80 00 00 00 00 00 00
17:04:55.234  CAN1  18F       [8]  00 00 00 FF 00 78 00 00
17:04:55.234  CAN1  2A0       [8]  00 00 00 00 00 00 00 00
17:04:55.234  CAN1  329       [8]  0F FF 80 92 12 FF FF 10
17:04:55.234  CAN1  545       [8]  DF 00 00 7C E5 04 80 06
17:04:55.234  CAN1  316       [8]  83 D0 00 00 FF 3E 00 7F
17:04:55.234  CAN1  260       [8]  00 FF FF 70 00 00 5F 00
17:04:55.234  CAN1  0A0       [8]  00 00 00 00 00 00 00 00
17:04:55.234  CAN1  0A1       [8]  80 80 00 00 00 00 00 00
17:04:55.234  CAN1  18F       [8]  00 00 00 FF 00 78 00 00
17:04:55.234  CAN1  2A0       [8]  00 00 00 00 00 00 00 00
17:04:55.234  CAN1  329       [8]  0F FF 80 92 12 FF FF 10
17:04:55.234  CAN1  545       [8]  DF 00 00 7C E5 04 80 06
17:04:55.234  CAN1  316       [8]  83 D0 00 00 FF 3E 00 7F
17:04:55.234  CAN1  18F       [8]  00 00 00 FF 00 78 00 00
17:04:55.234  CAN1  0A0       [8]  00 00 00 00 00 00 00 00
17:04:55.234  CAN1  0A1       [8]  80 80 00 00 00 00 00 00
17:04:55.234  CAN1  260       [8]  00 FF FF 70 00 00 5F 00
17:04:55.234  CAN1  2A0       [8]  00 00 00 00 00 00 00 00
17:04:55.234  CAN1  329       [8]  0F FF 80 92 12 FF FF 10
17:04:55.234  CAN1  545       [8]  DF 00 00 7C E5 04 80 06
17:04:55.234  CAN1  316       [8]  83 D0 00 00 FF 3E 00 7F
17:04:55.234  CAN1  260       [8]  00 FF FF 70 00 00 5F 00
17:04:55.234  CAN1  0A0       [8]  00 00 00 00 00 00 00 00
17:04:55.234  CAN1  0A1       [8]  80 80 00 00 00 00 00 00
17:04:55.234  CAN1  18F       [8]  00 00 00 FF 00 78 00 00
17:04:55.234  CAN1  2A0       [8]  00 00 00 00 00 00 00 00
17:04:55.234  CAN1  329       [8]  4F FF 80 92 12 FF FF 10
17:04:55.234  CAN1  545       [8]  DF 00 00 7C E5 04 80 06
17:04:55.271  CAN1  316       [8]  83 D0 00 00 FF 3E 00 7F
17:04:55.271  CAN1  260       [8]  00 FF FF 70 00 00 5F 00
17:04:55.271  CAN1  0A0       [8]  00 00 00 00 00 00 00 00
17:04:55.271  CAN1  0A1       [8]  80 80 00 00 00 00 00 00
17:04:55.271  CAN1  18F       [8]  00 00 00 FF 00 78 00 00
17:04:55.271  CAN1  2A0       [8]  00 00 00 00 00 00 00 00
17:04:55.271  CAN1  329       [8]  4F FF 80 92 12 FF FF 10
17:04:55.271  CAN1  545       [8]  DF 00 00 7C E5 04 80 06
17:04:55.271  CAN1  316       [8]  83 D0 00 00 FF 3E 00 7F
17:04:55.271  CAN1  18F       [8]  00 00 00 FF 00 78 00 00
17:04:55.271  CAN1  0A0       [8]  00 00 00 00 00 00 00 00
17:04:55.271  CAN1  0A1       [8]  80 80 00 00 00 00 00 00
17:04:55.271  CAN1  260       [8]  00 FF FF 70 00 00 5F 00
17:04:55.271  CAN1  2A0       [8]  00 00 00 00 00 00 00 00
17:04:55.271  CAN1  329       [8]  4F FF 80 92 12 FF FF 10
17:04:55.271  CAN1  545       [8]  DF 00 00 7C E5 04 80 06
17:04:55.271  CAN1  316       [8]  83 D0 00 00 FF 3E 00 7F
17:04:55.271  CAN1  260       [8]  00 FF FF 70 00 00 5F 00
17:04:55.271  CAN1  0A0       [8]  00 00 00 00 00 00 00 00
17:04:55.271  CAN1  0A1       [8]  80 80 00 00 00 00 00 00
17:04:55.271  CAN1  18F       [8]  00 00 00 FF 00 78 00 00
17:04:55.271  CAN1  2A0       [8]  00 00 00 00 00 00 00 00
17:04:55.271  CAN1  329       [8]  4F FF 80 92 12 FF FF 10
17:04:55.271  CAN1  545       [8]  DF 00 00 7C E5 04 80 06
17:04:55.271  CAN1  316       [8]  83 D0 00 00 FF 3E 00 7F
17:04:55.271  CAN1  0A0       [8]  00 00 00 00 00 00 00 00
17:04:55.271  CAN1  0A1       [8]  80 80 00 00 00 00 00 00
17:04:55.271  CAN1  18F       [8]  00 00 00 FF 00 78 00 00
17:04:55.271  CAN1  260       [8]  00 FF FF 70 00 00 5F 00
17:04:55.271  CAN1  2A0       [8]  00 00 00 00 00 00 00 00
17:04:55.271  CAN1  329       [8]  4F FF 80 92 12 FF FF 10
17:04:55.271  CAN1  545       [8]  DF 00 00 7C E5 04 80 06
17:04:55.308  CAN1  316       [8]  83 D0 00 00 FF 3E 00 7F
17:04:55.308  CAN1  260       [8]  00 FF FF 70 00 00 5F 00
17:04:55.308  CAN1  0A0       [8]  00 00 00 00 00 00 00 00
17:04:55.308  CAN1  0A1       [8]  80 80 00 00 00 00 00 00
17:04:55.308  CAN1  18F       [8]  00 00 00 FF 00 78 00 00
17:04:55.308  CAN1  2A0       [8]  00 00 00 00 00 00 00 00
17:04:55.308  CAN1  329       [8]  4F FF 80 92 12 FF FF 10
17:04:55.308  CAN1  545       [8]  DF 00 00 7C E5 04 80 06
17:04:55.308  CAN1  316       [8]  83 D0 00 00 FF 3E 00 7F
17:04:55.308  CAN1  260       [8]  00 FF FF 70 00 00 5F 00
17:04:55.308  CAN1  0A0       [8]  00 00 00 00 00 00 00 00
17:04:55.308  CAN1  0A1       [8]  80 80 00 00 00 00 00 00
17:04:55.308  CAN1  18F       [8]  00 00 00 FF 00 78 00 00
17:04:55.308  CAN1  2A0       [8]  00 00 00 00 00 00 00 00
17:04:55.308  CAN1  329       [8]  4F FF 80 92 12 FF FF 10
17:04:55.308  CAN1  545       [8]  DF 00 00 7C E5 04 80 06
17:04:55.308  CAN1  316       [8]  83 D0 00 00 FF 3E 00 7F
17:04:55.308  CAN1  260       [8]  00 FF FF 70 00 00 5F 00
17:04:55.308  CAN1  0A0       [8]  00 00 00 00 00 00 00 00
17:04:55.308  CAN1  0A1       [8]  80 80 00 00 00 00 00 00
17:04:55.308  CAN1  18F       [8]  00 00 00 FF 00 78 00 00
17:04:55.308  CAN1  2A0       [8]  00 00 00 00 00 00 00 00
17:04:55.308  CAN1  329       [8]  80 FF 80 92 12 FF FF 10
17:04:55.308  CAN1  545       [8]  DF 00 00 7C E5 04 80 06
17:04:55.308  CAN1  316       [8]  83 D0 00 00 FF 3E 00 7F
17:04:55.308  CAN1  260       [8]  00 FF FF 70 00 00 5F 00
17:04:55.308  CAN1  0A0       [8]  00 00 00 00 00 00 00 00
17:04:55.308  CAN1  0A1       [8]  80 80 00 00 00 00 00 00
17:04:55.308  CAN1  18F       [8]  00 00 00 FF 00 78 00 00
17:04:55.308  CAN1  2A0       [8]  00 00 00 00 00 00 00 00
17:04:55.308  CAN1  329       [8]  80 FF 80 92 12 FF FF 10
17:04:55.308  CAN1  545       [8]  DF 00 00 7C E5 04 80 06
17:04:55.353  CAN1  316       [8]  83 D0 00 00 FF 3E 00 7F
17:04:55.353  CAN1  260       [8]  00 FF FF 70 00 00 5F 00
17:04:55.353  CAN1  0A0       [8]  00 00 00 00 00 00 00 00
17:04:55.353  CAN1  0A1       [8]  80 80 00 00 00 00 00 00
17:04:55.353  CAN1  18F       [8]  00 00 00 FF 00 78 00 00
17:04:55.353  CAN1  2A0       [8]  00 00 00 00 00 00 00 00
17:04:55.353  CAN1  329       [8]  80 FF 80 92 12 FF FF 10
17:04:55.353  CAN1  545       [8]  DF 00 00 7C E5 04 80 06
17:04:55.353  CAN1  316       [8]  83 D0 00 00 FF 3E 00 7F
17:04:55.353  CAN1  260       [8]  00 FF FF 70 00 00 5F 00
17:04:55.353  CAN1  0A0       [8]  00 00 00 00 00 00 00 00
17:04:55.353  CAN1  0A1       [8]  80 80 00 00 00 00 00 00
17:04:55.353  CAN1  18F       [8]  00 00 00 FF 00 78 00 00
17:04:55.353  CAN1  2A0       [8]  00 00 00 00 00 00 00 00
17:04:55.353  CAN1  329       [8]  80 FF 80 92 12 FF FF 10
17:04:55.353  CAN1  545       [8]  DF 00 00 7C E5 04 80 06
17:04:55.353  CAN1  316       [8]  83 D0 00 00 FF 3E 00 7F
17:04:55.353  CAN1  260       [8]  00 FF FF 70 00 00 5F 00
17:04:55.353  CAN1  0A0       [8]  00 00 00 00 00 00 00 00
17:04:55.353  CAN1  0A1       [8]  80 80 00 00 00 00 00 00
17:04:55.353  CAN1  18F       [8]  00 00 00 FF 00 78 00 00
17:04:55.353  CAN1  2A0       [8]  00 00 00 00 00 00 00 00
17:04:55.353  CAN1  329       [8]  80 FF 80 92 12 FF FF 10
17:04:55.353  CAN1  545       [8]  DF 00 00 7C E5 04 80 06
17:04:55.353  CAN1  316       [8]  83 D0 00 00 FF 3E 00 7F
17:04:55.353  CAN1  18F       [8]  00 00 00 FF 00 78 00 00
17:04:55.353  CAN1  0A0       [8]  00 00 00 00 00 00 00 00
17:04:55.353  CAN1  0A1       [8]  80 80 00 00 00 00 00 00
17:04:55.353  CAN1  260       [8]  00 FF FF 70 00 00 5F 00
17:04:55.353  CAN1  2A0       [8]  00 00 00 00 00 00 00 00
17:04:55.353  CAN1  329       [8]  80 FF 80 92 12 FF FF 10
17:04:55.353  CAN1  545       [8]  DF 00 00 7C E5 04 80 06
17:04:55.391  CAN1  316       [8]  83 D0 00 00 FF 3E 00 7F
17:04:55.391  CAN1  260       [8]  00 FF FF 70 00 00 5F 00
17:04:55.391  CAN1  0A0       [8]  00 00 00 00 00 00 00 00
17:04:55.391  CAN1  0A1       [8]  80 80 00 00 00 00 00 00
17:04:55.391  CAN1  18F       [8]  00 00 00 FF 00 78 00 00
17:04:55.391  CAN1  2A0       [8]  00 00 00 00 00 00 00 00
17:04:55.391  CAN1  329       [8]  80 FF 80 92 12 FF FF 10
17:04:55.391  CAN1  545       [8]  DF 00 00 7C E5 04 80 06
17:04:55.391  CAN1  316       [8]  83 D0 00 00 FF 3E 00 7F
17:04:55.391  CAN1  18F       [8]  00 00 00 FF 00 78 00 00
17:04:55.391  CAN1  0A0       [8]  00 00 00 00 00 00 00 00
17:04:55.391  CAN1  0A1       [8]  80 80 00 00 00 00 00 00
17:04:55.391  CAN1  260       [8]  00 FF FF 70 00 00 5F 00
17:04:55.391  CAN1  2A0       [8]  00 00 00 00 00 00 00 00
17:04:55.391  CAN1  329       [8]  D6 FF 80 92 12 FF FF 10
17:04:55.391  CAN1  545       [8]  DF 00 00 7C E5 04 80 06
17:04:55.391  CAN1  316       [8]  83 D0 00 00 FF 3E 00 7F
17:04:55.391  CAN1  260       [8]  00 FF FF 70 00 00 5F 00
17:04:55.391  CAN1  0A0       [8]  00 00 00 00 00 00 00 00
17:04:55.391  CAN1  0A1       [8]  80 80 00 00 00 00 00 00
17:04:55.391  CAN1  18F       [8]  00 00 00 FF 00 78 00 00
17:04:55.391  CAN1  2A0       [8]  00 00 00 00 00 00 00 00
17:04:55.391  CAN1  329       [8]  D6 FF 80 92 12 FF FF 10
17:04:55.391  CAN1  545       [8]  DF 00 00 7C E5 04 80 06
17:04:55.391  CAN1  316       [8]  83 D0 00 00 FF 3E 00 7F
17:04:55.391  CAN1  260       [8]  00 FF FF 70 00 00 5F 00
17:04:55.391  CAN1  0A0       [8]  00 00 00 00 00 00 00 00
17:04:55.391  CAN1  0A1       [8]  80 80 00 00 00 00 00 00
17:04:55.391  CAN1  18F       [8]  00 00 00 FF 00 78 00 00
17:04:55.391  CAN1  2A0       [8]  00 00 00 00 00 00 00 00
17:04:55.391  CAN1  329       [8]  D6 FF 80 92 12 FF FF 10
17:04:55.391  CAN1  545       [8]  DF 00 00 7C E5 04 80 06
17:04:55.428  CAN1  316       [8]  83 D0 00 00 FF 3E 00 7F
17:04:55.428  CAN1  260       [8]  00 FF FF 70 00 00 5F 00
17:04:55.428  CAN1  0A0       [8]  00 00 00 00 00 00 00 00
17:04:55.428  CAN1  0A1       [8]  80 80 00 00 00 00 00 00
17:04:55.428  CAN1  18F       [8]  00 00 00 FF 00 78 00 00
17:04:55.428  CAN1  2A0       [8]  00 00 00 00 00 00 00 00
17:04:55.428  CAN1  329       [8]  D6 FF 80 92 12 FF FF 10
17:04:55.428  CAN1  545       [8]  DF 00 00 7C E5 04 80 06
17:04:55.428  CAN1  316       [8]  83 D0 00 00 FF 3E 00 7F
17:04:55.428  CAN1  18F       [8]  00 00 00 FF 00 78 00 00
17:04:55.428  CAN1  0A0       [8]  00 00 00 00 00 00 00 00
17:04:55.428  CAN1  0A1       [8]  80 80 00 00 00 00 00 00
17:04:55.428  CAN1  260       [8]  00 FF FF 70 00 00 5F 00
17:04:55.428  CAN1  2A0       [8]  00 00 00 00 00 00 00 00
17:04:55.428  CAN1  329       [8]  D6 FF 80 92 12 FF FF 10
17:04:55.428  CAN1  545       [8]  DF 00 00 7C E5 04 80 06
17:04:55.428  CAN1  316       [8]  83 D0 00 00 FF 3E 00 7F
17:04:55.428  CAN1  260       [8]  00 FF FF 70 00 00 5F 00
17:04:55.428  CAN1  0A0       [8]  00 00 00 00 00 00 00 00
17:04:55.428  CAN1  0A1       [8]  80 80 00 00 00 00 00 00
17:04:55.428  CAN1  18F       [8]  00 00 00 FF 00 78 00 00
17:04:55.428  CAN1  2A0       [8]  00 00 00 00 00 00 00 00
17:04:55.428  CAN1  329       [8]  D6 FF 80 92 12 FF FF 10
17:04:55.428  CAN1  545       [8]  DF 00 00 7C E5 04 80 06
17:04:55.428  CAN1  316       [8]  83 D0 00 00 FF 3E 00 7F
17:04:55.428  CAN1  260       [8]  00 FF FF 70 00 00 5F 00
17:04:55.428  CAN1  0A0       [8]  00 00 00 00 00 00 00 00
17:04:55.428  CAN1  0A1       [8]  80 80 00 00 00 00 00 00
17:04:55.428  CAN1  18F       [8]  00 00 00 FF 00 78 00 00
17:04:55.428  CAN1  2A0       [8]  00 00 00 00 00 00 00 00
17:04:55.428  CAN1  329       [8]  D6 FF 80 92 12 FF FF 10
17:04:55.428  CAN1  545       [8]  DF 00 00 7C E5 04 80 06
17:04:55.475  CAN1  316       [8]  83 D0 00 00 FF 3E 00 7F
17:04:55.475  CAN1  260       [8]  00 FF FF 70 00 00 5F 00
17:04:55.475  CAN1  0A0       [8]  00 00 00 00 00 00 00 00
17:04:55.475  CAN1  0A1       [8]  80 80 00 00 00 00 00 00
17:04:55.475  CAN1  18F       [8]  00 00 00 FF 00 78 00 00
17:04:55.475  CAN1  2A0       [8]  00 00 00 00 00 00 00 00
17:04:55.475  CAN1  329       [8]  D6 FF 80 92 12 FF FF 10
17:04:55.475  CAN1  545       [8]  DF 00 00 7C E5 04 80 06
17:04:55.475  CAN1  316       [8]  83 D0 00 00 FF 3E 00 7F
17:04:55.475  CAN1  0A0       [8]  00 00 00 00 00 00 00 00
17:04:55.475  CAN1  0A1       [8]  80 80 00 00 00 00 00 00
17:04:55.475  CAN1  18F       [8]  00 00 00 FF 00 78 00 00
17:04:55.475  CAN1  260       [8]  00 FF FF 70 00 00 5F 00
17:04:55.475  CAN1  2A0       [8]  00 00 00 00 00 00 00 00
17:04:55.475  CAN1  329       [8]  0F FF 80 92 12 FF FF 10
17:04:55.475  CAN1  545       [8]  DF 00 00 7C E5 04 80 06
17:04:55.475  CAN1  316       [8]  83 D0 00 00 FF 3E 00 7F
17:04:55.475  CAN1  260       [8]  00 FF FF 70 00 00 5F 00
17:04:55.475  CAN1  0A0       [8]  00 00 00 00 00 00 00 00
17:04:55.475  CAN1  0A1       [8]  80 80 00 00 00 00 00 00
17:04:55.475  CAN1  18F       [8]  00 00 00 FF 00 78 00 00
17:04:55.475  CAN1  2A0       [8]  00 00 00 00 00 00 00 00
17:04:55.475  CAN1  329       [8]  0F FF 80 92 12 FF FF 10
17:04:55.475  CAN1  545       [8]  DF 00 00 7C E5 04 80 06
17:04:55.475  CAN1  316       [8]  83 D0 00 00 FF 3E 00 7F
17:04:55.475  CAN1  18F       [8]  00 00 00 FF 00 78 00 00
17:04:55.475  CAN1  0A0       [8]  00 00 00 00 00 00 00 00
17:04:55.475  CAN1  0A1       [8]  80 80 00 00 00 00 00 00
17:04:55.475  CAN1  260       [8]  00 FF FF 70 00 00 5F 00
17:04:55.475  CAN1  2A0       [8]  00 00 00 00 00 00 00 00
17:04:55.475  CAN1  329       [8]  0F FF 80 92 12 FF FF 10
17:04:55.475  CAN1  545       [8]  DF 00 00 7C E5 04 80 06
17:04:55.510  CAN1  316       [8]  83 D0 00 00 FF 3E 00 7F
17:04:55.510  CAN1  260       [8]  00 FF FF 70 00 00 5F 00
17:04:55.510  CAN1  0A0       [8]  00 00 00 00 00 00 00 00
17:04:55.510  CAN1  0A1       [8]  80 80 00 00 00 00 00 00
17:04:55.510  CAN1  18F       [8]  00 00 00 FF 00 78 00 00
17:04:55.510  CAN1  2A0       [8]  00 00 00 00 00 00 00 00
17:04:55.510  CAN1  329       [8]  0F FF 80 92 12 FF FF 10
17:04:55.510  CAN1  545       [8]  DF 00 00 7C E5 04 80 06
17:04:55.510  CAN1  316       [8]  83 D0 00 00 FF 3E 00 7F
17:04:55.510  CAN1  0A0       [8]  00 00 00 00 00 00 00 00
17:04:55.510  CAN1  0A1       [8]  80 80 00 00 00 00 00 00
17:04:55.510  CAN1  18F       [8]  00 00 00 FF 00 78 00 00
17:04:55.510  CAN1  260       [8]  00 FF FF 70 00 00 5F 00
17:04:55.510  CAN1  2A0       [8]  00 00 00 00 00 00 00 00
17:04:55.510  CAN1  329       [8]  0F FF 80 92 12 FF FF 10
17:04:55.510  CAN1  545       [8]  DF 00 00 7C E5 04 80 06
17:04:55.510  CAN1  316       [8]  83 D0 00 00 FF 3E 00 7F
17:04:55.510  CAN1  260       [8]  00 FF FF 70 00 00 5F 00
17:04:55.510  CAN1  0A0       [8]  00 00 00 00 00 00 00 00
17:04:55.510  CAN1  0A1       [8]  80 80 00 00 00 00 00 00
17:04:55.510  CAN1  18F       [8]  00 00 00 FF 00 78 00 00
17:04:55.510  CAN1  2A0       [8]  00 00 00 00 00 00 00 00
17:04:55.510  CAN1  329       [8]  0F FF 80 92 12 FF FF 10
17:04:55.510  CAN1  545       [8]  DF 00 00 7C E5 04 80 06
17:04:55.510  CAN1  316       [8]  83 D0 00 00 FF 3E 00 7F
17:04:55.510  CAN1  260       [8]  00 FF FF 70 00 00 5F 00
17:04:55.510  CAN1  0A0       [8]  00 00 00 00 00 00 00 00
17:04:55.510  CAN1  0A1       [8]  80 80 00 00 00 00 00 00
17:04:55.510  CAN1  18F       [8]  00 00 00 FF 00 78 00 00
17:04:55.510  CAN1  2A0       [8]  00 00 00 00 00 00 00 00
17:04:55.510  CAN1  329       [8]  0F FF 80 92 12 FF FF 10
17:04:55.510  CAN1  545       [8]  DF 00 00 7C E5 04 80 06
17:04:55.547  CAN1  316       [8]  83 D0 00 00 FF 3E 00 7F
17:04:55.547  CAN1  260       [8]  00 FF FF 70 00 00 5F 00
17:04:55.547  CAN1  0A0       [8]  00 00 00 00 00 00 00 00
17:04:55.547  CAN1  0A1       [8]  80 80 00 00 00 00 00 00
17:04:55.547  CAN1  18F       [8]  00 00 00 FF 00 78 00 00
17:04:55.547  CAN1  2A0       [8]  00 00 00 00 00 00 00 00
17:04:55.547  CAN1  329       [8]  4F FF 80 92 12 FF FF 10
17:04:55.547  CAN1  545       [8]  DF 00 00 7C E5 04 80 06
17:04:55.547  CAN1  316       [8]  83 D0 00 00 FF 3E 00 7F
17:04:55.547  CAN1  260       [8]  00 FF FF 70 00 00 5F 00
17:04:55.547  CAN1  0A0       [8]  00 00 00 00 00 00 00 00
17:04:55.547  CAN1  0A1       [8]  80 80 00 00 00 00 00 00
17:04:55.547  CAN1  18F       [8]  00 00 00 FF 00 78 00 00
17:04:55.547  CAN1  2A0       [8]  00 00 00 00 00 00 00 00
17:04:55.547  CAN1  329       [8]  4F FF 80 92 12 FF FF 10
17:04:55.547  CAN1  545       [8]  DF 00 00 7C E5 04 80 06
17:04:55.547  CAN1  316       [8]  83 D0 00 00 FF 3E 00 7F
17:04:55.547  CAN1  260       [8]  00 FF FF 70 00 00 5F 00
17:04:55.547  CAN1  0A0       [8]  00 00 00 00 00 00 00 00
17:04:55.547  CAN1  0A1       [8]  80 80 00 00 00 00 00 00
17:04:55.547  CAN1  18F       [8]  00 00 00 FF 00 78 00 00
17:04:55.547  CAN1  2A0       [8]  00 00 00 00 00 00 00 00
17:04:55.547  CAN1  329       [8]  4F FF 80 92 12 FF FF 10
17:04:55.547  CAN1  545       [8]  DF 00 00 7C E5 04 80 06
17:04:55.547  CAN1  316       [8]  83 D0 00 00 FF 3E 00 7F
17:04:55.547  CAN1  0A0       [8]  00 00 00 00 00 00 00 00
17:04:55.547  CAN1  0A1       [8]  80 80 00 00 00 00 00 00
17:04:55.547  CAN1  18F       [8]  00 00 00 FF 00 78 00 00
17:04:55.547  CAN1  260       [8]  00 FF FF 70 00 00 5F 00
17:04:55.547  CAN1  2A0       [8]  00 00 00 00 00 00 00 00
17:04:55.547  CAN1  329       [8]  4F FF 80 92 12 FF FF 10
17:04:55.547  CAN1  545       [8]  DF 00 00 7C E5 04 80 06
17:04:55.585  CAN1  316       [8]  83 D0 00 00 FF 3E 00 7F
17:04:55.585  CAN1  260       [8]  00 FF FF 70 00 00 5F 00
17:04:55.585  CAN1  0A0       [8]  00 00 00 00 00 00 00 00
17:04:55.585  CAN1  0A1       [8]  80 80 00 00 00 00 00 00
17:04:55.585  CAN1  18F       [8]  00 00 00 FF 00 78 00 00
17:04:55.585  CAN1  2A0       [8]  00 00 00 00 00 00 00 00
17:04:55.585  CAN1  329       [8]  4F FF 80 92 12 FF FF 10
17:04:55.585  CAN1  545       [8]  DF 00 00 7C E5 04 80 06
17:04:55.585  CAN1  316       [8]  83 D0 00 00 FF 3E 00 7F
17:04:55.585  CAN1  18F       [8]  00 00 00 FF 00 78 00 00
17:04:55.585  CAN1  0A0       [8]  00 00 00 00 00 00 00 00
17:04:55.585  CAN1  0A1       [8]  80 80 00 00 00 00 00 00
17:04:55.585  CAN1  260       [8]  00 FF FF 70 00 00 5F 00
17:04:55.585  CAN1  2A0       [8]  00 00 00 00 00 00 00 00
17:04:55.585  CAN1  329       [8]  4F FF 80 92 12 FF FF 10
17:04:55.585  CAN1  545       [8]  DF 00 00 7C E5 04 80 06
17:04:55.585  CAN1  316       [8]  83 D0 00 00 FF 3E 00 7F
17:04:55.585  CAN1  260       [8]  00 FF FF 70 00 00 5F 00
17:04:55.585  CAN1  0A0       [8]  00 00 00 00 00 00 00 00
17:04:55.585  CAN1  0A1       [8]  80 80 00 00 00 00 00 00
17:04:55.585  CAN1  18F       [8]  00 00 00 FF 00 78 00 00
17:04:55.585  CAN1  2A0       [8]  00 00 00 00 00 00 00 00
17:04:55.585  CAN1  329       [8]  4F FF 80 92 12 FF FF 10
17:04:55.585  CAN1  545       [8]  DF 00 00 7C E5 04 80 06
17:04:55.585  CAN1  316       [8]  83 D0 00 00 FF 3E 00 7F
17:04:55.585  CAN1  260       [8]  00 FF FF 70 00 00 5F 00
17:04:55.585  CAN1  0A0       [8]  00 00 00 00 00 00 00 00
17:04:55.585  CAN1  0A1       [8]  80 80 00 00 00 00 00 00
17:04:55.585  CAN1  18F       [8]  00 00 00 FF 00 78 00 00
17:04:55.585  CAN1  2A0       [8]  00 00 00 00 00 00 00 00
17:04:55.585  CAN1  329       [8]  80 FF 80 92 12 FF FF 10
17:04:55.585  CAN1  545       [8]  DF 00 00 7C E5 04 80 06
17:04:55.632  CAN1  316       [8]  83 D0 00 00 FF 3E 00 7F
17:04:55.632  CAN1  260       [8]  00 FF FF 70 00 00 5F 00
17:04:55.632  CAN1  0A0       [8]  00 00 00 00 00 00 00 00
17:04:55.632  CAN1  0A1       [8]  80 80 00 00 00 00 00 00
17:04:55.632  CAN1  18F       [8]  00 00 00 FF 00 78 00 00
17:04:55.632  CAN1  2A0       [8]  00 00 00 00 00 00 00 00
17:04:55.632  CAN1  329       [8]  80 FF 80 92 12 FF FF 10
17:04:55.632  CAN1  545       [8]  DF 00 00 7C E5 04 80 06
17:04:55.632  CAN1  316       [8]  83 D0 00 00 FF 3E 00 7F
17:04:55.632  CAN1  260       [8]  00 FF FF 70 00 00 5F 00
17:04:55.632  CAN1  0A0       [8]  00 00 00 00 00 00 00 00
17:04:55.632  CAN1  0A1       [8]  80 80 00 00 00 00 00 00
17:04:55.632  CAN1  18F       [8]  00 00 00 FF 00 78 00 00
17:04:55.632  CAN1  2A0       [8]  00 00 00 00 00 00 00 00
17:04:55.632  CAN1  329       [8]  80 FF 80 92 12 FF FF 10
17:04:55.632  CAN1  545       [8]  DF 00 00 7C E5 04 80 06
17:04:55.632  CAN1  316       [8]  83 D0 00 00 FF 3E 00 7F
17:04:55.632  CAN1  260       [8]  00 FF FF 70 00 00 5F 00
17:04:55.632  CAN1  0A0       [8]  00 00 00 00 00 00 00 00
17:04:55.632  CAN1  0A1       [8]  80 80 00 00 00 00 00 00
17:04:55.632  CAN1  18F       [8]  00 00 00 FF 00 78 00 00
17:04:55.632  CAN1  2A0       [8]  00 00 00 00 00 00 00 00
17:04:55.632  CAN1  329       [8]  80 FF 80 92 12 FF FF 10
17:04:55.632  CAN1  545       [8]  DF 00 00 7C E5 04 80 06
17:04:55.632  CAN1  316       [8]  83 D0 00 00 FF 3E 00 7F
17:04:55.632  CAN1  260       [8]  00 FF FF 70 00 00 5F 00
17:04:55.632  CAN1  0A0       [8]  00 00 00 00 00 00 00 00
17:04:55.632  CAN1  0A1       [8]  80 80 00 00 00 00 00 00
17:04:55.632  CAN1  18F       [8]  00 00 00 FF 00 78 00 00
17:04:55.632  CAN1  2A0       [8]  00 00 00 00 00 00 00 00
17:04:55.632  CAN1  329       [8]  80 FF 80 92 12 FF FF 10
17:04:55.632  CAN1  545       [8]  DF 00 00 7C E5 04 80 06
17:04:55.669  CAN1  316       [8]  83 D0 00 00 FF 3E 00 7F
17:04:55.669  CAN1  260       [8]  00 FF FF 70 00 00 5F 00
17:04:55.669  CAN1  0A0       [8]  00 00 00 00 00 00 00 00
17:04:55.669  CAN1  0A1       [8]  80 80 00 00 00 00 00 00
17:04:55.669  CAN1  18F       [8]  00 00 00 FF 00 78 00 00
17:04:55.669  CAN1  2A0       [8]  00 00 00 00 00 00 00 00
17:04:55.669  CAN1  329       [8]  80 FF 80 92 12 FF FF 10
17:04:55.669  CAN1  545       [8]  DF 00 00 7C E5 04 80 06
17:04:55.669  CAN1  316       [8]  83 D0 00 00 FF 3E 00 7F
17:04:55.669  CAN1  0A0       [8]  00 00 00 00 00 00 00 00
17:04:55.669  CAN1  0A1       [8]  80 80 00 00 00 00 00 00
17:04:55.669  CAN1  18F       [8]  00 00 00 FF 00 78 00 00
17:04:55.669  CAN1  260       [8]  00 FF FF 70 00 00 5F 00
17:04:55.669  CAN1  2A0       [8]  00 00 00 00 00 00 00 00
17:04:55.669  CAN1  329       [8]  80 FF 80 92 12 FF FF 10
17:04:55.669  CAN1  545       [8]  DF 00 00 7C E5 04 80 06
17:04:55.669  CAN1  316       [8]  83 D0 00 00 FF 3E 00 7F
17:04:55.669  CAN1  260       [8]  00 FF FF 70 00 00 5F 00
17:04:55.669  CAN1  0A0       [8]  00 00 00 00 00 00 00 00
17:04:55.669  CAN1  0A1       [8]  80 80 00 00 00 00 00 00
17:04:55.669  CAN1  18F       [8]  00 00 00 FF 00 78 00 00
17:04:55.669  CAN1  2A0       [8]  00 00 00 00 00 00 00 00
17:04:55.669  CAN1  329       [8]  D6 FF 80 92 12 FF FF 10
17:04:55.669  CAN1  545       [8]  DF 00 00 7C E5 04 80 06
17:04:55.669  CAN1  316       [8]  83 D0 00 00 FF 3E 00 7F
17:04:55.669  CAN1  18F       [8]  00 00 00 FF 00 78 00 00
17:04:55.669  CAN1  0A0       [8]  00 00 00 00 00 00 00 00
17:04:55.669  CAN1  0A1       [8]  80 80 00 00 00 00 00 00
17:04:55.669  CAN1  260       [8]  00 FF FF 70 00 00 5F 00
17:04:55.669  CAN1  2A0       [8]  00 00 00 00 00 00 00 00
17:04:55.669  CAN1  329       [8]  D6 FF 80 92 12 FF FF 10
17:04:55.669  CAN1  545       [8]  DF 00 00 7C E5 04 80 06
LOG   stopped
