# Start: 2026-05-02 17:13:09
# Adapter: Scanmatik SM2 USB
# Bus: CAN2 3-11
# Bitrate: 500k
# Frames: 11-bit
# Firmware: FW:1096 HW:02 SN:A87720
# DLL: 1.0.0.130 (built 30.03.2025)
# API: 04.04

LOG   C:\Users\vano\Desktop\codex\canscanmatik\bin\Release\net8.0-windows\logs\CAN2_20260502_171309.log
17:13:09.172  CAN2  3E1       [8]  00 00 00 00 00 00 00 00
17:13:09.172  CAN2  117       [8]  82 40 00 00 54 00 00 EA
17:13:09.172  CAN2  124       [8]  21 80 00 15 55 2A A8 00
17:13:09.172  CAN2  1AE       [8]  DA A0 00 01 0F FF 7F F8
17:13:09.172  CAN2  20E       [8]  00 01 00 00 00 10 61 04
17:13:09.172  CAN2  3BD       [8]  00 00 00 00 00 00 00 00
17:13:09.172  CAN2  121       [8]  97 90 2A A9 6A 8A AA 00
17:13:09.172  CAN2  23A       [8]  60 A0 00 00 00 00 00 00
17:13:09.172  CAN2  2C1       [8]  00 08 00 00 0F 00 00 00
17:13:09.172  CAN2  520       [8]  50 00 32 44 00 00 00 00
17:13:09.172  CAN2  517       [8]  FF 01 0E 00 92 00 4D 41
17:13:09.172  CAN2  518       [8]  00 05 FF 00 00 FF 00 00
17:13:09.172  CAN2  117       [8]  92 40 00 00 54 00 00 DA
17:13:09.172  CAN2  124       [8]  98 90 00 15 55 2A A8 00
17:13:09.172  CAN2  1AE       [8]  CA B0 00 01 0F FF 7F F8
17:13:09.172  CAN2  335       [8]  00 02 00 1C FD 8E F0 00
17:13:09.172  CAN2  631       [8]  04 03 48 01 01 00 00 00
17:13:09.172  CAN2  121       [8]  41 A0 2A A9 6A 8A AA 00
17:13:09.172  CAN2  23A       [8]  50 B0 00 00 00 00 00 00
17:13:09.172  CAN2  247       [8]  00 06 00 00 18 49 08 88
17:13:09.172  CAN2  29A       [8]  11 0C 00 00 11 01 01 00
17:13:09.172  CAN2  2AB       [8]  00 00 00 00 00 02 2B FE
17:13:09.172  CAN2  2CD       [8]  C0 00 28 00 00 00 40 03
17:13:09.172  CAN2  117       [8]  A2 40 00 00 54 00 00 CA
17:13:09.172  CAN2  124       [8]  4E A0 00 15 55 2A A8 00
17:13:09.172  CAN2  1AE       [8]  BA C0 00 01 0F FF 7F F8
17:13:09.172  CAN2  121       [8]  F8 B0 2A A9 6A 8A AA 00
17:13:09.172  CAN2  23A       [8]  40 C0 00 00 00 00 00 00
17:13:09.172  CAN2  249       [8]  00 00 00 00 00 00 00 00
17:13:09.172  CAN2  117       [8]  B2 40 00 00 54 00 00 BA
17:13:09.172  CAN2  124       [8]  F7 B0 00 15 55 2A A8 00
17:13:09.172  CAN2  1AE       [8]  AA D0 00 01 0F FF 7F F8
17:13:09.196  CAN2  121       [8]  F0 C0 2A A9 6A 8A AA 00
17:13:09.196  CAN2  23A       [8]  30 D0 00 00 00 00 00 00
17:13:09.196  CAN2  3B7       [8]  00 41 41 22 22 F9 00 00
17:13:09.196  CAN2  3B7       [8]  01 3F 7F BF 7F 1E 75 00
17:13:09.196  CAN2  3B7       [8]  02 00 00 00 94 11 00 00
17:13:09.196  CAN2  3E5       [8]  10 00 00 00 00 00 00 00
17:13:09.196  CAN2  3B7       [8]  03 00 00 9A 99 99 99 00
17:13:09.196  CAN2  3B7       [8]  04 07 CB 07 C5 0A F8 00
17:13:09.196  CAN2  3B7       [8]  05 12 01 11 00 00 00 01
17:13:09.196  CAN2  117       [8]  C2 40 00 00 54 00 00 AA
17:13:09.196  CAN2  124       [8]  FF C0 00 15 55 2A A8 00
17:13:09.196  CAN2  1AE       [8]  9A E0 00 01 0F FF 7F F8
17:13:09.196  CAN2  3B1       [8]  00 00 00 01 00 00 00 A0
17:13:09.196  CAN2  3B3       [8]  10 20 00 00 00 85 5F 00
17:13:09.196  CAN2  121       [8]  49 D0 2A A9 6A 8A AA 00
17:13:09.196  CAN2  23A       [8]  20 E0 00 00 00 00 00 00
17:13:09.196  CAN2  583       [8]  51 00 11 2C 6D A0 12 0E
17:13:09.196  CAN2  40D       [8]  01 02 00 00 00 00 00 00
17:13:09.196  CAN2  117       [8]  D2 40 00 00 54 00 00 9A
17:13:09.196  CAN2  124       [8]  46 D0 00 15 55 2A A8 00
17:13:09.196  CAN2  1AE       [8]  8A F0 00 01 0F FF 7F F8
17:13:09.196  CAN2  20E       [8]  00 01 00 00 00 10 61 04
17:13:09.196  CAN2  3BD       [8]  00 00 00 00 00 00 00 00
17:13:09.196  CAN2  3E1       [8]  00 00 00 00 00 00 00 00
17:13:09.196  CAN2  121       [8]  9F E0 2A A9 6A 8A AA 00
17:13:09.196  CAN2  23A       [8]  10 F0 00 00 00 00 00 00
17:13:09.196  CAN2  520       [8]  50 00 32 44 00 00 00 00
17:13:09.196  CAN2  517       [8]  FF 01 0E 00 92 00 4D 41
17:13:09.196  CAN2  518       [8]  00 05 FF 00 00 FF 00 00
17:13:09.196  CAN2  2C1       [8]  00 08 00 00 0F 00 00 00
17:13:09.196  CAN2  117       [8]  E2 40 00 00 54 00 00 8A
17:13:09.196  CAN2  124       [8]  90 E0 00 15 55 2A A8 00
17:13:09.234  CAN2  1AE       [8]  7A 00 00 01 0F FF 7F F8
17:13:09.234  CAN2  335       [8]  00 02 00 1C FD 8E F0 00
17:13:09.234  CAN2  121       [8]  26 F0 2A A9 6A 8A AA 00
17:13:09.234  CAN2  23A       [8]  00 00 00 00 00 00 00 00
17:13:09.234  CAN2  247       [8]  00 06 00 00 18 49 08 88
17:13:09.234  CAN2  256       [8]  50 10 00 61 25 2B AB 44
17:13:09.234  CAN2  29A       [8]  11 0C 00 00 11 01 01 00
17:13:09.234  CAN2  2AB       [8]  00 00 00 00 00 02 2B FE
17:13:09.234  CAN2  2CD       [8]  C0 00 28 00 00 00 40 03
17:13:09.234  CAN2  117       [8]  F2 40 00 00 54 00 00 7A
17:13:09.234  CAN2  124       [8]  29 F0 00 15 55 2A A8 00
17:13:09.234  CAN2  1AE       [8]  6A 10 00 01 0F FF 7F F8
17:13:09.234  CAN2  121       [8]  8F 00 2A A9 6A 8A AA 00
17:13:09.234  CAN2  23A       [8]  F0 10 00 00 00 00 00 00
17:13:09.234  CAN2  249       [8]  00 00 00 00 00 00 00 00
17:13:09.234  CAN2  117       [8]  02 40 00 00 54 00 00 6A
17:13:09.234  CAN2  124       [8]  80 00 00 15 55 2A A8 00
17:13:09.234  CAN2  1AE       [8]  5A 20 00 01 0F FF 7F F8
17:13:09.234  CAN2  121       [8]  36 10 2A A9 6A 8A AA 00
17:13:09.234  CAN2  23A       [8]  E0 20 00 00 00 00 00 00
17:13:09.234  CAN2  3B7       [8]  00 41 41 22 22 F9 00 00
17:13:09.234  CAN2  3B7       [8]  01 3F 7F BF 7F 1E 75 00
17:13:09.234  CAN2  3B7       [8]  02 00 00 00 94 11 00 00
17:13:09.234  CAN2  3E5       [8]  10 00 00 00 00 00 00 00
17:13:09.234  CAN2  3B7       [8]  03 00 00 9A 99 99 99 00
17:13:09.234  CAN2  3B7       [8]  04 07 CB 07 C6 0A F8 00
17:13:09.234  CAN2  3B7       [8]  05 12 01 11 00 00 00 01
17:13:09.234  CAN2  117       [8]  12 40 00 00 54 00 00 5A
17:13:09.234  CAN2  124       [8]  39 10 00 15 55 2A A8 00
17:13:09.234  CAN2  1AE       [8]  4A 30 00 01 0F FF 7F F8
17:13:09.234  CAN2  2B2       [8]  D2 C0 00 00 41 00 90 41
17:13:09.234  CAN2  3B1       [8]  00 00 00 01 00 00 00 A0
17:13:09.259  CAN2  3B3       [8]  10 20 00 00 00 85 5F 00
17:13:09.259  CAN2  435       [8]  00 00 00 00 00 00 00 00
17:13:09.259  CAN2  42D       [8]  00 08 00 00 00 00 12 40
17:13:09.259  CAN2  121       [8]  E0 20 2A A9 6A 8A AA 00
17:13:09.259  CAN2  23A       [8]  D0 30 00 00 00 00 00 00
17:13:09.259  CAN2  359       [8]  00 28 5D C0 FF 00 02 00
17:13:09.259  CAN2  583       [8]  51 00 11 2C 6D A0 12 0E
17:13:09.259  CAN2  117       [8]  22 40 00 00 54 00 00 4A
17:13:09.259  CAN2  124       [8]  EF 20 00 15 55 2A A8 00
17:13:09.259  CAN2  1AE       [8]  3A 40 00 01 0F FF 7F F8
17:13:09.259  CAN2  20E       [8]  00 01 00 00 00 10 61 04
17:13:09.259  CAN2  3BD       [8]  00 00 00 00 00 00 00 00
17:13:09.259  CAN2  3E1       [8]  00 00 00 00 00 00 00 00
17:13:09.259  CAN2  121       [8]  59 30 2A A9 6A 8A AA 00
17:13:09.259  CAN2  23A       [8]  C0 40 00 00 00 00 00 00
17:13:09.259  CAN2  520       [8]  50 00 32 44 00 00 00 00
17:13:09.259  CAN2  517       [8]  FF 01 0E 00 92 00 4D 41
17:13:09.259  CAN2  518       [8]  00 05 FF 00 00 FF 00 00
17:13:09.259  CAN2  117       [8]  32 40 00 00 54 00 00 3A
17:13:09.259  CAN2  124       [8]  56 30 00 15 55 2A A8 00
17:13:09.259  CAN2  1AE       [8]  2A 50 00 01 0F FF 7F F8
17:13:09.259  CAN2  335       [8]  00 02 00 1C FD 8E F0 00
17:13:09.259  CAN2  2C1       [8]  00 08 00 00 0F 00 00 00
17:13:09.259  CAN2  121       [8]  51 40 2A A9 6A 8A AA 00
17:13:09.259  CAN2  23A       [8]  B0 50 00 00 00 00 00 00
17:13:09.259  CAN2  247       [8]  00 06 00 00 18 49 08 88
17:13:09.259  CAN2  29A       [8]  11 0C 00 00 11 01 01 00
17:13:09.259  CAN2  2AB       [8]  00 00 00 00 00 02 2B FE
17:13:09.259  CAN2  2CD       [8]  C0 00 28 00 00 00 40 03
17:13:09.259  CAN2  117       [8]  42 40 00 00 54 00 00 2A
17:13:09.259  CAN2  124       [8]  5E 40 00 15 55 2A A8 00
17:13:09.259  CAN2  1AE       [8]  1A 60 00 01 0F FF 7F F8
17:13:09.297  CAN2  121       [8]  E8 50 2A A9 6A 8A AA 00
17:13:09.297  CAN2  23A       [8]  A0 60 00 00 00 00 00 00
17:13:09.297  CAN2  249       [8]  00 00 00 00 00 00 00 00
17:13:09.297  CAN2  117       [8]  52 40 00 00 54 00 00 1A
17:13:09.297  CAN2  124       [8]  E7 50 00 15 55 2A A8 00
17:13:09.297  CAN2  1AE       [8]  0A 70 00 01 0F FF 7F F8
17:13:09.297  CAN2  121       [8]  3E 60 2A A9 6A 8A AA 00
17:13:09.297  CAN2  23A       [8]  90 70 00 00 00 00 00 00
17:13:09.297  CAN2  3B7       [8]  00 41 41 22 22 F9 00 00
17:13:09.297  CAN2  3B7       [8]  01 3F 7F BF 7F 1E 75 00
17:13:09.297  CAN2  3B7       [8]  02 00 00 00 94 11 00 00
17:13:09.297  CAN2  3E5       [8]  10 00 00 00 00 00 00 00
17:13:09.297  CAN2  3B7       [8]  03 00 00 9A 99 99 99 00
17:13:09.297  CAN2  3B7       [8]  04 07 CA 07 C5 0A F8 00
17:13:09.297  CAN2  3B7       [8]  05 12 01 11 00 00 00 01
17:13:09.297  CAN2  117       [8]  62 40 00 00 54 00 00 0A
17:13:09.297  CAN2  124       [8]  31 60 00 15 55 2A A8 00
17:13:09.297  CAN2  1AE       [8]  FA 80 00 01 0F FF 7F F8
17:13:09.297  CAN2  3B1       [8]  00 00 00 01 00 00 00 A0
17:13:09.297  CAN2  3B3       [8]  10 20 00 00 00 85 5F 00
17:13:09.297  CAN2  121       [8]  87 70 2A A9 6A 8A AA 00
17:13:09.297  CAN2  23A       [8]  80 80 00 00 00 00 00 00
17:13:09.297  CAN2  583       [8]  51 00 11 2C 6D A0 12 0E
17:13:09.297  CAN2  401       [8]  02 02 00 00 00 00 00 00
17:13:09.297  CAN2  117       [8]  72 40 00 00 54 00 00 FA
17:13:09.297  CAN2  124       [8]  88 70 00 15 55 2A A8 00
17:13:09.297  CAN2  1AE       [8]  EA 90 00 01 0F FF 7F F8
17:13:09.297  CAN2  20E       [8]  00 01 00 00 00 10 61 04
17:13:09.297  CAN2  3BD       [8]  00 00 00 00 00 00 00 00
17:13:09.297  CAN2  121       [8]  2E 80 2A A9 6A 8A AA 00
17:13:09.297  CAN2  23A       [8]  70 90 00 00 00 00 00 00
17:13:09.297  CAN2  3E1       [8]  00 00 00 00 00 00 00 00
17:13:09.335  CAN2  520       [8]  50 00 32 44 00 00 00 00
17:13:09.335  CAN2  517       [8]  FF 01 0E 00 92 00 4D 41
17:13:09.335  CAN2  518       [8]  00 05 FF 00 00 FF 00 00
17:13:09.335  CAN2  117       [8]  82 40 00 00 54 00 00 EA
17:13:09.335  CAN2  124       [8]  21 80 00 15 55 2A A8 00
17:13:09.335  CAN2  1AE       [8]  DA A0 00 01 0F FF 7F F8
17:13:09.335  CAN2  335       [8]  00 02 00 1C FD 8E F0 00
17:13:09.335  CAN2  632       [8]  04 01 52 01 01 FF FF FF
17:13:09.335  CAN2  636       [8]  04 01 52 01 01 FF FF FF
17:13:09.335  CAN2  121       [8]  97 90 2A A9 6A 8A AA 00
17:13:09.335  CAN2  23A       [8]  60 A0 00 00 00 00 00 00
17:13:09.335  CAN2  247       [8]  00 06 00 00 18 49 08 88
17:13:09.335  CAN2  256       [8]  4F 10 00 61 25 2B AC 44
17:13:09.335  CAN2  29A       [8]  11 0C 00 00 11 01 01 00
17:13:09.335  CAN2  2AB       [8]  00 00 00 00 00 02 2B FE
17:13:09.335  CAN2  2CD       [8]  C0 00 28 00 00 00 40 03
17:13:09.335  CAN2  2C1       [8]  00 08 00 00 0F 00 00 00
17:13:09.335  CAN2  117       [8]  92 40 00 00 54 00 00 DA
17:13:09.335  CAN2  124       [8]  98 90 00 15 55 2A A8 00
17:13:09.335  CAN2  1AE       [8]  CA B0 00 01 0F FF 7F F8
17:13:09.335  CAN2  121       [8]  41 A0 2A A9 6A 8A AA 00
17:13:09.335  CAN2  23A       [8]  50 B0 00 00 00 00 00 00
17:13:09.335  CAN2  249       [8]  00 00 00 00 00 00 00 00
17:13:09.335  CAN2  117       [8]  A2 40 00 00 54 00 00 CA
17:13:09.335  CAN2  124       [8]  4E A0 00 15 55 2A A8 00
17:13:09.335  CAN2  1AE       [8]  BA C0 00 01 0F FF 7F F8
17:13:09.335  CAN2  121       [8]  F8 B0 2A A9 6A 8A AA 00
17:13:09.335  CAN2  23A       [8]  40 C0 00 00 00 00 00 00
17:13:09.335  CAN2  3B7       [8]  00 41 41 22 22 F9 00 00
17:13:09.335  CAN2  3B7       [8]  01 3F 7F BF 7F 1E 75 00
17:13:09.335  CAN2  3B7       [8]  02 00 00 00 94 11 00 00
17:13:09.335  CAN2  3E5       [8]  10 00 00 00 00 00 00 00
17:13:09.347  CAN2  3B7       [8]  03 00 00 9A 99 99 99 00
17:13:09.347  CAN2  3B7       [8]  04 07 CB 07 C5 0A F8 00
17:13:09.347  CAN2  3B7       [8]  05 12 01 11 00 00 00 01
17:13:09.347  CAN2  117       [8]  B2 40 00 00 54 00 00 BA
17:13:09.347  CAN2  124       [8]  F7 B0 00 15 55 2A A8 00
17:13:09.347  CAN2  1AE       [8]  AA D0 00 01 0F FF 7F F8
17:13:09.347  CAN2  2B2       [8]  E2 D0 00 00 41 00 90 41
17:13:09.347  CAN2  3C2       [8]  00 00 00 42 00 00 00 09
17:13:09.347  CAN2  699       [8]  00 00 00 00 00 00 00 00
17:13:09.347  CAN2  3B1       [8]  00 00 00 01 00 00 00 A0
17:13:09.347  CAN2  3B3       [8]  10 20 00 00 00 85 5F 00
17:13:09.347  CAN2  435       [8]  00 00 00 00 00 00 00 00
17:13:09.347  CAN2  121       [8]  F0 C0 2A A9 6A 8A AA 00
17:13:09.347  CAN2  23A       [8]  30 D0 00 00 00 00 00 00
17:13:09.347  CAN2  359       [8]  00 28 5D C0 FF 00 02 00
17:13:09.347  CAN2  42D       [8]  00 08 00 00 00 00 12 40
17:13:09.347  CAN2  583       [8]  51 00 11 2C 6D A0 12 0E
17:13:09.347  CAN2  117       [8]  C2 40 00 00 54 00 00 AA
17:13:09.347  CAN2  124       [8]  FF C0 00 15 55 2A A8 00
17:13:09.347  CAN2  1AE       [8]  9A E0 00 01 0F FF 7F F8
17:13:09.347  CAN2  20E       [8]  00 01 00 00 00 10 61 04
17:13:09.347  CAN2  3BD       [8]  00 00 00 00 00 00 00 00
17:13:09.347  CAN2  121       [8]  49 D0 2A A9 6A 8A AA 00
17:13:09.347  CAN2  23A       [8]  20 E0 00 00 00 00 00 00
17:13:09.347  CAN2  520       [8]  50 00 32 44 00 00 00 00
17:13:09.347  CAN2  3E1       [8]  00 00 00 00 00 00 00 00
17:13:09.347  CAN2  517       [8]  FF 01 0E 00 92 00 4D 41
17:13:09.347  CAN2  518       [8]  00 05 FF 00 00 FF 00 00
17:13:09.347  CAN2  117       [8]  D2 40 00 00 54 00 00 9A
17:13:09.347  CAN2  124       [8]  46 D0 00 15 55 2A A8 00
17:13:09.347  CAN2  1AE       [8]  8A F0 00 01 0F FF 7F F8
17:13:09.347  CAN2  335       [8]  00 02 00 1C FD 8E F0 00
17:13:09.384  CAN2  631       [8]  04 03 48 01 01 00 00 00
17:13:09.384  CAN2  121       [8]  9F E0 2A A9 6A 8A AA 00
17:13:09.384  CAN2  23A       [8]  10 F0 00 00 00 00 00 00
17:13:09.384  CAN2  247       [8]  00 06 00 00 18 49 08 88
17:13:09.384  CAN2  29A       [8]  11 0C 00 00 11 01 01 00
17:13:09.384  CAN2  2AB       [8]  00 00 00 00 00 02 2B FE
17:13:09.384  CAN2  2CD       [8]  C0 00 28 00 00 00 40 03
17:13:09.384  CAN2  117       [8]  E2 40 00 00 54 00 00 8A
17:13:09.384  CAN2  124       [8]  90 E0 00 15 55 2A A8 00
17:13:09.384  CAN2  1AE       [8]  7A 00 00 01 0F FF 7F F8
17:13:09.384  CAN2  2C1       [8]  00 08 00 00 0F 00 00 00
17:13:09.384  CAN2  121       [8]  26 F0 2A A9 6A 8A AA 00
17:13:09.384  CAN2  23A       [8]  00 00 00 00 00 00 00 00
17:13:09.384  CAN2  249       [8]  00 00 00 00 00 00 00 00
17:13:09.384  CAN2  117       [8]  F2 40 00 00 54 00 00 7A
17:13:09.384  CAN2  124       [8]  29 F0 00 15 55 2A A8 00
17:13:09.384  CAN2  1AE       [8]  6A 10 00 01 0F FF 7F F8
17:13:09.384  CAN2  580       [8]  7E A5 02 13 0D 49 00 00
17:13:09.384  CAN2  121       [8]  8F 00 2A A9 6A 8A AA 00
17:13:09.384  CAN2  23A       [8]  F0 10 00 00 00 00 00 00
17:13:09.384  CAN2  3B7       [8]  00 41 41 22 22 F9 00 00
17:13:09.384  CAN2  3B7       [8]  01 3F 7F BF 7F 1E 75 00
17:13:09.384  CAN2  3B7       [8]  02 00 00 00 94 11 00 00
17:13:09.384  CAN2  3E5       [8]  10 00 00 00 00 00 00 00
17:13:09.384  CAN2  3B7       [8]  03 00 00 9A 99 99 99 00
17:13:09.384  CAN2  402       [8]  06 02 00 00 00 00 00 00
17:13:09.384  CAN2  3B7       [8]  04 07 CB 07 C5 0A F8 00
17:13:09.384  CAN2  3B7       [8]  05 12 01 11 00 00 00 01
17:13:09.384  CAN2  117       [8]  02 40 00 00 54 00 00 6A
17:13:09.384  CAN2  124       [8]  80 00 00 15 55 2A A8 00
17:13:09.384  CAN2  1AE       [8]  5A 20 00 01 0F FF 7F F8
17:13:09.384  CAN2  3B1       [8]  00 00 00 01 00 00 00 A0
17:13:09.420  CAN2  3B3       [8]  10 20 00 00 00 85 5F 00
17:13:09.420  CAN2  121       [8]  36 10 2A A9 6A 8A AA 00
17:13:09.420  CAN2  23A       [8]  E0 20 00 00 00 00 00 00
17:13:09.420  CAN2  583       [8]  51 00 11 2C 6D A0 12 0E
17:13:09.420  CAN2  117       [8]  12 40 00 00 54 00 00 5A
17:13:09.420  CAN2  124       [8]  39 10 00 15 55 2A A8 00
17:13:09.420  CAN2  1AE       [8]  4A 30 00 01 0F FF 7F F8
17:13:09.420  CAN2  20E       [8]  00 01 00 00 00 10 61 04
17:13:09.420  CAN2  3BD       [8]  00 00 00 00 00 00 00 00
17:13:09.420  CAN2  121       [8]  E0 20 2A A9 6A 8A AA 00
17:13:09.420  CAN2  23A       [8]  D0 30 00 00 00 00 00 00
17:13:09.420  CAN2  520       [8]  50 00 32 44 00 00 00 00
17:13:09.420  CAN2  517       [8]  FF 01 0E 00 92 00 4D 41
17:13:09.420  CAN2  518       [8]  00 05 FF 00 00 FF 00 00
17:13:09.420  CAN2  3E1       [8]  00 00 00 00 00 00 00 00
17:13:09.420  CAN2  117       [8]  22 40 00 00 54 00 00 4A
17:13:09.420  CAN2  124       [8]  EF 20 00 15 55 2A A8 00
17:13:09.420  CAN2  1AE       [8]  3A 40 00 01 0F FF 7F F8
17:13:09.420  CAN2  335       [8]  00 02 00 1C FD 8E F0 00
17:13:09.420  CAN2  121       [8]  59 30 2A A9 6A 8A AA 00
17:13:09.420  CAN2  23A       [8]  C0 40 00 00 00 00 00 00
17:13:09.420  CAN2  247       [8]  00 06 00 00 18 49 08 88
17:13:09.420  CAN2  256       [8]  4E 10 00 61 25 2B AD 44
17:13:09.420  CAN2  29A       [8]  11 0C 00 00 11 01 01 00
17:13:09.420  CAN2  2AB       [8]  00 00 00 00 00 02 2B FE
17:13:09.420  CAN2  2CD       [8]  C0 00 28 00 00 00 40 03
17:13:09.420  CAN2  117       [8]  32 40 00 00 54 00 00 3A
17:13:09.420  CAN2  124       [8]  56 30 00 15 55 2A A8 00
17:13:09.420  CAN2  1AE       [8]  2A 50 00 01 0F FF 7F F8
17:13:09.420  CAN2  121       [8]  51 40 2A A9 6A 8A AA 00
17:13:09.420  CAN2  23A       [8]  B0 50 00 00 00 00 00 00
17:13:09.420  CAN2  249       [8]  00 00 00 00 00 00 00 00
17:13:09.444  CAN2  2C1       [8]  00 08 00 00 0F 00 00 00
17:13:09.444  CAN2  117       [8]  42 40 00 00 54 00 00 2A
17:13:09.444  CAN2  124       [8]  5E 40 00 15 55 2A A8 00
17:13:09.444  CAN2  1AE       [8]  1A 60 00 01 0F FF 7F F8
17:13:09.444  CAN2  121       [8]  E8 50 2A A9 6A 8A AA 00
17:13:09.444  CAN2  23A       [8]  A0 60 00 00 00 00 00 00
17:13:09.444  CAN2  3B7       [8]  00 41 41 22 22 F9 00 00
17:13:09.444  CAN2  3B7       [8]  01 3F 7F BF 7F 1E 75 00
17:13:09.444  CAN2  3B7       [8]  02 00 00 00 94 11 00 00
17:13:09.444  CAN2  3E5       [8]  10 00 00 00 00 00 00 00
17:13:09.444  CAN2  3B7       [8]  03 00 00 9A 99 99 99 00
17:13:09.444  CAN2  3B7       [8]  04 07 CB 07 C6 0A F8 00
17:13:09.444  CAN2  3B7       [8]  05 12 01 11 00 00 00 01
17:13:09.444  CAN2  117       [8]  52 40 00 00 54 00 00 1A
17:13:09.444  CAN2  124       [8]  E7 50 00 15 55 2A A8 00
17:13:09.444  CAN2  1AE       [8]  0A 70 00 01 0F FF 7F F8
17:13:09.444  CAN2  2B2       [8]  F2 E0 00 00 41 00 90 41
17:13:09.444  CAN2  3B1       [8]  00 00 00 01 00 00 00 A0
17:13:09.444  CAN2  3B3       [8]  10 20 00 00 00 85 5F 00
17:13:09.444  CAN2  435       [8]  00 00 00 00 00 00 00 00
17:13:09.444  CAN2  42D       [8]  00 08 00 00 00 00 12 40
17:13:09.444  CAN2  121       [8]  3E 60 2A A9 6A 8A AA 00
17:13:09.444  CAN2  23A       [8]  90 70 00 00 00 00 00 00
17:13:09.444  CAN2  359       [8]  00 28 5D C0 FF 00 02 00
17:13:09.444  CAN2  583       [8]  51 00 11 2C 6D A0 12 0E
17:13:09.444  CAN2  117       [8]  62 40 00 00 54 00 00 0A
17:13:09.444  CAN2  124       [8]  31 60 00 15 55 2A A8 00
17:13:09.444  CAN2  1AE       [8]  FA 80 00 01 0F FF 7F F8
17:13:09.444  CAN2  20E       [8]  00 01 00 00 00 10 61 04
17:13:09.444  CAN2  3BD       [8]  00 00 00 00 00 00 00 00
17:13:09.444  CAN2  121       [8]  87 70 2A A9 6A 8A AA 00
17:13:09.444  CAN2  23A       [8]  80 80 00 00 00 00 00 00
17:13:09.481  CAN2  520       [8]  50 00 32 44 00 00 00 00
17:13:09.481  CAN2  517       [8]  FF 01 0E 00 92 00 4D 41
17:13:09.481  CAN2  518       [8]  00 05 FF 00 00 FF 00 00
17:13:09.481  CAN2  117       [8]  72 40 00 00 54 00 00 FA
17:13:09.481  CAN2  124       [8]  88 70 00 15 55 2A A8 00
17:13:09.481  CAN2  1AE       [8]  EA 90 00 01 0F FF 7F F8
17:13:09.481  CAN2  335       [8]  00 02 00 1C FD 8E F0 00
17:13:09.481  CAN2  3E1       [8]  00 00 00 00 00 00 00 00
17:13:09.481  CAN2  121       [8]  2E 80 2A A9 6A 8A AA 00
17:13:09.481  CAN2  23A       [8]  70 90 00 00 00 00 00 00
17:13:09.481  CAN2  247       [8]  00 06 00 00 18 49 08 88
17:13:09.481  CAN2  29A       [8]  11 0C 00 00 11 01 01 00
17:13:09.481  CAN2  2AB       [8]  00 00 00 00 00 02 2B FE
17:13:09.481  CAN2  2CD       [8]  C0 00 28 00 00 00 40 03
17:13:09.481  CAN2  117       [8]  82 40 00 00 54 00 00 EA
17:13:09.481  CAN2  124       [8]  21 80 00 15 55 2A A8 00
17:13:09.481  CAN2  1AE       [8]  DA A0 00 01 0F FF 7F F8
17:13:09.481  CAN2  121       [8]  97 90 2A A9 6A 8A AA 00
17:13:09.481  CAN2  23A       [8]  60 A0 00 00 00 00 00 00
17:13:09.481  CAN2  249       [8]  00 00 00 00 00 00 00 00
17:13:09.481  CAN2  117       [8]  92 40 00 00 54 00 00 DA
17:13:09.481  CAN2  124       [8]  98 90 00 15 55 2A A8 00
17:13:09.481  CAN2  1AE       [8]  CA B0 00 01 0F FF 7F F8
17:13:09.481  CAN2  2C1       [8]  00 08 00 00 0F 00 00 00
17:13:09.481  CAN2  121       [8]  41 A0 2A A9 6A 8A AA 00
17:13:09.481  CAN2  23A       [8]  50 B0 00 00 00 00 00 00
17:13:09.481  CAN2  3B7       [8]  00 41 41 22 22 F9 00 00
17:13:09.481  CAN2  3B7       [8]  01 3F 7F BF 7F 1E 75 00
17:13:09.481  CAN2  3B7       [8]  02 00 00 00 94 11 00 00
17:13:09.481  CAN2  3E5       [8]  10 00 00 00 00 00 00 00
17:13:09.481  CAN2  3B7       [8]  03 00 00 9A 99 99 99 00
17:13:09.481  CAN2  3B7       [8]  04 07 CB 07 C5 0A F9 00
17:13:09.505  CAN2  406       [8]  09 02 00 00 00 00 00 00
17:13:09.505  CAN2  3B7       [8]  05 12 01 11 00 00 00 01
17:13:09.505  CAN2  117       [8]  A2 40 00 00 54 00 00 CA
17:13:09.505  CAN2  124       [8]  4E A0 00 15 55 2A A8 00
17:13:09.505  CAN2  1AE       [8]  BA C0 00 01 0F FF 7F F8
17:13:09.505  CAN2  3B1       [8]  00 00 00 01 00 00 00 A0
17:13:09.505  CAN2  3B3       [8]  10 20 00 00 00 85 5F 00
17:13:09.505  CAN2  121       [8]  F8 B0 2A A9 6A 8A AA 00
17:13:09.505  CAN2  23A       [8]  40 C0 00 00 00 00 00 00
17:13:09.505  CAN2  583       [8]  51 00 11 2C 6D A0 12 0E
17:13:09.505  CAN2  117       [8]  B2 40 00 00 54 00 00 BA
17:13:09.505  CAN2  124       [8]  F7 B0 00 15 55 2A A8 00
17:13:09.505  CAN2  1AE       [8]  AA D0 00 01 0F FF 7F F8
17:13:09.505  CAN2  20E       [8]  00 01 00 00 00 10 61 04
17:13:09.505  CAN2  3BD       [8]  00 00 00 00 00 00 00 00
17:13:09.505  CAN2  121       [8]  F0 C0 2A A9 6A 8A AA 00
17:13:09.505  CAN2  23A       [8]  30 D0 00 00 00 00 00 00
17:13:09.505  CAN2  520       [8]  50 00 32 44 00 00 00 00
17:13:09.505  CAN2  517       [8]  FF 01 0E 00 92 00 4D 41
17:13:09.505  CAN2  518       [8]  00 05 FF 00 00 FF 00 00
17:13:09.505  CAN2  117       [8]  C2 40 00 00 54 00 00 AA
17:13:09.505  CAN2  124       [8]  FF C0 00 15 55 2A A8 00
17:13:09.505  CAN2  1AE       [8]  9A E0 00 01 0F FF 7F F8
17:13:09.505  CAN2  335       [8]  00 02 00 1C FD 8E F0 00
17:13:09.505  CAN2  3E1       [8]  00 00 00 00 00 00 00 00
17:13:09.505  CAN2  632       [8]  04 01 52 01 01 FF FF FF
17:13:09.505  CAN2  636       [8]  04 01 52 01 01 FF FF FF
17:13:09.505  CAN2  121       [8]  49 D0 2A A9 6A 8A AA 00
17:13:09.505  CAN2  23A       [8]  20 E0 00 00 00 00 00 00
17:13:09.505  CAN2  247       [8]  00 06 00 00 18 49 08 88
17:13:09.505  CAN2  256       [8]  4D 10 00 61 25 2B AE 44
17:13:09.505  CAN2  29A       [8]  11 0C 00 00 11 01 01 00
17:13:09.541  CAN2  2AB       [8]  00 00 00 00 00 02 2B FE
17:13:09.541  CAN2  2CD       [8]  C0 00 28 00 00 00 40 03
17:13:09.541  CAN2  117       [8]  D2 40 00 00 54 00 00 9A
17:13:09.541  CAN2  124       [8]  46 D0 00 15 55 2A A8 00
17:13:09.541  CAN2  1AE       [8]  8A F0 00 01 0F FF 7F F8
17:13:09.541  CAN2  121       [8]  9F E0 2A A9 6A 8A AA 00
17:13:09.541  CAN2  23A       [8]  10 F0 00 00 00 00 00 00
17:13:09.541  CAN2  249       [8]  00 00 00 00 00 00 00 00
17:13:09.541  CAN2  117       [8]  E2 40 00 00 54 00 00 8A
17:13:09.541  CAN2  124       [8]  90 E0 00 15 55 2A A8 00
17:13:09.541  CAN2  1AE       [8]  7A 00 00 01 0F FF 7F F8
17:13:09.541  CAN2  121       [8]  26 F0 2A A9 6A 8A AA 00
17:13:09.541  CAN2  23A       [8]  00 00 00 00 00 00 00 00
17:13:09.541  CAN2  3B7       [8]  00 41 41 22 22 F9 00 00
17:13:09.541  CAN2  3B7       [8]  01 3F 7F BF 7F 1E 75 00
17:13:09.541  CAN2  3B7       [8]  02 00 00 00 94 11 00 00
17:13:09.541  CAN2  3E5       [8]  10 00 00 00 00 00 00 00
17:13:09.541  CAN2  3B7       [8]  03 00 00 9A 99 99 99 00
17:13:09.541  CAN2  2C1       [8]  00 08 00 00 0F 00 00 00
17:13:09.541  CAN2  3B7       [8]  04 07 CB 07 C6 0A F8 00
17:13:09.541  CAN2  3B7       [8]  05 12 01 11 00 00 00 01
17:13:09.541  CAN2  117       [8]  F2 40 00 00 54 00 00 7A
17:13:09.541  CAN2  124       [8]  29 F0 00 15 55 2A A8 00
17:13:09.541  CAN2  1AE       [8]  6A 10 00 01 0F FF 7F F8
17:13:09.541  CAN2  2B2       [8]  02 F0 00 00 41 00 90 41
17:13:09.541  CAN2  3B1       [8]  00 00 00 01 00 00 00 A0
17:13:09.541  CAN2  3B3       [8]  10 20 00 00 00 85 5F 00
17:13:09.541  CAN2  435       [8]  00 00 00 00 00 00 00 00
17:13:09.541  CAN2  42D       [8]  00 08 00 00 00 00 12 40
17:13:09.541  CAN2  121       [8]  8F 00 2A A9 6A 8A AA 00
17:13:09.541  CAN2  23A       [8]  F0 10 00 00 00 00 00 00
17:13:09.541  CAN2  359       [8]  00 28 5D C0 FF 00 02 00
17:13:09.567  CAN2  583       [8]  51 00 11 2C 6D A0 12 0E
17:13:09.567  CAN2  117       [8]  02 40 00 00 54 00 00 6A
17:13:09.567  CAN2  124       [8]  80 00 00 15 55 2A A8 00
17:13:09.567  CAN2  1AE       [8]  5A 20 00 01 0F FF 7F F8
17:13:09.567  CAN2  20E       [8]  00 01 00 00 00 10 61 04
17:13:09.567  CAN2  3BD       [8]  00 00 00 00 00 00 00 00
17:13:09.567  CAN2  121       [8]  36 10 2A A9 6A 8A AA 00
17:13:09.567  CAN2  23A       [8]  E0 20 00 00 00 00 00 00
17:13:09.567  CAN2  520       [8]  50 00 32 44 00 00 00 00
17:13:09.567  CAN2  517       [8]  FF 01 0E 00 92 00 4D 41
17:13:09.567  CAN2  518       [8]  00 05 FF 00 00 FF 00 00
17:13:09.567  CAN2  117       [8]  12 40 00 00 54 00 00 5A
17:13:09.567  CAN2  124       [8]  39 10 00 15 55 2A A8 00
17:13:09.567  CAN2  1AE       [8]  4A 30 00 01 0F FF 7F F8
17:13:09.567  CAN2  335       [8]  00 02 00 1C FD 8E F0 00
17:13:09.567  CAN2  631       [8]  04 03 48 01 01 00 00 00
17:13:09.567  CAN2  121       [8]  E0 20 2A A9 6A 8A AA 00
17:13:09.567  CAN2  23A       [8]  D0 30 00 00 00 00 00 00
17:13:09.567  CAN2  247       [8]  00 06 00 00 18 49 08 88
17:13:09.567  CAN2  3E1       [8]  00 00 00 00 00 00 00 00
17:13:09.567  CAN2  29A       [8]  11 0C 00 00 11 01 01 00
17:13:09.567  CAN2  2AB       [8]  00 00 00 00 00 02 2B FE
17:13:09.567  CAN2  2CD       [8]  C0 00 28 00 00 00 40 03
17:13:09.567  CAN2  117       [8]  22 40 00 00 54 00 00 4A
17:13:09.567  CAN2  124       [8]  EF 20 00 15 55 2A A8 00
17:13:09.567  CAN2  1AE       [8]  3A 40 00 01 0F FF 7F F8
17:13:09.567  CAN2  121       [8]  59 30 2A A9 6A 8A AA 00
17:13:09.567  CAN2  23A       [8]  C0 40 00 00 00 00 00 00
17:13:09.567  CAN2  249       [8]  00 00 00 00 00 00 00 00
17:13:09.567  CAN2  117       [8]  32 40 00 00 54 00 00 3A
17:13:09.567  CAN2  124       [8]  56 30 00 15 55 2A A8 00
17:13:09.567  CAN2  1AE       [8]  2A 50 00 01 0F FF 7F F8
17:13:09.603  CAN2  121       [8]  51 40 2A A9 6A 8A AA 00
17:13:09.603  CAN2  23A       [8]  B0 50 00 00 00 00 00 00
17:13:09.603  CAN2  3B7       [8]  00 41 41 22 22 F9 00 00
17:13:09.603  CAN2  3B7       [8]  01 3F 7F BF 7F 1E 75 00
17:13:09.603  CAN2  3B7       [8]  02 00 00 00 94 11 00 00
17:13:09.603  CAN2  3E5       [8]  10 00 00 00 00 00 00 00
17:13:09.603  CAN2  3B7       [8]  03 00 00 9A 99 99 99 00
17:13:09.603  CAN2  3B7       [8]  04 07 CB 07 C5 0A F8 00
17:13:09.603  CAN2  3B7       [8]  05 12 01 11 00 00 00 01
17:13:09.603  CAN2  117       [8]  42 40 00 00 54 00 00 2A
17:13:09.603  CAN2  124       [8]  5E 40 00 15 55 2A A8 00
17:13:09.603  CAN2  1AE       [8]  1A 60 00 01 0F FF 7F F8
17:13:09.603  CAN2  409       [8]  0A 02 00 00 00 00 00 00
17:13:09.603  CAN2  3B1       [8]  00 00 00 01 00 00 00 A0
17:13:09.603  CAN2  3B3       [8]  10 20 00 00 00 85 5F 00
17:13:09.603  CAN2  2C1       [8]  00 08 00 00 0F 00 00 00
17:13:09.603  CAN2  121       [8]  E8 50 2A A9 6A 8A AA 00
17:13:09.603  CAN2  23A       [8]  A0 60 00 00 00 00 00 00
17:13:09.603  CAN2  583       [8]  51 00 11 2C 6D A0 12 0E
17:13:09.603  CAN2  117       [8]  52 40 00 00 54 00 00 1A
17:13:09.603  CAN2  124       [8]  E7 50 00 15 55 2A A8 00
17:13:09.603  CAN2  1AE       [8]  0A 70 00 01 0F FF 7F F8
17:13:09.603  CAN2  20E       [8]  00 01 00 00 00 10 61 04
17:13:09.603  CAN2  3BD       [8]  00 00 00 00 00 00 00 00
17:13:09.603  CAN2  121       [8]  3E 60 2A A9 6A 8A AA 00
17:13:09.603  CAN2  23A       [8]  90 70 00 00 00 00 00 00
17:13:09.603  CAN2  520       [8]  50 00 32 44 00 00 00 00
17:13:09.603  CAN2  517       [8]  FF 01 0E 00 92 00 4D 41
17:13:09.603  CAN2  518       [8]  00 05 FF 00 00 FF 00 00
17:13:09.603  CAN2  117       [8]  62 40 00 00 54 00 00 0A
17:13:09.603  CAN2  124       [8]  31 60 00 15 55 2A A8 00
17:13:09.603  CAN2  1AE       [8]  FA 80 00 01 0F FF 7F F8
17:13:09.628  CAN2  335       [8]  00 02 00 1C FD 8E F0 00
17:13:09.628  CAN2  121       [8]  87 70 2A A9 6A 8A AA 00
17:13:09.628  CAN2  23A       [8]  80 80 00 00 00 00 00 00
17:13:09.628  CAN2  247       [8]  00 06 00 00 18 49 08 88
17:13:09.628  CAN2  256       [8]  4C 10 00 61 25 2B AF 44
17:13:09.628  CAN2  3E1       [8]  00 00 00 00 00 00 00 00
17:13:09.628  CAN2  29A       [8]  11 0C 00 00 11 01 01 00
17:13:09.628  CAN2  2AB       [8]  00 00 00 00 00 02 2B FE
17:13:09.628  CAN2  2CD       [8]  C0 00 28 00 00 00 40 03
17:13:09.628  CAN2  117       [8]  72 40 00 00 54 00 00 FA
17:13:09.628  CAN2  124       [8]  88 70 00 15 55 2A A8 00
17:13:09.628  CAN2  1AE       [8]  EA 90 00 01 0F FF 7F F8
17:13:09.628  CAN2  121       [8]  2E 80 2A A9 6A 8A AA 00
17:13:09.628  CAN2  23A       [8]  70 90 00 00 00 00 00 00
17:13:09.628  CAN2  249       [8]  00 00 00 00 00 00 00 00
17:13:09.628  CAN2  117       [8]  82 40 00 00 54 00 00 EA
17:13:09.628  CAN2  124       [8]  21 80 00 15 55 2A A8 00
17:13:09.628  CAN2  1AE       [8]  DA A0 00 01 0F FF 7F F8
17:13:09.628  CAN2  121       [8]  97 90 2A A9 6A 8A AA 00
17:13:09.628  CAN2  23A       [8]  60 A0 00 00 00 00 00 00
17:13:09.628  CAN2  3B7       [8]  00 41 41 22 22 F9 00 00
17:13:09.628  CAN2  3B7       [8]  01 3F 7F BF 7F 1E 75 00
17:13:09.628  CAN2  3B7       [8]  02 00 00 00 94 11 00 00
17:13:09.628  CAN2  3E5       [8]  10 00 00 00 00 00 00 00
17:13:09.628  CAN2  3B7       [8]  03 00 00 9A 99 99 99 00
17:13:09.628  CAN2  3B7       [8]  04 07 CB 07 C6 0A F8 00
17:13:09.628  CAN2  3B7       [8]  05 12 01 11 00 00 00 01
17:13:09.628  CAN2  117       [8]  92 40 00 00 54 00 00 DA
17:13:09.628  CAN2  124       [8]  98 90 00 15 55 2A A8 00
17:13:09.628  CAN2  1AE       [8]  CA B0 00 01 0F FF 7F F8
17:13:09.628  CAN2  2B2       [8]  12 00 00 00 41 00 90 41
17:13:09.628  CAN2  3B1       [8]  00 00 00 01 00 00 00 A0
17:13:09.664  CAN2  3B3       [8]  10 20 00 00 00 85 5F 00
17:13:09.664  CAN2  435       [8]  00 00 00 00 00 00 00 00
17:13:09.664  CAN2  42D       [8]  00 08 00 00 00 00 12 40
17:13:09.664  CAN2  121       [8]  41 A0 2A A9 6A 8A AA 00
17:13:09.664  CAN2  23A       [8]  50 B0 00 00 00 00 00 00
17:13:09.664  CAN2  359       [8]  00 28 5D C0 FF 00 02 00
17:13:09.664  CAN2  583       [8]  51 00 11 2C 6D A0 12 0E
17:13:09.664  CAN2  2C1       [8]  00 08 00 00 0F 00 00 00
17:13:09.664  CAN2  117       [8]  A2 40 00 00 54 00 00 CA
17:13:09.664  CAN2  124       [8]  4E A0 00 15 55 2A A8 00
17:13:09.664  CAN2  1AE       [8]  BA C0 00 01 0F FF 7F F8
17:13:09.664  CAN2  20E       [8]  00 01 00 00 00 10 61 04
17:13:09.664  CAN2  3BD       [8]  00 00 00 00 00 00 00 00
17:13:09.664  CAN2  121       [8]  F8 B0 2A A9 6A 8A AA 00
17:13:09.664  CAN2  23A       [8]  40 C0 00 00 00 00 00 00
17:13:09.664  CAN2  520       [8]  50 00 32 44 00 00 00 00
17:13:09.664  CAN2  517       [8]  FF 01 0E 00 92 00 4D 41
17:13:09.664  CAN2  518       [8]  00 05 FF 00 00 FF 00 00
17:13:09.664  CAN2  117       [8]  B2 40 00 00 54 00 00 BA
17:13:09.664  CAN2  124       [8]  F7 B0 00 15 55 2A A8 00
17:13:09.664  CAN2  1AE       [8]  AA D0 00 01 0F FF 7F F8
17:13:09.664  CAN2  335       [8]  00 02 00 1C FD 8E F0 00
17:13:09.664  CAN2  121       [8]  F0 C0 2A A9 6A 8A AA 00
17:13:09.664  CAN2  23A       [8]  30 D0 00 00 00 00 00 00
17:13:09.664  CAN2  247       [8]  00 06 00 00 18 49 08 88
17:13:09.664  CAN2  29A       [8]  11 0C 00 00 11 01 01 00
17:13:09.664  CAN2  2AB       [8]  00 00 00 00 00 02 2B FE
17:13:09.664  CAN2  2CD       [8]  C0 00 28 00 00 00 40 03
17:13:09.664  CAN2  3E1       [8]  00 00 00 00 00 00 00 00
17:13:09.664  CAN2  117       [8]  C2 40 00 00 54 00 00 AA
17:13:09.664  CAN2  124       [8]  FF C0 00 15 55 2A A8 00
17:13:09.664  CAN2  1AE       [8]  9A E0 00 01 0F FF 7F F8
17:13:09.702  CAN2  121       [8]  49 D0 2A A9 6A 8A AA 00
17:13:09.702  CAN2  23A       [8]  20 E0 00 00 00 00 00 00
17:13:09.702  CAN2  249       [8]  00 00 00 00 00 00 00 00
17:13:09.702  CAN2  117       [8]  D2 40 00 00 54 00 00 9A
17:13:09.702  CAN2  124       [8]  46 D0 00 15 55 2A A8 00
17:13:09.702  CAN2  1AE       [8]  8A F0 00 01 0F FF 7F F8
17:13:09.702  CAN2  121       [8]  9F E0 2A A9 6A 8A AA 00
17:13:09.702  CAN2  23A       [8]  10 F0 00 00 00 00 00 00
17:13:09.702  CAN2  3B7       [8]  00 41 41 22 22 F9 00 00
17:13:09.702  CAN2  3B7       [8]  01 3F 7F BF 7F 1E 75 00
17:13:09.702  CAN2  3B7       [8]  02 00 00 00 94 11 00 00
17:13:09.702  CAN2  3E5       [8]  10 00 00 00 00 00 00 00
17:13:09.702  CAN2  3B7       [8]  03 00 00 9A 99 99 99 00
17:13:09.702  CAN2  3B7       [8]  04 07 CB 07 C5 0A F8 00
17:13:09.702  CAN2  3B7       [8]  05 12 01 11 00 00 00 01
17:13:09.702  CAN2  117       [8]  E2 40 00 00 54 00 00 8A
17:13:09.702  CAN2  124       [8]  90 E0 00 15 55 2A A8 00
17:13:09.702  CAN2  1AE       [8]  7A 00 00 01 0F FF 7F F8
17:13:09.702  CAN2  3B1       [8]  00 00 00 01 00 00 00 A0
17:13:09.702  CAN2  40A       [8]  0D 02 00 00 00 00 00 00
17:13:09.702  CAN2  3B3       [8]  10 20 00 00 00 85 5F 00
17:13:09.702  CAN2  121       [8]  26 F0 2A A9 6A 8A AA 00
17:13:09.702  CAN2  23A       [8]  00 00 00 00 00 00 00 00
17:13:09.702  CAN2  583       [8]  51 00 11 2C 6D A0 12 0E
17:13:09.702  CAN2  117       [8]  F2 40 00 00 54 00 00 7A
17:13:09.702  CAN2  124       [8]  29 F0 00 15 55 2A A8 00
17:13:09.702  CAN2  1AE       [8]  6A 10 00 01 0F FF 7F F8
17:13:09.702  CAN2  20E       [8]  00 01 00 00 00 10 61 04
17:13:09.702  CAN2  3BD       [8]  00 00 00 00 00 00 00 00
17:13:09.702  CAN2  2C1       [8]  00 08 00 00 0F 00 00 00
17:13:09.702  CAN2  121       [8]  8F 00 2A A9 6A 8A AA 00
17:13:09.702  CAN2  23A       [8]  F0 10 00 00 00 00 00 00
17:13:09.725  CAN2  520       [8]  50 00 32 44 00 00 00 00
17:13:09.725  CAN2  517       [8]  FF 01 0E 00 92 00 4D 41
17:13:09.725  CAN2  518       [8]  00 05 FF 00 00 FF 00 00
17:13:09.725  CAN2  117       [8]  02 40 00 00 54 00 00 6A
17:13:09.725  CAN2  124       [8]  80 00 00 15 55 2A A8 00
17:13:09.725  CAN2  1AE       [8]  5A 20 00 01 0F FF 7F F8
17:13:09.725  CAN2  335       [8]  00 02 00 1C FD 8E F0 00
17:13:09.725  CAN2  632       [8]  04 01 52 01 01 FF FF FF
17:13:09.725  CAN2  636       [8]  04 01 52 01 01 FF FF FF
17:13:09.725  CAN2  121       [8]  36 10 2A A9 6A 8A AA 00
17:13:09.725  CAN2  23A       [8]  E0 20 00 00 00 00 00 00
17:13:09.725  CAN2  247       [8]  00 06 00 00 18 49 08 88
17:13:09.725  CAN2  256       [8]  5B 10 00 61 25 2B A0 44
17:13:09.725  CAN2  29A       [8]  11 0C 00 00 11 01 01 00
17:13:09.725  CAN2  2AB       [8]  00 00 00 00 00 02 2B FE
17:13:09.725  CAN2  2CD       [8]  C0 00 28 00 00 00 40 03
17:13:09.725  CAN2  117       [8]  12 40 00 00 54 00 00 5A
17:13:09.725  CAN2  124       [8]  39 10 00 15 55 2A A8 00
17:13:09.725  CAN2  1AE       [8]  4A 30 00 01 0F FF 7F F8
17:13:09.725  CAN2  3E1       [8]  00 00 00 00 00 00 00 00
17:13:09.725  CAN2  121       [8]  E0 20 2A A9 6A 8A AA 00
17:13:09.725  CAN2  23A       [8]  D0 30 00 00 00 00 00 00
17:13:09.725  CAN2  249       [8]  00 00 00 00 00 00 00 00
17:13:09.725  CAN2  117       [8]  22 40 00 00 54 00 00 4A
17:13:09.725  CAN2  124       [8]  EF 20 00 15 55 2A A8 00
17:13:09.725  CAN2  1AE       [8]  3A 40 00 01 0F FF 7F F8
17:13:09.725  CAN2  121       [8]  59 30 2A A9 6A 8A AA 00
17:13:09.725  CAN2  23A       [8]  C0 40 00 00 00 00 00 00
17:13:09.725  CAN2  3B7       [8]  00 41 41 22 22 F9 00 00
17:13:09.725  CAN2  3B7       [8]  01 3F 7F BF 7F 1E 75 00
17:13:09.725  CAN2  3B7       [8]  02 00 00 00 94 11 00 00
17:13:09.725  CAN2  3E5       [8]  10 00 00 00 00 00 00 00
17:13:09.762  CAN2  3B7       [8]  03 00 00 9A 99 99 99 00
17:13:09.762  CAN2  3B7       [8]  04 07 CB 07 C5 0A F8 00
17:13:09.762  CAN2  3B7       [8]  05 12 01 11 00 00 00 01
17:13:09.762  CAN2  117       [8]  32 40 00 00 54 00 00 3A
17:13:09.762  CAN2  124       [8]  56 30 00 15 55 2A A8 00
17:13:09.762  CAN2  1AE       [8]  2A 50 00 01 0F FF 7F F8
17:13:09.762  CAN2  2B2       [8]  22 10 00 00 41 00 90 41
17:13:09.762  CAN2  3B1       [8]  00 00 00 01 00 00 00 A0
17:13:09.762  CAN2  3B3       [8]  10 20 00 00 00 85 5F 00
17:13:09.762  CAN2  435       [8]  00 00 00 00 00 00 00 00
17:13:09.762  CAN2  42D       [8]  00 08 00 00 00 00 12 40
17:13:09.762  CAN2  121       [8]  51 40 2A A9 6A 8A AA 00
17:13:09.762  CAN2  23A       [8]  B0 50 00 00 00 00 00 00
17:13:09.762  CAN2  359       [8]  00 28 5D C0 FF 00 02 00
17:13:09.762  CAN2  583       [8]  51 00 11 2C 6D A0 12 0E
17:13:09.762  CAN2  117       [8]  42 40 00 00 54 00 00 2A
17:13:09.762  CAN2  124       [8]  5E 40 00 15 55 2A A8 00
17:13:09.762  CAN2  1AE       [8]  1A 60 00 01 0F FF 7F F8
17:13:09.762  CAN2  20E       [8]  00 01 00 00 00 10 61 04
17:13:09.762  CAN2  3BD       [8]  00 00 00 00 00 00 00 00
17:13:09.762  CAN2  121       [8]  E8 50 2A A9 6A 8A AA 00
17:13:09.762  CAN2  23A       [8]  A0 60 00 00 00 00 00 00
17:13:09.762  CAN2  520       [8]  50 00 32 44 00 00 00 00
17:13:09.762  CAN2  517       [8]  FF 01 0E 00 92 00 4D 41
17:13:09.762  CAN2  2C1       [8]  00 08 00 00 0F 00 00 00
17:13:09.762  CAN2  518       [8]  00 05 FF 00 00 FF 00 00
17:13:09.762  CAN2  117       [8]  52 40 00 00 54 00 00 1A
17:13:09.762  CAN2  124       [8]  E7 50 00 15 55 2A A8 00
17:13:09.762  CAN2  1AE       [8]  0A 70 00 01 0F FF 7F F8
17:13:09.762  CAN2  335       [8]  00 02 00 1C FD 8E F0 00
17:13:09.762  CAN2  631       [8]  04 03 48 01 01 00 00 00
17:13:09.762  CAN2  121       [8]  3E 60 2A A9 6A 8A AA 00
17:13:09.786  CAN2  23A       [8]  90 70 00 00 00 00 00 00
17:13:09.786  CAN2  247       [8]  00 06 00 00 18 49 08 88
17:13:09.786  CAN2  29A       [8]  11 0C 00 00 11 01 01 00
17:13:09.786  CAN2  2AB       [8]  00 00 00 00 00 02 2B FE
17:13:09.786  CAN2  2CD       [8]  C0 00 28 00 00 00 40 03
17:13:09.786  CAN2  117       [8]  62 40 00 00 54 00 00 0A
17:13:09.786  CAN2  124       [8]  31 60 00 15 55 2A A8 00
17:13:09.786  CAN2  1AE       [8]  FA 80 00 01 0F FF 7F F8
17:13:09.786  CAN2  3E1       [8]  00 00 00 00 00 00 00 00
17:13:09.786  CAN2  121       [8]  87 70 2A A9 6A 8A AA 00
17:13:09.786  CAN2  23A       [8]  80 80 00 00 00 00 00 00
17:13:09.786  CAN2  249       [8]  00 00 00 00 00 00 00 00
17:13:09.786  CAN2  117       [8]  72 40 00 00 54 00 00 FA
17:13:09.786  CAN2  124       [8]  88 70 00 15 55 2A A8 00
17:13:09.786  CAN2  1AE       [8]  EA 90 00 01 0F FF 7F F8
17:13:09.786  CAN2  121       [8]  2E 80 2A A9 6A 8A AA 00
17:13:09.786  CAN2  23A       [8]  70 90 00 00 00 00 00 00
17:13:09.786  CAN2  3B7       [8]  00 41 41 22 22 F9 00 00
17:13:09.786  CAN2  3B7       [8]  01 3F 7F BF 7F 1E 75 00
17:13:09.786  CAN2  3B7       [8]  02 00 00 00 94 11 00 00
17:13:09.786  CAN2  3E5       [8]  10 00 00 00 00 00 00 00
17:13:09.786  CAN2  3B7       [8]  03 00 00 9A 99 99 99 00
17:13:09.786  CAN2  3B7       [8]  04 07 CB 07 C5 0A F9 00
17:13:09.786  CAN2  3B7       [8]  05 12 01 11 00 00 00 01
17:13:09.786  CAN2  117       [8]  82 40 00 00 54 00 00 EA
17:13:09.786  CAN2  124       [8]  21 80 00 15 55 2A A8 00
17:13:09.786  CAN2  1AE       [8]  DA A0 00 01 0F FF 7F F8
17:13:09.786  CAN2  3B1       [8]  00 00 00 01 00 00 00 A0
17:13:09.786  CAN2  3B3       [8]  10 20 00 00 00 85 5F 00
17:13:09.786  CAN2  121       [8]  97 90 2A A9 6A 8A AA 00
17:13:09.786  CAN2  23A       [8]  60 A0 00 00 00 00 00 00
17:13:09.786  CAN2  583       [8]  51 00 11 2C 6D A0 12 0E
17:13:09.824  CAN2  40D       [8]  01 02 00 00 00 00 00 00
17:13:09.824  CAN2  117       [8]  92 40 00 00 54 00 00 DA
17:13:09.824  CAN2  124       [8]  98 90 00 15 55 2A A8 00
17:13:09.824  CAN2  1AE       [8]  CA B0 00 01 0F FF 7F F8
17:13:09.824  CAN2  20E       [8]  00 01 00 00 00 10 61 04
17:13:09.824  CAN2  3BD       [8]  00 00 00 00 00 00 00 00
17:13:09.824  CAN2  121       [8]  41 A0 2A A9 6A 8A AA 00
17:13:09.824  CAN2  23A       [8]  50 B0 00 00 00 00 00 00
17:13:09.824  CAN2  520       [8]  50 00 32 44 00 00 00 00
17:13:09.824  CAN2  517       [8]  FF 01 0E 00 92 00 4D 41
17:13:09.824  CAN2  518       [8]  00 05 FF 00 00 FF 00 00
17:13:09.824  CAN2  117       [8]  A2 40 00 00 54 00 00 CA
17:13:09.824  CAN2  124       [8]  4E A0 00 15 55 2A A8 00
17:13:09.824  CAN2  1AE       [8]  BA C0 00 01 0F FF 7F F8
17:13:09.824  CAN2  335       [8]  00 02 00 1C FD 8E F0 00
17:13:09.824  CAN2  2C1       [8]  00 08 00 00 0F 00 00 00
17:13:09.824  CAN2  121       [8]  F8 B0 2A A9 6A 8A AA 00
17:13:09.824  CAN2  23A       [8]  40 C0 00 00 00 00 00 00
17:13:09.824  CAN2  247       [8]  00 06 00 00 18 49 08 88
17:13:09.824  CAN2  256       [8]  5A 10 00 61 25 2B A1 44
17:13:09.824  CAN2  29A       [8]  11 0C 00 00 11 01 01 00
17:13:09.824  CAN2  2AB       [8]  00 00 00 00 00 02 2B FE
17:13:09.824  CAN2  2CD       [8]  C0 00 28 00 00 00 40 03
17:13:09.824  CAN2  117       [8]  B2 40 00 00 54 00 00 BA
17:13:09.824  CAN2  124       [8]  F7 B0 00 15 55 2A A8 00
17:13:09.824  CAN2  1AE       [8]  AA D0 00 01 0F FF 7F F8
17:13:09.824  CAN2  3E1       [8]  00 00 00 00 00 00 00 00
17:13:09.824  CAN2  121       [8]  F0 C0 2A A9 6A 8A AA 00
17:13:09.824  CAN2  23A       [8]  30 D0 00 00 00 00 00 00
17:13:09.824  CAN2  249       [8]  00 00 00 00 00 00 00 00
17:13:09.824  CAN2  117       [8]  C2 40 00 00 54 00 00 AA
17:13:09.824  CAN2  124       [8]  FF C0 00 15 55 2A A8 00
17:13:09.848  CAN2  1AE       [8]  9A E0 00 01 0F FF 7F F8
17:13:09.848  CAN2  121       [8]  49 D0 2A A9 6A 8A AA 00
17:13:09.848  CAN2  23A       [8]  20 E0 00 00 00 00 00 00
17:13:09.848  CAN2  3B7       [8]  00 41 41 22 22 F9 00 00
17:13:09.848  CAN2  3B7       [8]  01 3F 7F BF 7F 1E 75 00
17:13:09.848  CAN2  3B7       [8]  02 00 00 00 94 11 00 00
17:13:09.848  CAN2  3E5       [8]  10 00 00 00 00 00 00 00
17:13:09.848  CAN2  3B7       [8]  03 00 00 9A 99 99 99 00
17:13:09.848  CAN2  3B7       [8]  04 07 CB 07 C5 0A F8 00
17:13:09.848  CAN2  3B7       [8]  05 12 01 11 00 00 00 01
17:13:09.848  CAN2  117       [8]  D2 40 00 00 54 00 00 9A
17:13:09.848  CAN2  124       [8]  46 D0 00 15 55 2A A8 00
17:13:09.848  CAN2  1AE       [8]  8A F0 00 01 0F FF 7F F8
17:13:09.848  CAN2  2B2       [8]  32 20 00 00 41 00 90 41
17:13:09.848  CAN2  3C2       [8]  00 00 00 42 00 00 00 09
17:13:09.848  CAN2  3B1       [8]  00 00 00 01 00 00 00 A0
17:13:09.848  CAN2  3B3       [8]  10 20 00 00 00 85 5F 00
17:13:09.848  CAN2  435       [8]  00 00 00 00 00 00 00 00
17:13:09.848  CAN2  42D       [8]  00 08 00 00 00 00 12 40
17:13:09.848  CAN2  121       [8]  9F E0 2A A9 6A 8A AA 00
17:13:09.848  CAN2  23A       [8]  10 F0 00 00 00 00 00 00
17:13:09.848  CAN2  359       [8]  00 28 5D C0 FF 00 02 00
17:13:09.848  CAN2  583       [8]  51 00 11 2C 6D A0 12 0E
17:13:09.848  CAN2  117       [8]  E2 40 00 00 54 00 00 8A
17:13:09.848  CAN2  124       [8]  90 E0 00 15 55 2A A8 00
17:13:09.848  CAN2  1AE       [8]  7A 00 00 01 0F FF 7F F8
17:13:09.848  CAN2  20E       [8]  00 01 00 00 00 10 61 04
17:13:09.848  CAN2  3BD       [8]  00 00 00 00 00 00 00 00
17:13:09.848  CAN2  121       [8]  26 F0 2A A9 6A 8A AA 00
17:13:09.848  CAN2  23A       [8]  00 00 00 00 00 00 00 00
17:13:09.848  CAN2  520       [8]  50 00 32 44 00 00 00 00
17:13:09.848  CAN2  517       [8]  FF 01 0E 00 92 00 4D 41
17:13:09.885  CAN2  518       [8]  00 05 FF 00 00 FF 00 00
17:13:09.885  CAN2  117       [8]  F2 40 00 00 54 00 00 7A
17:13:09.885  CAN2  124       [8]  29 F0 00 15 55 2A A8 00
17:13:09.885  CAN2  1AE       [8]  6A 10 00 01 0F FF 7F F8
17:13:09.885  CAN2  335       [8]  00 02 00 1C FD 8E F0 00
17:13:09.885  CAN2  121       [8]  8F 00 2A A9 6A 8A AA 00
17:13:09.885  CAN2  23A       [8]  F0 10 00 00 00 00 00 00
17:13:09.885  CAN2  247       [8]  00 06 00 00 18 49 08 88
17:13:09.885  CAN2  2C1       [8]  00 08 00 00 0F 00 00 00
17:13:09.885  CAN2  29A       [8]  11 0C 00 00 11 01 01 00
17:13:09.885  CAN2  2AB       [8]  00 00 00 00 00 02 2B FE
17:13:09.885  CAN2  2CD       [8]  C0 00 28 00 00 00 40 03
17:13:09.885  CAN2  117       [8]  02 40 00 00 54 00 00 6A
17:13:09.885  CAN2  124       [8]  80 00 00 15 55 2A A8 00
17:13:09.885  CAN2  1AE       [8]  5A 20 00 01 0F FF 7F F8
17:13:09.885  CAN2  121       [8]  36 10 2A A9 6A 8A AA 00
17:13:09.885  CAN2  23A       [8]  E0 20 00 00 00 00 00 00
17:13:09.885  CAN2  249       [8]  00 00 00 00 00 00 00 00
17:13:09.885  CAN2  3E1       [8]  00 00 00 00 00 00 00 00
17:13:09.885  CAN2  117       [8]  12 40 00 00 54 00 00 5A
17:13:09.885  CAN2  124       [8]  39 10 00 15 55 2A A8 00
17:13:09.885  CAN2  1AE       [8]  4A 30 00 01 0F FF 7F F8
17:13:09.885  CAN2  580       [8]  7E A5 02 13 0D 4A 00 00
17:13:09.885  CAN2  121       [8]  E0 20 2A A9 6A 8A AA 00
17:13:09.885  CAN2  23A       [8]  D0 30 00 00 00 00 00 00
17:13:09.885  CAN2  3B7       [8]  00 41 41 22 22 F9 00 00
17:13:09.885  CAN2  3B7       [8]  01 3F 7F BF 7F 1E 75 00
17:13:09.885  CAN2  3B7       [8]  02 00 00 00 94 11 00 00
17:13:09.885  CAN2  3E5       [8]  10 00 00 00 00 00 00 00
17:13:09.885  CAN2  3B7       [8]  03 00 00 9A 99 99 99 00
17:13:09.885  CAN2  3B7       [8]  04 07 CB 07 C5 0A F8 00
17:13:09.885  CAN2  3B7       [8]  05 12 01 11 00 00 00 01
17:13:09.908  CAN2  117       [8]  22 40 00 00 54 00 00 4A
17:13:09.908  CAN2  124       [8]  EF 20 00 15 55 2A A8 00
17:13:09.908  CAN2  1AE       [8]  3A 40 00 01 0F FF 7F F8
17:13:09.908  CAN2  3B1       [8]  00 00 00 01 00 00 00 A0
17:13:09.908  CAN2  3B3       [8]  10 20 00 00 00 85 5F 00
17:13:09.908  CAN2  121       [8]  59 30 2A A9 6A 8A AA 00
17:13:09.908  CAN2  23A       [8]  C0 40 00 00 00 00 00 00
17:13:09.908  CAN2  583       [8]  51 00 11 2C 6D A0 12 0E
17:13:09.908  CAN2  401       [8]  02 02 00 00 00 00 00 00
17:13:09.908  CAN2  117       [8]  32 40 00 00 54 00 00 3A
17:13:09.908  CAN2  124       [8]  56 30 00 15 55 2A A8 00
17:13:09.908  CAN2  1AE       [8]  2A 50 00 01 0F FF 7F F8
17:13:09.908  CAN2  20E       [8]  00 01 00 00 00 10 61 04
17:13:09.908  CAN2  3BD       [8]  00 00 00 00 00 00 00 00
17:13:09.908  CAN2  121       [8]  51 40 2A A9 6A 8A AA 00
17:13:09.908  CAN2  23A       [8]  B0 50 00 00 00 00 00 00
17:13:09.908  CAN2  520       [8]  50 00 32 44 00 00 00 00
17:13:09.908  CAN2  517       [8]  FF 01 0E 00 92 00 4D 41
17:13:09.908  CAN2  518       [8]  00 05 FF 00 00 FF 00 00
17:13:09.908  CAN2  117       [8]  42 40 00 00 54 00 00 2A
17:13:09.908  CAN2  124       [8]  5E 40 00 15 55 2A A8 00
17:13:09.908  CAN2  1AE       [8]  1A 60 00 01 0F FF 7F F8
17:13:09.908  CAN2  335       [8]  00 02 00 1C FD 8E F0 00
17:13:09.908  CAN2  632       [8]  04 01 52 01 01 FF FF FF
17:13:09.908  CAN2  636       [8]  04 01 52 01 01 FF FF FF
17:13:09.908  CAN2  121       [8]  E8 50 2A A9 6A 8A AA 00
17:13:09.908  CAN2  23A       [8]  A0 60 00 00 00 00 00 00
17:13:09.908  CAN2  247       [8]  00 06 00 00 18 49 08 88
17:13:09.908  CAN2  256       [8]  59 10 00 61 25 2B A2 44
17:13:09.908  CAN2  29A       [8]  11 0C 00 00 11 01 01 00
17:13:09.908  CAN2  2AB       [8]  00 00 00 00 00 02 2B FE
17:13:09.908  CAN2  2CD       [8]  C0 00 28 00 00 00 40 03
17:13:09.933  CAN2  117       [8]  52 40 00 00 54 00 00 1A
17:13:09.933  CAN2  124       [8]  E7 50 00 15 55 2A A8 00
17:13:09.933  CAN2  1AE       [8]  0A 70 00 01 0F FF 7F F8
17:13:09.933  CAN2  2C1       [8]  00 08 00 00 0F 00 00 00
17:13:09.933  CAN2  121       [8]  3E 60 2A A9 6A 8A AA 00
17:13:09.933  CAN2  23A       [8]  90 70 00 00 00 00 00 00
17:13:09.933  CAN2  249       [8]  00 00 00 00 00 00 00 00
17:13:09.933  CAN2  3E1       [8]  00 00 00 00 00 00 00 00
17:13:09.933  CAN2  117       [8]  62 40 00 00 54 00 00 0A
17:13:09.933  CAN2  124       [8]  31 60 00 15 55 2A A8 00
17:13:09.933  CAN2  1AE       [8]  FA 80 00 01 0F FF 7F F8
17:13:09.933  CAN2  121       [8]  87 70 2A A9 6A 8A AA 00
17:13:09.933  CAN2  23A       [8]  80 80 00 00 00 00 00 00
17:13:09.933  CAN2  3B7       [8]  00 41 41 22 22 F9 00 00
17:13:09.933  CAN2  3B7       [8]  01 3F 7F BF 7F 1E 75 00
17:13:09.933  CAN2  3B7       [8]  02 00 00 00 94 11 00 00
17:13:09.933  CAN2  3E5       [8]  10 00 00 00 00 00 00 00
17:13:09.933  CAN2  3B7       [8]  03 00 00 9A 99 99 99 00
17:13:09.933  CAN2  3B7       [8]  04 07 CC 07 C6 0A F8 00
17:13:09.933  CAN2  3B7       [8]  05 12 01 11 00 00 00 01
17:13:09.933  CAN2  117       [8]  72 40 00 00 54 00 00 FA
17:13:09.933  CAN2  124       [8]  88 70 00 15 55 2A A8 00
17:13:09.933  CAN2  1AE       [8]  EA 90 00 01 0F FF 7F F8
17:13:09.933  CAN2  2B2       [8]  42 30 00 00 41 00 90 41
17:13:09.933  CAN2  3B1       [8]  00 00 00 01 00 00 00 A0
17:13:09.933  CAN2  3B3       [8]  10 20 00 00 00 85 5F 00
17:13:09.933  CAN2  435       [8]  00 00 00 00 00 00 00 00
17:13:09.933  CAN2  42D       [8]  00 08 00 00 00 00 12 40
17:13:09.933  CAN2  121       [8]  2E 80 2A A9 6A 8A AA 00
17:13:09.933  CAN2  23A       [8]  70 90 00 00 00 00 00 00
17:13:09.933  CAN2  359       [8]  00 28 5D C0 FF 00 02 00
17:13:09.933  CAN2  583       [8]  51 00 11 2C 6D A0 12 0E
17:13:09.970  CAN2  117       [8]  82 40 00 00 54 00 00 EA
17:13:09.970  CAN2  124       [8]  21 80 00 15 55 2A A8 00
17:13:09.970  CAN2  1AE       [8]  DA A0 00 01 0F FF 7F F8
17:13:09.970  CAN2  20E       [8]  00 01 00 00 00 10 61 04
17:13:09.970  CAN2  3BD       [8]  00 00 00 00 00 00 00 00
17:13:09.970  CAN2  121       [8]  97 90 2A A9 6A 8A AA 00
17:13:09.970  CAN2  23A       [8]  60 A0 00 00 00 00 00 00
17:13:09.970  CAN2  520       [8]  50 00 32 44 00 00 00 00
17:13:09.970  CAN2  517       [8]  FF 01 0E 00 92 00 4D 41
17:13:09.970  CAN2  518       [8]  00 05 FF 00 00 FF 00 00
17:13:09.970  CAN2  117       [8]  92 40 00 00 54 00 00 DA
17:13:09.970  CAN2  124       [8]  98 90 00 15 55 2A A8 00
17:13:09.970  CAN2  1AE       [8]  CA B0 00 01 0F FF 7F F8
17:13:09.970  CAN2  335       [8]  00 02 00 1C FD 8E F0 00
17:13:09.970  CAN2  631       [8]  04 03 48 01 01 00 00 00
17:13:09.970  CAN2  121       [8]  41 A0 2A A9 6A 8A AA 00
17:13:09.970  CAN2  23A       [8]  50 B0 00 00 00 00 00 00
17:13:09.970  CAN2  247       [8]  00 06 00 00 18 49 08 88
17:13:09.970  CAN2  29A       [8]  11 0C 00 00 11 01 01 00
17:13:09.970  CAN2  2AB       [8]  00 00 00 00 00 02 2B FE
17:13:09.970  CAN2  2CD       [8]  C0 00 28 00 00 00 40 03
17:13:09.970  CAN2  117       [8]  A2 40 00 00 54 00 00 CA
17:13:09.970  CAN2  124       [8]  4E A0 00 15 55 2A A8 00
17:13:09.970  CAN2  1AE       [8]  BA C0 00 01 0F FF 7F F8
17:13:09.970  CAN2  121       [8]  F8 B0 2A A9 6A 8A AA 00
17:13:09.970  CAN2  23A       [8]  40 C0 00 00 00 00 00 00
17:13:09.970  CAN2  249       [8]  00 00 00 00 00 00 00 00
17:13:09.970  CAN2  2C1       [8]  00 08 00 00 0F 00 00 00
17:13:09.970  CAN2  117       [8]  B2 40 00 00 54 00 00 BA
17:13:09.970  CAN2  124       [8]  F7 B0 00 15 55 2A A8 00
17:13:09.970  CAN2  1AE       [8]  AA D0 00 01 0F FF 7F F8
17:13:09.970  CAN2  3E1       [8]  00 00 00 00 00 00 00 00
17:13:10.007  CAN2  121       [8]  F0 C0 2A A9 6A 8A AA 00
17:13:10.007  CAN2  23A       [8]  30 D0 00 00 00 00 00 00
17:13:10.007  CAN2  3B7       [8]  00 41 41 22 22 F9 00 00
17:13:10.007  CAN2  3B7       [8]  01 3F 7F BF 7F 1E 75 00
17:13:10.007  CAN2  3B7       [8]  02 00 00 00 94 11 00 00
17:13:10.007  CAN2  3E5       [8]  10 00 00 00 00 00 00 00
17:13:10.007  CAN2  3B7       [8]  03 00 00 9A 99 99 99 00
17:13:10.007  CAN2  3B7       [8]  04 07 CB 07 C5 0A F8 00
17:13:10.007  CAN2  402       [8]  06 02 00 00 00 00 00 00
17:13:10.007  CAN2  3B7       [8]  05 12 01 11 00 00 00 01
17:13:10.007  CAN2  117       [8]  C2 40 00 00 54 00 00 AA
17:13:10.007  CAN2  124       [8]  FF C0 00 15 55 2A A8 00
17:13:10.007  CAN2  1AE       [8]  9A E0 00 01 0F FF 7F F8
17:13:10.007  CAN2  3B1       [8]  00 00 00 01 00 00 00 A0
17:13:10.007  CAN2  3B3       [8]  10 20 00 00 00 85 5F 00
17:13:10.007  CAN2  121       [8]  49 D0 2A A9 6A 8A AA 00
17:13:10.007  CAN2  23A       [8]  20 E0 00 00 00 00 00 00
17:13:10.007  CAN2  583       [8]  51 00 11 2C 6D A0 12 0E
17:13:10.007  CAN2  117       [8]  D2 40 00 00 54 00 00 9A
17:13:10.007  CAN2  124       [8]  46 D0 00 15 55 2A A8 00
17:13:10.007  CAN2  1AE       [8]  8A F0 00 01 0F FF 7F F8
17:13:10.007  CAN2  20E       [8]  00 01 00 00 00 10 61 04
17:13:10.007  CAN2  3BD       [8]  00 00 00 00 00 00 00 00
17:13:10.007  CAN2  121       [8]  9F E0 2A A9 6A 8A AA 00
17:13:10.007  CAN2  23A       [8]  10 F0 00 00 00 00 00 00
17:13:10.007  CAN2  520       [8]  50 00 32 44 00 00 00 00
17:13:10.007  CAN2  517       [8]  FF 01 0E 00 92 00 4D 41
17:13:10.007  CAN2  518       [8]  00 05 FF 00 00 FF 00 00
17:13:10.007  CAN2  117       [8]  E2 40 00 00 54 00 00 8A
17:13:10.007  CAN2  124       [8]  90 E0 00 15 55 2A A8 00
17:13:10.007  CAN2  1AE       [8]  7A 00 00 01 0F FF 7F F8
17:13:10.007  CAN2  335       [8]  00 02 00 1C FD 8E F0 00
17:13:10.031  CAN2  121       [8]  26 F0 2A A9 6A 8A AA 00
17:13:10.031  CAN2  23A       [8]  00 00 00 00 00 00 00 00
17:13:10.031  CAN2  247       [8]  00 06 00 00 18 49 08 88
17:13:10.031  CAN2  256       [8]  58 10 00 61 25 2B A3 44
17:13:10.031  CAN2  29A       [8]  11 0C 00 00 11 01 01 00
17:13:10.031  CAN2  2AB       [8]  00 00 00 00 00 02 2B FE
17:13:10.031  CAN2  2CD       [8]  C0 00 28 00 00 00 40 03
17:13:10.031  CAN2  117       [8]  F2 40 00 00 54 00 00 7A
17:13:10.031  CAN2  124       [8]  29 F0 00 15 55 2A A8 00
17:13:10.031  CAN2  1AE       [8]  6A 10 00 01 0F FF 7F F8
17:13:10.031  CAN2  121       [8]  8F 00 2A A9 6A 8A AA 00
17:13:10.031  CAN2  23A       [8]  F0 10 00 00 00 00 00 00
17:13:10.031  CAN2  249       [8]  00 00 00 00 00 00 00 00
17:13:10.031  CAN2  117       [8]  02 40 00 00 54 00 00 6A
17:13:10.031  CAN2  124       [8]  80 00 00 15 55 2A A8 00
17:13:10.031  CAN2  1AE       [8]  5A 20 00 01 0F FF 7F F8
17:13:10.031  CAN2  2C1       [8]  00 08 00 00 0F 00 00 00
17:13:10.031  CAN2  3E1       [8]  00 00 00 00 00 00 00 00
17:13:10.031  CAN2  121       [8]  36 10 2A A9 6A 8A AA 00
17:13:10.031  CAN2  23A       [8]  E0 20 00 00 00 00 00 00
17:13:10.031  CAN2  3B7       [8]  00 41 41 22 22 F9 00 00
17:13:10.031  CAN2  3B7       [8]  01 3F 7F BF 7F 1E 75 00
17:13:10.031  CAN2  3B7       [8]  02 00 00 00 94 11 00 00
17:13:10.031  CAN2  3E5       [8]  10 00 00 00 00 00 00 00
17:13:10.031  CAN2  3B7       [8]  03 00 00 9A 99 99 99 00
17:13:10.031  CAN2  3B7       [8]  04 07 CB 07 C5 0A F8 00
17:13:10.031  CAN2  3B7       [8]  05 12 01 11 00 00 00 01
17:13:10.031  CAN2  117       [8]  12 40 00 00 54 00 00 5A
17:13:10.031  CAN2  124       [8]  39 10 00 15 55 2A A8 00
17:13:10.031  CAN2  1AE       [8]  4A 30 00 01 0F FF 7F F8
17:13:10.031  CAN2  2B2       [8]  52 40 00 00 41 00 90 41
17:13:10.031  CAN2  3B1       [8]  00 00 00 01 00 00 00 A0
17:13:10.069  CAN2  3B3       [8]  10 20 00 00 00 85 5F 00
17:13:10.069  CAN2  435       [8]  00 00 00 00 00 00 00 00
17:13:10.069  CAN2  42D       [8]  00 08 00 00 00 00 12 40
17:13:10.069  CAN2  121       [8]  E0 20 2A A9 6A 8A AA 00
17:13:10.069  CAN2  23A       [8]  D0 30 00 00 00 00 00 00
17:13:10.069  CAN2  359       [8]  00 28 5D C0 FF 00 02 00
17:13:10.069  CAN2  583       [8]  51 00 11 2C 6D A0 12 0E
17:13:10.069  CAN2  117       [8]  22 40 00 00 54 00 00 4A
17:13:10.069  CAN2  124       [8]  EF 20 00 15 55 2A A8 00
17:13:10.069  CAN2  1AE       [8]  3A 40 00 01 0F FF 7F F8
17:13:10.069  CAN2  20E       [8]  00 01 00 00 00 10 61 04
17:13:10.069  CAN2  3BD       [8]  00 00 00 00 00 00 00 00
17:13:10.069  CAN2  121       [8]  59 30 2A A9 6A 8A AA 00
17:13:10.069  CAN2  23A       [8]  C0 40 00 00 00 00 00 00
17:13:10.069  CAN2  520       [8]  50 00 32 44 00 00 00 00
17:13:10.069  CAN2  517       [8]  FF 01 0E 00 92 00 4D 41
17:13:10.069  CAN2  518       [8]  00 05 FF 00 00 FF 00 00
17:13:10.069  CAN2  117       [8]  32 40 00 00 57 00 00 37
17:13:10.069  CAN2  124       [8]  56 30 00 15 55 2A A8 00
17:13:10.069  CAN2  1AE       [8]  2A 50 00 01 0F FF 7F F8
17:13:10.069  CAN2  335       [8]  00 02 00 1C FD 8E F0 00
17:13:10.069  CAN2  121       [8]  51 40 2A A9 6A 8A AA 00
17:13:10.069  CAN2  23A       [8]  B0 50 00 00 00 00 00 00
17:13:10.069  CAN2  247       [8]  00 06 00 00 18 49 08 88
17:13:10.069  CAN2  29A       [8]  11 0C 00 00 11 01 01 00
17:13:10.069  CAN2  2AB       [8]  00 00 00 00 00 02 2B FE
17:13:10.069  CAN2  2CD       [8]  C0 00 28 00 00 00 40 03
17:13:10.069  CAN2  117       [8]  42 40 00 00 57 00 00 27
17:13:10.069  CAN2  124       [8]  5E 40 00 15 55 2A A8 00
17:13:10.069  CAN2  1AE       [8]  1A 60 00 01 0F FF 7F F8
17:13:10.069  CAN2  121       [8]  E8 50 2A A9 6A 8A AA 00
17:13:10.069  CAN2  23A       [8]  A0 60 00 00 00 00 00 00
17:13:10.094  CAN2  249       [8]  00 00 00 00 00 00 00 00
17:13:10.094  CAN2  117       [8]  52 40 00 00 57 00 00 17
17:13:10.094  CAN2  124       [8]  E7 50 00 15 55 2A A8 00
17:13:10.094  CAN2  1AE       [8]  0A 70 00 01 0F FF 7F F8
17:13:10.094  CAN2  406       [8]  09 02 00 00 00 00 00 00
17:13:10.094  CAN2  3E1       [8]  00 00 00 00 00 00 00 00
17:13:10.094  CAN2  121       [8]  3E 60 2A A9 6A 8A AA 00
17:13:10.094  CAN2  23A       [8]  90 70 00 00 00 00 00 00
17:13:10.094  CAN2  2C1       [8]  00 08 00 00 0F 00 00 00
17:13:10.094  CAN2  3B7       [8]  00 41 41 22 22 F9 00 00
17:13:10.094  CAN2  3B7       [8]  01 3F 7F BF 7F 1E 75 00
17:13:10.094  CAN2  3B7       [8]  02 00 00 00 94 11 00 00
17:13:10.094  CAN2  3E5       [8]  10 00 00 00 00 00 00 00
17:13:10.094  CAN2  3B7       [8]  03 00 00 9A 99 99 99 00
17:13:10.094  CAN2  3B7       [8]  04 07 CB 07 C5 0A F9 00
17:13:10.094  CAN2  3B7       [8]  05 12 01 11 00 00 00 01
17:13:10.094  CAN2  117       [8]  62 40 00 00 57 00 00 07
17:13:10.094  CAN2  124       [8]  31 60 00 15 55 2A A8 00
17:13:10.094  CAN2  1AE       [8]  FA 80 00 01 0F FF 7F F8
17:13:10.094  CAN2  3B1       [8]  00 00 00 01 00 00 00 A0
17:13:10.094  CAN2  3B3       [8]  10 20 00 00 00 85 5F 00
17:13:10.094  CAN2  121       [8]  87 70 2A A9 6A 8A AA 00
17:13:10.094  CAN2  23A       [8]  80 80 00 00 00 00 00 00
17:13:10.094  CAN2  583       [8]  51 00 11 2C 6D A0 12 0E
17:13:10.094  CAN2  117       [8]  72 40 00 00 57 00 00 F7
17:13:10.094  CAN2  124       [8]  88 70 00 15 55 2A A8 00
17:13:10.094  CAN2  1AE       [8]  EA 90 00 01 0F FF 7F F8
17:13:10.094  CAN2  20E       [8]  00 01 00 00 00 13 61 04
17:13:10.094  CAN2  3BD       [8]  00 00 00 00 00 00 00 00
17:13:10.094  CAN2  121       [8]  2E 80 2A A9 6A 8A AA 00
17:13:10.094  CAN2  23A       [8]  70 90 00 00 00 00 00 00
17:13:10.094  CAN2  520       [8]  50 00 32 44 00 00 00 00
17:13:10.130  CAN2  517       [8]  FF 01 0E 00 92 00 4D 41
17:13:10.130  CAN2  518       [8]  00 05 FF 00 00 FF 00 00
17:13:10.130  CAN2  117       [8]  82 40 00 00 57 00 00 E7
17:13:10.130  CAN2  124       [8]  21 80 00 15 55 2A A8 00
17:13:10.130  CAN2  1AE       [8]  DA A0 00 01 0F FF 7F F8
17:13:10.130  CAN2  335       [8]  00 02 00 1C FD 8E F0 00
17:13:10.130  CAN2  632       [8]  04 01 52 01 01 FF FF FF
17:13:10.130  CAN2  121       [8]  97 90 2A A9 6A 8A AA 00
17:13:10.130  CAN2  23A       [8]  60 A0 00 00 00 00 00 00
17:13:10.130  CAN2  247       [8]  00 06 00 00 18 09 08 88
17:13:10.130  CAN2  256       [8]  57 10 00 61 25 2B A4 44
17:13:10.130  CAN2  29A       [8]  11 0C 00 00 11 01 01 00
17:13:10.130  CAN2  2AB       [8]  00 00 00 00 00 02 2B FE
17:13:10.130  CAN2  2CD       [8]  C0 00 28 00 00 00 40 03
17:13:10.130  CAN2  636       [8]  04 01 52 01 01 FF FF FF
17:13:10.130  CAN2  117       [8]  92 40 00 00 57 00 00 D7
17:13:10.130  CAN2  124       [8]  98 90 00 15 55 2A A8 00
17:13:10.130  CAN2  1AE       [8]  CA B0 00 01 0F FF 7F F8
17:13:10.130  CAN2  121       [8]  41 A0 2A A9 6A 8A AA 00
17:13:10.130  CAN2  23A       [8]  50 B0 00 00 00 00 00 00
17:13:10.130  CAN2  249       [8]  00 00 00 00 00 00 00 00
17:13:10.130  CAN2  117       [8]  A2 40 00 00 57 00 00 C7
17:13:10.130  CAN2  124       [8]  4E A0 00 15 55 2A A8 00
17:13:10.130  CAN2  1AE       [8]  BA C0 00 01 0F FF 7F F8
17:13:10.130  CAN2  121       [8]  F8 B0 2A A9 6A 8A AA 00
17:13:10.130  CAN2  23A       [8]  40 C0 00 00 00 00 00 00
17:13:10.130  CAN2  2C1       [8]  00 08 00 00 0F 00 00 00
17:13:10.130  CAN2  3B7       [8]  00 41 41 22 22 F9 00 00
17:13:10.130  CAN2  3B7       [8]  01 3F 7F BF 7F 1E 75 00
17:13:10.130  CAN2  3E1       [8]  00 00 00 00 00 00 00 00
17:13:10.130  CAN2  3B7       [8]  02 00 00 00 94 11 00 00
17:13:10.130  CAN2  3E5       [8]  10 00 00 00 00 00 00 00
17:13:10.154  CAN2  3B7       [8]  03 00 00 9A 99 99 99 00
17:13:10.154  CAN2  3B7       [8]  04 07 CB 07 C6 0A F8 00
17:13:10.154  CAN2  3B7       [8]  05 12 01 11 00 00 00 01
17:13:10.154  CAN2  117       [8]  B2 40 00 00 57 00 00 B7
17:13:10.154  CAN2  124       [8]  F7 B0 00 15 55 2A A8 00
17:13:10.154  CAN2  1AE       [8]  AA D0 00 01 0F FF 7F F8
17:13:10.154  CAN2  2B2       [8]  62 50 00 00 41 00 90 41
17:13:10.154  CAN2  3B1       [8]  00 00 00 01 00 00 00 A0
17:13:10.154  CAN2  3B3       [8]  10 20 00 00 00 85 5F 00
17:13:10.154  CAN2  435       [8]  00 00 00 00 00 00 00 00
17:13:10.154  CAN2  42D       [8]  00 08 00 00 00 00 12 40
17:13:10.154  CAN2  121       [8]  F0 C0 2A A9 6A 8A AA 00
17:13:10.154  CAN2  23A       [8]  30 D0 00 00 00 00 00 00
17:13:10.154  CAN2  359       [8]  00 28 5D C0 FF 00 02 00
17:13:10.154  CAN2  583       [8]  51 00 11 2C 6D A0 12 0E
17:13:10.154  CAN2  117       [8]  C2 40 00 00 57 00 00 A7
17:13:10.154  CAN2  124       [8]  FF C0 00 15 55 2A A8 00
17:13:10.154  CAN2  1AE       [8]  9A E0 00 01 0F FF 7F F8
17:13:10.154  CAN2  20E       [8]  00 01 00 00 00 13 61 04
17:13:10.154  CAN2  3BD       [8]  00 00 00 00 00 00 00 00
17:13:10.154  CAN2  121       [8]  49 D0 2A A9 6A 8A AA 00
17:13:10.154  CAN2  23A       [8]  20 E0 00 00 00 00 00 00
17:13:10.154  CAN2  520       [8]  50 00 32 44 00 00 00 00
17:13:10.154  CAN2  517       [8]  FF 01 0E 00 92 00 4D 41
17:13:10.154  CAN2  518       [8]  00 05 FF 00 00 FF 00 00
17:13:10.154  CAN2  117       [8]  D2 40 00 00 57 00 00 97
17:13:10.154  CAN2  124       [8]  46 D0 00 15 55 2A A8 00
17:13:10.154  CAN2  1AE       [8]  8A F0 00 01 0F FF 7F F8
17:13:10.154  CAN2  335       [8]  00 02 00 1C FD 8E F0 00
17:13:10.154  CAN2  631       [8]  04 03 48 01 01 00 00 00
17:13:10.154  CAN2  121       [8]  9F E0 2A A9 6A 8A AA 00
17:13:10.154  CAN2  23A       [8]  10 F0 00 00 00 00 00 00
17:13:10.190  CAN2  247       [8]  00 06 00 00 18 09 08 88
17:13:10.190  CAN2  29A       [8]  11 0C 00 00 11 01 01 00
17:13:10.190  CAN2  2AB       [8]  00 00 00 00 00 02 2B FE
17:13:10.190  CAN2  2CD       [8]  C0 00 28 00 00 00 40 03
17:13:10.190  CAN2  117       [8]  E2 40 00 00 57 00 00 87
17:13:10.190  CAN2  124       [8]  90 E0 00 15 55 2A A8 00
17:13:10.190  CAN2  1AE       [8]  7A 00 00 01 0F FF 7F F8
17:13:10.190  CAN2  121       [8]  26 F0 2A A9 6A 8A AA 00
17:13:10.190  CAN2  23A       [8]  00 00 00 00 00 00 00 00
17:13:10.190  CAN2  249       [8]  00 00 00 00 00 00 00 00
17:13:10.190  CAN2  117       [8]  F2 40 00 00 57 00 00 77
17:13:10.190  CAN2  124       [8]  29 F0 00 15 55 2A A8 00
17:13:10.190  CAN2  1AE       [8]  6A 10 00 01 0F FF 7F F8
17:13:10.190  CAN2  409       [8]  0A 02 00 00 00 00 00 00
17:13:10.190  CAN2  121       [8]  8F 00 2A A9 6A 8A AA 00
17:13:10.190  CAN2  23A       [8]  F0 10 00 00 00 00 00 00
17:13:10.190  CAN2  3B7       [8]  00 41 41 22 22 F9 00 00
17:13:10.190  CAN2  3B7       [8]  01 3F 7F BF 7F 1E 75 00
17:13:10.190  CAN2  3B7       [8]  02 00 00 00 94 11 00 00
17:13:10.190  CAN2  3E5       [8]  10 00 00 00 00 00 00 00
17:13:10.190  CAN2  3B7       [8]  03 00 00 9A 99 99 99 00
17:13:10.190  CAN2  3B7       [8]  04 07 CB 07 C5 0A F9 00
17:13:10.190  CAN2  3E1       [8]  00 00 00 00 00 00 00 00
17:13:10.190  CAN2  3B7       [8]  05 12 01 11 00 00 00 01
17:13:10.190  CAN2  117       [8]  02 40 00 00 57 00 00 67
17:13:10.190  CAN2  124       [8]  80 00 00 15 55 2A A8 00
17:13:10.190  CAN2  1AE       [8]  5A 20 00 01 0F FF 7F F8
17:13:10.190  CAN2  3B1       [8]  00 00 00 01 00 00 00 A0
17:13:10.190  CAN2  2C1       [8]  00 08 00 00 0F 00 00 00
17:13:10.190  CAN2  3B3       [8]  10 20 00 00 00 85 5F 00
17:13:10.190  CAN2  121       [8]  36 10 2A A9 6A 8A AA 00
17:13:10.190  CAN2  23A       [8]  E0 20 00 00 00 00 00 00
17:13:10.227  CAN2  583       [8]  51 00 11 2C 6D A0 12 0E
17:13:10.227  CAN2  117       [8]  12 40 00 00 57 00 00 57
17:13:10.227  CAN2  124       [8]  39 10 00 15 55 2A A8 00
17:13:10.227  CAN2  1AE       [8]  4A 30 00 01 0F FF 7F F8
17:13:10.227  CAN2  20E       [8]  00 01 00 00 00 13 61 04
17:13:10.227  CAN2  3BD       [8]  00 00 00 00 00 00 00 00
17:13:10.227  CAN2  121       [8]  E0 20 2A A9 6A 8A AA 00
17:13:10.227  CAN2  23A       [8]  D0 30 00 00 00 00 00 00
17:13:10.227  CAN2  520       [8]  50 00 32 44 00 00 00 00
17:13:10.227  CAN2  517       [8]  FF 01 0E 00 92 00 4D 41
17:13:10.227  CAN2  518       [8]  00 05 FF 00 00 FF 00 00
17:13:10.227  CAN2  117       [8]  22 40 00 00 57 00 00 47
17:13:10.227  CAN2  124       [8]  EF 20 00 15 55 2A A8 00
17:13:10.227  CAN2  1AE       [8]  3A 40 00 01 0F FF 7F F8
17:13:10.227  CAN2  335       [8]  00 02 00 1C FD 8E F0 00
17:13:10.227  CAN2  121       [8]  59 30 2A A9 6A 8A AA 00
17:13:10.227  CAN2  23A       [8]  C0 40 00 00 00 00 00 00
17:13:10.227  CAN2  247       [8]  00 06 00 00 18 09 08 88
17:13:10.227  CAN2  256       [8]  56 10 00 61 25 2B A5 44
17:13:10.227  CAN2  29A       [8]  11 0C 00 00 11 01 01 00
17:13:10.227  CAN2  2AB       [8]  00 00 00 00 00 02 2B FE
17:13:10.227  CAN2  2CD       [8]  C0 00 28 00 00 00 40 03
17:13:10.227  CAN2  117       [8]  32 40 00 00 57 00 00 37
17:13:10.227  CAN2  124       [8]  56 30 00 15 55 2A A8 00
17:13:10.227  CAN2  1AE       [8]  2A 50 00 01 0F FF 7F F8
17:13:10.227  CAN2  121       [8]  51 40 2A A9 6A 8A AA 00
17:13:10.227  CAN2  23A       [8]  B0 50 00 00 00 00 00 00
17:13:10.227  CAN2  249       [8]  00 00 00 00 00 00 00 00
17:13:10.227  CAN2  117       [8]  42 40 00 00 57 00 00 27
17:13:10.227  CAN2  124       [8]  5E 40 00 15 55 2A A8 00
17:13:10.227  CAN2  1AE       [8]  1A 60 00 01 0F FF 7F F8
17:13:10.227  CAN2  121       [8]  E8 50 2A A9 6A 8A AA 00
17:13:10.252  CAN2  23A       [8]  A0 60 00 00 00 00 00 00
17:13:10.252  CAN2  3B7       [8]  00 41 41 22 22 F9 00 00
17:13:10.252  CAN2  3B7       [8]  01 3F 7F BF 7F 1E 75 00
17:13:10.252  CAN2  3B7       [8]  02 00 00 00 94 11 00 00
17:13:10.252  CAN2  3E5       [8]  10 00 00 00 00 00 00 00
17:13:10.252  CAN2  3B7       [8]  03 00 00 9A 99 99 99 00
17:13:10.252  CAN2  3B7       [8]  04 07 CB 07 C5 0A F8 00
17:13:10.252  CAN2  3B7       [8]  05 12 01 11 00 00 00 01
17:13:10.252  CAN2  117       [8]  52 40 00 00 57 00 00 17
17:13:10.252  CAN2  124       [8]  E7 50 00 15 55 2A A8 00
17:13:10.252  CAN2  1AE       [8]  0A 70 00 01 0F FF 7F F8
17:13:10.252  CAN2  2B2       [8]  72 60 00 00 41 00 90 41
17:13:10.252  CAN2  3E1       [8]  00 00 00 00 00 00 00 00
17:13:10.252  CAN2  3B1       [8]  00 00 00 01 00 00 00 A0
17:13:10.252  CAN2  3B3       [8]  10 20 00 00 00 85 5F 00
17:13:10.252  CAN2  435       [8]  00 00 00 00 00 00 00 00
17:13:10.252  CAN2  42D       [8]  00 08 00 00 00 00 12 40
17:13:10.252  CAN2  121       [8]  3E 60 2A A9 6A 8A AA 00
17:13:10.252  CAN2  23A       [8]  90 70 00 00 00 00 00 00
17:13:10.252  CAN2  359       [8]  00 28 5D C0 FF 00 02 00
17:13:10.252  CAN2  583       [8]  51 00 11 2C 6D A0 12 0E
17:13:10.252  CAN2  2C1       [8]  00 08 00 00 0F 00 00 00
17:13:10.252  CAN2  117       [8]  62 40 00 00 57 00 00 07
17:13:10.252  CAN2  124       [8]  31 60 00 15 55 2A A8 00
17:13:10.252  CAN2  1AE       [8]  FA 80 00 01 0F FF 7F F8
17:13:10.252  CAN2  20E       [8]  00 01 00 00 00 13 61 04
17:13:10.252  CAN2  3BD       [8]  00 00 00 00 00 00 00 00
17:13:10.252  CAN2  121       [8]  87 70 2A A9 6A 8A AA 00
17:13:10.252  CAN2  23A       [8]  80 80 00 00 00 00 00 00
17:13:10.252  CAN2  520       [8]  50 00 32 44 00 00 00 00
17:13:10.252  CAN2  517       [8]  FF 01 0E 00 92 00 4D 41
17:13:10.252  CAN2  518       [8]  00 05 FF 00 00 FF 00 00
17:13:10.277  CAN2  117       [8]  72 40 00 00 57 00 00 F7
17:13:10.277  CAN2  124       [8]  88 70 00 15 55 2A A8 00
17:13:10.277  CAN2  1AE       [8]  EA 90 00 01 0F FF 7F F8
17:13:10.277  CAN2  335       [8]  00 02 00 1C FD 8E F0 00
17:13:10.277  CAN2  121       [8]  2E 80 2A A9 6A 8A AA 00
17:13:10.277  CAN2  23A       [8]  70 90 00 00 00 00 00 00
17:13:10.277  CAN2  247       [8]  00 06 00 00 18 09 08 88
17:13:10.277  CAN2  29A       [8]  11 0C 00 00 11 01 01 00
17:13:10.277  CAN2  2AB       [8]  00 00 00 00 00 02 2B FE
17:13:10.277  CAN2  2CD       [8]  C0 00 28 00 00 00 40 03
17:13:10.277  CAN2  117       [8]  82 40 00 00 57 00 00 E7
17:13:10.277  CAN2  124       [8]  21 80 00 15 55 2A A8 00
17:13:10.277  CAN2  1AE       [8]  DA A0 00 01 0F FF 7F F8
17:13:10.277  CAN2  121       [8]  97 90 2A A9 6A 8A AA 00
17:13:10.277  CAN2  23A       [8]  60 A0 00 00 00 00 00 00
17:13:10.277  CAN2  249       [8]  00 00 00 00 00 00 00 00
17:13:10.277  CAN2  117       [8]  92 40 00 00 57 00 00 D7
17:13:10.277  CAN2  124       [8]  98 90 00 15 55 2A A8 00
17:13:10.277  CAN2  1AE       [8]  CA B0 00 01 0F FF 7F F8
17:13:10.277  CAN2  40A       [8]  0D 02 00 00 00 00 00 00
17:13:10.277  CAN2  121       [8]  41 A0 2A A9 6A 8A AA 00
17:13:10.277  CAN2  23A       [8]  50 B0 00 00 00 00 00 00
17:13:10.277  CAN2  3B7       [8]  00 41 41 22 22 F9 00 00
17:13:10.277  CAN2  3B7       [8]  01 3F 7F BF 7F 1E 75 00
17:13:10.277  CAN2  3B7       [8]  02 00 00 00 94 11 00 00
17:13:10.277  CAN2  3E5       [8]  10 00 00 00 00 00 00 00
17:13:10.277  CAN2  3B7       [8]  03 00 00 9A 99 99 99 00
17:13:10.277  CAN2  3B7       [8]  04 07 CB 07 C5 0A F8 00
17:13:10.277  CAN2  3B7       [8]  05 12 01 11 00 00 00 01
17:13:10.277  CAN2  117       [8]  A2 40 00 00 57 00 00 C7
17:13:10.277  CAN2  124       [8]  4E A0 00 15 55 2A A8 00
17:13:10.277  CAN2  1AE       [8]  BA C0 00 01 0F FF 7F F8
17:13:10.314  CAN2  3B1       [8]  00 00 00 01 00 00 00 A0
17:13:10.314  CAN2  3B3       [8]  10 20 00 00 00 85 5F 00
17:13:10.314  CAN2  3E1       [8]  00 00 00 00 00 00 00 00
17:13:10.314  CAN2  121       [8]  F8 B0 2A A9 6A 8A AA 00
17:13:10.314  CAN2  23A       [8]  40 C0 00 00 00 00 00 00
17:13:10.314  CAN2  583       [8]  51 00 11 2C 6D A0 12 0E
17:13:10.314  CAN2  2C1       [8]  00 08 00 00 0F 00 00 00
17:13:10.314  CAN2  117       [8]  B2 40 00 00 57 00 00 B7
17:13:10.314  CAN2  124       [8]  F7 B0 00 15 55 2A A8 00
17:13:10.314  CAN2  1AE       [8]  AA D0 00 01 0F FF 7F F8
17:13:10.314  CAN2  20E       [8]  00 01 00 00 00 13 61 04
17:13:10.314  CAN2  3BD       [8]  00 00 00 00 00 00 00 00
17:13:10.314  CAN2  121       [8]  F0 C0 2A A9 6A 8A AA 00
17:13:10.314  CAN2  23A       [8]  30 D0 00 00 00 00 00 00
17:13:10.314  CAN2  520       [8]  50 00 32 44 00 00 00 00
17:13:10.314  CAN2  517       [8]  FF 01 0E 00 92 00 4D 41
17:13:10.314  CAN2  518       [8]  00 05 FF 00 00 FF 00 00
17:13:10.314  CAN2  117       [8]  C2 40 00 00 57 00 00 A7
17:13:10.314  CAN2  124       [8]  FF C0 00 15 55 2A A8 00
17:13:10.314  CAN2  1AE       [8]  9A E0 00 01 0F FF 7F F8
17:13:10.314  CAN2  335       [8]  00 02 00 1C FD 8E F0 00
17:13:10.314  CAN2  632       [8]  04 01 52 01 01 FF FF FF
17:13:10.314  CAN2  636       [8]  04 01 52 01 01 FF FF FF
17:13:10.314  CAN2  121       [8]  49 D0 2A A9 6A 8A AA 00
17:13:10.314  CAN2  23A       [8]  20 E0 00 00 00 00 00 00
17:13:10.314  CAN2  247       [8]  00 06 00 00 18 09 08 88
17:13:10.314  CAN2  256       [8]  55 10 00 61 25 2B A6 44
17:13:10.314  CAN2  29A       [8]  11 0C 00 00 11 01 01 00
17:13:10.314  CAN2  2AB       [8]  00 00 00 00 00 02 2B FE
17:13:10.314  CAN2  2CD       [8]  C0 00 28 00 00 00 40 03
17:13:10.314  CAN2  117       [8]  D2 40 00 00 57 00 00 97
17:13:10.314  CAN2  124       [8]  46 D0 00 15 55 2A A8 00
17:13:10.339  CAN2  1AE       [8]  8A F0 00 01 0F FF 7F F8
17:13:10.339  CAN2  121       [8]  9F E0 2A A9 6A 8A AA 00
17:13:10.339  CAN2  23A       [8]  10 F0 00 00 00 00 00 00
17:13:10.339  CAN2  249       [8]  00 00 00 00 00 00 00 00
17:13:10.339  CAN2  117       [8]  E2 40 00 00 57 00 00 87
17:13:10.339  CAN2  124       [8]  90 E0 00 15 55 2A A8 00
17:13:10.339  CAN2  1AE       [8]  7A 00 00 01 0F FF 7F F8
17:13:10.339  CAN2  121       [8]  26 F0 2A A9 6A 8A AA 00
17:13:10.339  CAN2  23A       [8]  00 00 00 00 00 00 00 00
17:13:10.339  CAN2  3B7       [8]  00 41 41 22 22 F9 00 00
17:13:10.339  CAN2  3B7       [8]  01 3F 7F BF 7F 1E 75 00
17:13:10.339  CAN2  3B7       [8]  02 00 00 00 94 11 00 00
17:13:10.339  CAN2  3E5       [8]  10 00 00 00 00 00 00 00
17:13:10.339  CAN2  3B7       [8]  03 00 00 9A 99 99 99 00
17:13:10.339  CAN2  3B7       [8]  04 07 CB 07 C5 0A F8 00
17:13:10.339  CAN2  3B7       [8]  05 12 01 11 00 00 00 01
17:13:10.339  CAN2  117       [8]  F2 40 00 00 57 00 00 77
17:13:10.339  CAN2  124       [8]  29 F0 00 15 55 2A A8 00
17:13:10.339  CAN2  1AE       [8]  6A 10 00 01 0F FF 7F F8
17:13:10.339  CAN2  2B2       [8]  82 70 00 00 41 00 90 41
17:13:10.339  CAN2  3C2       [8]  00 00 00 42 00 00 00 09
17:13:10.339  CAN2  699       [8]  00 00 00 00 00 00 00 00
17:13:10.339  CAN2  3B1       [8]  00 00 00 01 00 00 00 A0
17:13:10.339  CAN2  3B3       [8]  10 20 00 00 00 85 5F 00
17:13:10.339  CAN2  435       [8]  00 00 00 00 00 00 00 00
17:13:10.339  CAN2  3E1       [8]  00 00 00 00 00 00 00 00
17:13:10.339  CAN2  121       [8]  8F 00 2A A9 6A 8A AA 00
17:13:10.339  CAN2  23A       [8]  F0 10 00 00 00 00 00 00
17:13:10.339  CAN2  359       [8]  00 28 5D C0 FF 00 02 00
17:13:10.339  CAN2  42D       [8]  00 08 00 00 00 00 12 40
17:13:10.339  CAN2  583       [8]  51 00 11 2C 6D A0 12 0E
17:13:10.339  CAN2  117       [8]  02 40 00 00 57 00 00 67
17:13:10.376  CAN2  124       [8]  80 00 00 15 55 2A A8 00
17:13:10.376  CAN2  1AE       [8]  5A 20 00 01 0F FF 7F F8
17:13:10.376  CAN2  20E       [8]  00 01 00 00 00 13 61 04
17:13:10.376  CAN2  3BD       [8]  00 00 00 00 00 00 00 00
17:13:10.376  CAN2  121       [8]  36 10 2A A9 6A 8A AA 00
17:13:10.376  CAN2  23A       [8]  E0 20 00 00 00 00 00 00
17:13:10.376  CAN2  2C1       [8]  00 08 00 00 0F 00 00 00
17:13:10.376  CAN2  520       [8]  50 00 32 44 00 00 00 00
17:13:10.376  CAN2  517       [8]  FF 01 0E 00 92 00 4D 41
17:13:10.376  CAN2  518       [8]  00 05 FF 00 00 FF 00 00
17:13:10.376  CAN2  117       [8]  12 40 00 00 57 00 00 57
17:13:10.376  CAN2  124       [8]  39 10 00 15 55 2A A8 00
17:13:10.376  CAN2  1AE       [8]  4A 30 00 01 0F FF 7F F8
17:13:10.376  CAN2  335       [8]  00 02 00 1C FD 8E F0 00
17:13:10.376  CAN2  631       [8]  04 03 48 01 01 00 00 00
17:13:10.376  CAN2  121       [8]  E0 20 2A A9 6A 8A AA 00
17:13:10.376  CAN2  23A       [8]  D0 30 00 00 00 00 00 00
17:13:10.376  CAN2  247       [8]  00 06 00 00 18 09 08 88
17:13:10.376  CAN2  29A       [8]  11 0C 00 00 11 01 01 00
17:13:10.376  CAN2  2AB       [8]  00 00 00 00 00 02 2B FE
17:13:10.376  CAN2  2CD       [8]  C0 00 28 00 00 00 40 03
17:13:10.376  CAN2  117       [8]  22 40 00 00 57 00 00 47
17:13:10.376  CAN2  124       [8]  EF 20 00 15 55 2A A8 00
17:13:10.376  CAN2  1AE       [8]  3A 40 00 01 0F FF 7F F8
17:13:10.376  CAN2  121       [8]  59 30 2A A9 6A 8A AA 00
17:13:10.376  CAN2  23A       [8]  C0 40 00 00 00 00 00 00
17:13:10.376  CAN2  249       [8]  00 00 00 00 00 00 00 00
17:13:10.376  CAN2  117       [8]  32 40 00 00 57 00 00 37
17:13:10.376  CAN2  124       [8]  56 30 00 15 55 2A A8 00
17:13:10.376  CAN2  1AE       [8]  2A 50 00 01 0F FF 7F F8
17:13:10.376  CAN2  580       [8]  7E A5 02 13 0D 4A 00 00
17:13:10.376  CAN2  121       [8]  51 40 2A A9 6A 8A AA 00
17:13:10.401  CAN2  23A       [8]  B0 50 00 00 00 00 00 00
17:13:10.401  CAN2  3B7       [8]  00 41 41 22 22 F9 00 00
17:13:10.401  CAN2  3B7       [8]  01 3F 7F BF 7F 1E 75 00
17:13:10.401  CAN2  40D       [8]  01 02 00 00 00 00 00 00
17:13:10.401  CAN2  3B7       [8]  02 00 00 00 94 11 00 00
17:13:10.401  CAN2  3E5       [8]  10 00 00 00 00 00 00 00
17:13:10.401  CAN2  3B7       [8]  03 00 00 9A 99 99 99 00
17:13:10.401  CAN2  3B7       [8]  04 07 CB 07 C4 0A F8 00
17:13:10.401  CAN2  3B7       [8]  05 12 01 11 00 00 00 01
17:13:10.401  CAN2  117       [8]  42 40 00 00 57 00 00 27
17:13:10.401  CAN2  124       [8]  5E 40 00 15 55 2A A8 00
17:13:10.401  CAN2  1AE       [8]  1A 60 00 01 0F FF 7F F8
17:13:10.401  CAN2  3B1       [8]  00 00 00 01 00 00 00 A0
17:13:10.401  CAN2  3B3       [8]  10 20 00 00 00 85 5F 00
17:13:10.401  CAN2  121       [8]  E8 50 2A A9 6A 8A AA 00
17:13:10.401  CAN2  23A       [8]  A0 60 00 00 00 00 00 00
17:13:10.401  CAN2  583       [8]  51 00 11 2C 6D A0 12 0E
17:13:10.401  CAN2  3E1       [8]  00 00 00 00 00 00 00 00
17:13:10.401  CAN2  117       [8]  52 40 00 00 57 00 00 17
17:13:10.401  CAN2  124       [8]  E7 50 00 15 55 2A A8 00
17:13:10.401  CAN2  1AE       [8]  0A 70 00 01 0F FF 7F F8
17:13:10.401  CAN2  20E       [8]  00 01 00 00 00 13 61 04
17:13:10.401  CAN2  3BD       [8]  00 00 00 00 00 00 00 00
17:13:10.401  CAN2  121       [8]  3E 60 2A A9 6A 8A AA 00
17:13:10.401  CAN2  23A       [8]  90 70 00 00 00 00 00 00
17:13:10.401  CAN2  520       [8]  50 00 32 44 00 00 00 00
17:13:10.401  CAN2  517       [8]  FF 01 0E 00 92 00 4D 41
17:13:10.401  CAN2  518       [8]  00 05 FF 00 00 FF 00 00
17:13:10.401  CAN2  2C1       [8]  00 08 00 00 0F 00 00 00
17:13:10.401  CAN2  117       [8]  62 40 00 00 57 00 00 07
17:13:10.401  CAN2  124       [8]  31 60 00 15 55 2A A8 00
17:13:10.401  CAN2  1AE       [8]  FA 80 00 01 0F FF 7F F8
17:13:10.438  CAN2  335       [8]  00 02 00 1C FD 8E F0 00
17:13:10.438  CAN2  121       [8]  87 70 2A A9 6A 8A AA 00
17:13:10.438  CAN2  23A       [8]  80 80 00 00 00 00 00 00
17:13:10.438  CAN2  247       [8]  00 06 00 00 18 09 08 88
17:13:10.438  CAN2  256       [8]  54 10 00 61 25 2B A7 44
17:13:10.438  CAN2  29A       [8]  11 0C 00 00 11 01 01 00
17:13:10.438  CAN2  2AB       [8]  00 00 00 00 00 02 2B FE
17:13:10.438  CAN2  2CD       [8]  C0 00 28 00 00 00 40 03
17:13:10.438  CAN2  117       [8]  72 40 00 00 57 00 00 F7
17:13:10.438  CAN2  124       [8]  88 70 00 15 55 2A A8 00
17:13:10.438  CAN2  1AE       [8]  EA 90 00 01 0F FF 7F F8
17:13:10.438  CAN2  121       [8]  2E 80 2A A9 6A 8A AA 00
17:13:10.438  CAN2  23A       [8]  70 90 00 00 00 00 00 00
17:13:10.438  CAN2  249       [8]  00 00 00 00 00 00 00 00
17:13:10.438  CAN2  117       [8]  82 40 00 00 57 00 00 E7
17:13:10.438  CAN2  124       [8]  21 80 00 15 55 2A A8 00
17:13:10.438  CAN2  1AE       [8]  DA A0 00 01 0F FF 7F F8
17:13:10.438  CAN2  121       [8]  97 90 2A A9 6A 8A AA 00
17:13:10.438  CAN2  23A       [8]  60 A0 00 00 00 00 00 00
17:13:10.438  CAN2  3B7       [8]  00 41 41 22 22 F9 00 00
17:13:10.438  CAN2  3B7       [8]  01 3F 7F BF 7F 1E 75 00
17:13:10.438  CAN2  3B7       [8]  02 00 00 00 94 11 00 00
17:13:10.438  CAN2  3E5       [8]  10 00 00 00 00 00 00 00
17:13:10.438  CAN2  3B7       [8]  03 00 00 9A 99 99 99 00
17:13:10.438  CAN2  3B7       [8]  04 07 CB 07 C6 0A F8 00
17:13:10.438  CAN2  3B7       [8]  05 12 01 11 00 00 00 01
17:13:10.438  CAN2  117       [8]  92 40 00 00 57 00 00 D7
17:13:10.438  CAN2  124       [8]  98 90 00 15 55 2A A8 00
17:13:10.438  CAN2  1AE       [8]  CA B0 00 01 0F FF 7F F8
17:13:10.438  CAN2  2B2       [8]  92 80 00 00 41 00 90 41
17:13:10.438  CAN2  3B1       [8]  00 00 00 01 00 00 00 A0
17:13:10.438  CAN2  3B3       [8]  10 20 00 00 00 85 5F 00
17:13:10.463  CAN2  435       [8]  00 00 00 00 00 00 00 00
17:13:10.463  CAN2  42D       [8]  00 08 00 00 00 00 12 40
17:13:10.463  CAN2  121       [8]  41 A0 2A A9 6A 8A AA 00
17:13:10.463  CAN2  23A       [8]  50 B0 00 00 00 00 00 00
17:13:10.463  CAN2  359       [8]  00 28 5D C0 FF 00 02 00
17:13:10.463  CAN2  583       [8]  51 00 11 2C 6D A0 12 0E
17:13:10.463  CAN2  3E1       [8]  00 00 00 00 00 00 00 00
17:13:10.463  CAN2  117       [8]  A2 40 00 00 57 00 00 C7
17:13:10.463  CAN2  124       [8]  4E A0 00 15 55 2A A8 00
17:13:10.463  CAN2  1AE       [8]  BA C0 00 01 0F FF 7F F8
17:13:10.463  CAN2  20E       [8]  00 01 00 00 00 13 61 04
17:13:10.463  CAN2  3BD       [8]  00 00 00 00 00 00 00 00
17:13:10.463  CAN2  121       [8]  F8 B0 2A A9 6A 8A AA 00
17:13:10.463  CAN2  23A       [8]  40 C0 00 00 00 00 00 00
17:13:10.463  CAN2  520       [8]  50 00 32 44 00 00 00 00
17:13:10.463  CAN2  517       [8]  FF 01 0E 00 92 00 4D 41
17:13:10.463  CAN2  518       [8]  00 05 FF 00 00 FF 00 00
17:13:10.463  CAN2  117       [8]  B2 40 00 00 57 00 00 B7
17:13:10.463  CAN2  124       [8]  F7 B0 00 15 55 2A A8 00
17:13:10.463  CAN2  1AE       [8]  AA D0 00 01 0F FF 7F F8
17:13:10.463  CAN2  335       [8]  00 02 00 1C FD 8E F0 00
17:13:10.463  CAN2  2C1       [8]  00 08 00 00 0F 00 00 00
17:13:10.463  CAN2  121       [8]  F0 C0 2A A9 6A 8A AA 00
17:13:10.463  CAN2  23A       [8]  30 D0 00 00 00 00 00 00
17:13:10.463  CAN2  247       [8]  00 06 00 00 18 09 08 88
17:13:10.463  CAN2  29A       [8]  11 0C 00 00 11 01 01 00
17:13:10.463  CAN2  2AB       [8]  00 00 00 00 00 02 2B FE
17:13:10.463  CAN2  2CD       [8]  C0 00 28 00 00 00 40 03
17:13:10.463  CAN2  117       [8]  C2 40 00 00 57 00 00 A7
17:13:10.463  CAN2  124       [8]  FF C0 00 15 55 2A A8 00
17:13:10.463  CAN2  1AE       [8]  9A E0 00 01 0F FF 7F F8
17:13:10.463  CAN2  121       [8]  49 D0 2A A9 6A 8A AA 00
17:13:10.500  CAN2  23A       [8]  20 E0 00 00 00 00 00 00
17:13:10.500  CAN2  249       [8]  00 00 00 00 00 00 00 00
17:13:10.500  CAN2  117       [8]  D2 40 00 00 57 00 00 97
17:13:10.500  CAN2  124       [8]  46 D0 00 15 55 2A A8 00
17:13:10.500  CAN2  1AE       [8]  8A F0 00 01 0F FF 7F F8
17:13:10.500  CAN2  121       [8]  9F E0 2A A9 6A 8A AA 00
17:13:10.500  CAN2  23A       [8]  10 F0 00 00 00 00 00 00
17:13:10.500  CAN2  3B7       [8]  00 41 41 22 22 F9 00 00
17:13:10.500  CAN2  3B7       [8]  01 3F 7F BF 7F 1E 75 00
17:13:10.500  CAN2  3B7       [8]  02 00 00 00 94 11 00 00
17:13:10.500  CAN2  401       [8]  02 02 00 00 00 00 00 00
17:13:10.500  CAN2  3E5       [8]  10 00 00 00 00 00 00 00
17:13:10.500  CAN2  3B7       [8]  03 00 00 9A 99 99 99 00
17:13:10.500  CAN2  3B7       [8]  04 07 CB 07 C5 0A F8 00
17:13:10.500  CAN2  3B7       [8]  05 12 01 11 00 00 00 01
17:13:10.500  CAN2  117       [8]  E2 40 00 00 57 00 00 87
17:13:10.500  CAN2  124       [8]  90 E0 00 15 55 2A A8 00
17:13:10.500  CAN2  1AE       [8]  7A 00 00 01 0F FF 7F F8
17:13:10.500  CAN2  3B1       [8]  00 00 00 01 00 00 00 A0
17:13:10.500  CAN2  3B3       [8]  10 20 00 00 00 85 5F 00
17:13:10.500  CAN2  121       [8]  26 F0 2A A9 6A 8A AA 00
17:13:10.500  CAN2  23A       [8]  00 00 00 00 00 00 00 00
17:13:10.500  CAN2  583       [8]  51 00 11 2C 6D A0 12 0E
17:13:10.500  CAN2  117       [8]  F2 40 00 00 57 00 00 77
17:13:10.500  CAN2  124       [8]  29 F0 00 15 55 2A A8 00
17:13:10.500  CAN2  1AE       [8]  6A 10 00 01 0F FF 7F F8
17:13:10.500  CAN2  20E       [8]  00 01 00 00 00 13 61 04
17:13:10.500  CAN2  3E1       [8]  00 00 00 00 00 00 00 00
17:13:10.500  CAN2  3BD       [8]  00 00 00 00 00 00 00 00
17:13:10.500  CAN2  121       [8]  8F 00 2A A9 6A 8A AA 00
17:13:10.500  CAN2  23A       [8]  F0 10 00 00 00 00 00 00
17:13:10.500  CAN2  520       [8]  50 00 32 44 00 00 00 00
17:13:10.525  CAN2  517       [8]  FF 01 0E 00 92 00 4D 41
17:13:10.525  CAN2  518       [8]  00 05 FF 00 00 FF 00 00
17:13:10.525  CAN2  117       [8]  02 40 00 00 57 00 00 67
17:13:10.525  CAN2  124       [8]  80 00 00 15 55 2A A8 00
17:13:10.525  CAN2  1AE       [8]  5A 20 00 01 0F FF 7F F8
17:13:10.525  CAN2  335       [8]  00 02 00 1C FD 8E F0 00
17:13:10.525  CAN2  632       [8]  04 01 52 01 01 FF FF FF
17:13:10.525  CAN2  121       [8]  36 10 2A A9 6A 8A AA 00
17:13:10.525  CAN2  23A       [8]  E0 20 00 00 00 00 00 00
17:13:10.525  CAN2  247       [8]  00 06 00 00 18 09 08 88
17:13:10.525  CAN2  256       [8]  53 10 00 61 25 2B A8 44
17:13:10.525  CAN2  29A       [8]  11 0C 00 00 11 01 01 00
17:13:10.525  CAN2  2AB       [8]  00 00 00 00 00 02 2B FE
17:13:10.525  CAN2  2CD       [8]  C0 00 28 00 00 00 40 03
17:13:10.525  CAN2  636       [8]  04 01 52 01 01 FF FF FF
17:13:10.525  CAN2  2C1       [8]  00 08 00 00 0F 00 00 00
17:13:10.525  CAN2  117       [8]  12 40 00 00 57 00 00 57
17:13:10.525  CAN2  124       [8]  39 10 00 15 55 2A A8 00
17:13:10.525  CAN2  1AE       [8]  4A 30 00 01 0F FF 7F F8
17:13:10.525  CAN2  121       [8]  E0 20 2A A9 6A 8A AA 00
17:13:10.525  CAN2  23A       [8]  D0 30 00 00 00 00 00 00
17:13:10.525  CAN2  249       [8]  00 00 00 00 00 00 00 00
17:13:10.525  CAN2  117       [8]  22 40 00 00 57 00 00 47
17:13:10.525  CAN2  124       [8]  EF 20 00 15 55 2A A8 00
17:13:10.525  CAN2  1AE       [8]  3A 40 00 01 0F FF 7F F8
17:13:10.525  CAN2  121       [8]  59 30 2A A9 6A 8A AA 00
17:13:10.525  CAN2  23A       [8]  C0 40 00 00 00 00 00 00
17:13:10.525  CAN2  3B7       [8]  00 41 41 22 22 F9 00 00
17:13:10.525  CAN2  3B7       [8]  01 3F 7F BF 7F 1E 75 00
17:13:10.525  CAN2  3B7       [8]  02 00 00 00 94 11 00 00
17:13:10.525  CAN2  3E5       [8]  10 00 00 00 00 00 00 00
17:13:10.525  CAN2  3B7       [8]  03 00 00 9A 99 99 99 00
17:13:10.551  CAN2  3B7       [8]  04 07 CB 07 C6 0A F8 00
17:13:10.551  CAN2  3B7       [8]  05 12 01 11 00 00 00 01
17:13:10.551  CAN2  117       [8]  32 40 00 00 57 00 00 37
17:13:10.551  CAN2  124       [8]  56 30 00 15 55 2A A8 00
17:13:10.551  CAN2  1AE       [8]  2A 50 00 01 0F FF 7F F8
17:13:10.551  CAN2  2B2       [8]  A2 90 00 00 41 00 90 41
17:13:10.551  CAN2  3B1       [8]  00 00 00 01 00 00 00 A0
17:13:10.551  CAN2  3B3       [8]  10 20 00 00 00 85 5F 00
17:13:10.551  CAN2  435       [8]  00 00 00 00 00 00 00 00
17:13:10.551  CAN2  42D       [8]  00 08 00 00 00 00 12 40
17:13:10.551  CAN2  121       [8]  51 40 2A A9 6A 8A AA 00
17:13:10.551  CAN2  23A       [8]  B0 50 00 00 00 00 00 00
17:13:10.551  CAN2  359       [8]  00 28 5D C0 FF 00 02 00
17:13:10.551  CAN2  583       [8]  51 00 11 2C 6D A0 12 0E
17:13:10.551  CAN2  117       [8]  42 40 00 00 57 00 00 27
17:13:10.551  CAN2  124       [8]  5E 40 00 15 55 2A A8 00
17:13:10.551  CAN2  1AE       [8]  1A 60 00 01 0F FF 7F F8
17:13:10.551  CAN2  20E       [8]  00 01 00 00 00 13 61 04
17:13:10.551  CAN2  3BD       [8]  00 00 00 00 00 00 00 00
17:13:10.551  CAN2  3E1       [8]  00 00 00 00 00 00 00 00
17:13:10.551  CAN2  121       [8]  E8 50 2A A9 6A 8A AA 00
17:13:10.551  CAN2  23A       [8]  A0 60 00 00 00 00 00 00
17:13:10.551  CAN2  520       [8]  50 00 32 44 00 00 00 00
17:13:10.551  CAN2  517       [8]  FF 01 0E 00 92 00 4D 41
17:13:10.551  CAN2  518       [8]  00 05 FF 00 00 FF 00 00
17:13:10.551  CAN2  117       [8]  52 40 00 00 57 00 00 17
17:13:10.551  CAN2  124       [8]  E7 50 00 15 55 2A A8 00
17:13:10.551  CAN2  1AE       [8]  0A 70 00 01 0F FF 7F F8
17:13:10.551  CAN2  335       [8]  00 02 00 1C FD 8E F0 00
17:13:10.551  CAN2  631       [8]  04 03 48 01 01 00 00 00
17:13:10.551  CAN2  121       [8]  3E 60 2A A9 6A 8A AA 00
17:13:10.551  CAN2  23A       [8]  90 70 00 00 00 00 00 00
17:13:10.587  CAN2  247       [8]  00 06 00 00 18 09 08 88
17:13:10.587  CAN2  29A       [8]  11 0C 00 00 11 01 01 00
17:13:10.587  CAN2  2AB       [8]  00 00 00 00 00 02 2B FE
17:13:10.587  CAN2  2CD       [8]  C0 00 28 00 00 00 40 03
17:13:10.587  CAN2  117       [8]  62 40 00 00 57 00 00 07
17:13:10.587  CAN2  124       [8]  31 60 00 15 55 2A A8 00
17:13:10.587  CAN2  1AE       [8]  FA 80 00 01 0F FF 7F F8
17:13:10.587  CAN2  2C1       [8]  00 08 00 00 0F 00 00 00
17:13:10.587  CAN2  121       [8]  87 70 2A A9 6A 8A AA 00
17:13:10.587  CAN2  23A       [8]  80 80 00 00 00 00 00 00
17:13:10.587  CAN2  249       [8]  00 00 00 00 00 00 00 00
17:13:10.587  CAN2  402       [8]  06 02 00 00 00 00 00 00
17:13:10.587  CAN2  117       [8]  72 40 00 00 57 00 00 F7
17:13:10.587  CAN2  124       [8]  88 70 00 15 55 2A A8 00
17:13:10.587  CAN2  1AE       [8]  EA 90 00 01 0F FF 7F F8
17:13:10.587  CAN2  121       [8]  2E 80 2A A9 6A 8A AA 00
17:13:10.587  CAN2  23A       [8]  70 90 00 00 00 00 00 00
17:13:10.587  CAN2  3B7       [8]  00 41 41 22 22 F9 00 00
17:13:10.587  CAN2  3B7       [8]  01 3F 7F BF 7F 1E 75 00
17:13:10.587  CAN2  3B7       [8]  02 00 00 00 94 11 00 00
17:13:10.587  CAN2  3E5       [8]  10 00 00 00 00 00 00 00
17:13:10.587  CAN2  3B7       [8]  03 00 00 9A 99 99 99 00
17:13:10.587  CAN2  3B7       [8]  04 07 CB 07 C5 0A F8 00
17:13:10.587  CAN2  3B7       [8]  05 12 01 11 00 00 00 01
17:13:10.587  CAN2  117       [8]  82 40 00 00 57 00 00 E7
17:13:10.587  CAN2  124       [8]  21 80 00 15 55 2A A8 00
17:13:10.587  CAN2  1AE       [8]  DA A0 00 01 0F FF 7F F8
17:13:10.587  CAN2  3B1       [8]  00 00 00 01 00 00 00 A0
17:13:10.587  CAN2  3B3       [8]  10 20 00 00 00 85 5F 00
17:13:10.587  CAN2  121       [8]  97 90 2A A9 6A 8A AA 00
17:13:10.587  CAN2  23A       [8]  60 A0 00 00 00 00 00 00
17:13:10.587  CAN2  583       [8]  51 00 11 2C 6D A0 12 0E
17:13:10.623  CAN2  117       [8]  92 40 00 00 57 00 00 D7
17:13:10.623  CAN2  124       [8]  98 90 00 15 55 2A A8 00
17:13:10.623  CAN2  1AE       [8]  CA B0 00 01 0F FF 7F F8
17:13:10.623  CAN2  20E       [8]  00 01 00 00 00 13 61 04
17:13:10.623  CAN2  3BD       [8]  00 00 00 00 00 00 00 00
17:13:10.623  CAN2  3E1       [8]  00 00 00 00 00 00 00 00
17:13:10.623  CAN2  121       [8]  41 A0 2A A9 6A 8A AA 00
17:13:10.623  CAN2  23A       [8]  50 B0 00 00 00 00 00 00
17:13:10.623  CAN2  520       [8]  50 00 32 44 00 00 00 00
17:13:10.623  CAN2  517       [8]  FF 01 0E 00 92 00 4D 41
17:13:10.623  CAN2  518       [8]  00 05 FF 00 00 FF 00 00
17:13:10.623  CAN2  117       [8]  A2 40 00 00 57 00 00 C7
17:13:10.623  CAN2  124       [8]  4E A0 00 15 55 2A A8 00
17:13:10.623  CAN2  1AE       [8]  BA C0 00 01 0F FF 7F F8
17:13:10.623  CAN2  335       [8]  00 02 06 1C FC 8E F0 00
17:13:10.623  CAN2  121       [8]  F8 B0 2A A9 6A 8A AA 00
17:13:10.623  CAN2  23A       [8]  40 C0 00 00 00 00 00 00
17:13:10.623  CAN2  247       [8]  00 06 00 00 18 09 08 88
17:13:10.623  CAN2  256       [8]  52 10 00 61 25 2B A9 44
17:13:10.623  CAN2  29A       [8]  11 0C 00 00 11 01 01 00
17:13:10.623  CAN2  2AB       [8]  00 00 00 00 00 02 2B FE
17:13:10.623  CAN2  2CD       [8]  C0 00 28 00 00 00 40 03
17:13:10.623  CAN2  117       [8]  B2 40 00 00 57 00 00 B7
17:13:10.623  CAN2  124       [8]  F7 B0 00 15 55 2A A8 00
17:13:10.623  CAN2  1AE       [8]  AA D0 00 01 0F FF 7F F8
17:13:10.623  CAN2  121       [8]  F0 C0 2A A9 6A 8A AA 00
17:13:10.623  CAN2  23A       [8]  30 D0 00 00 00 00 00 00
17:13:10.623  CAN2  249       [8]  00 00 00 00 00 00 00 00
17:13:10.623  CAN2  2C1       [8]  00 08 00 00 0F 00 00 00
17:13:10.623  CAN2  117       [8]  C2 40 00 00 57 00 00 A7
17:13:10.623  CAN2  124       [8]  FF C0 00 15 55 2A A8 00
17:13:10.623  CAN2  1AE       [8]  9A E0 00 01 0F FF 7F F8
17:13:10.649  CAN2  121       [8]  49 D0 2A A9 6A 8A AA 00
17:13:10.649  CAN2  23A       [8]  20 E0 00 00 00 00 00 00
17:13:10.649  CAN2  3B7       [8]  00 41 41 22 22 F9 00 00
17:13:10.649  CAN2  3B7       [8]  01 3F 7F BF 7F 1E 75 00
17:13:10.649  CAN2  3B7       [8]  02 00 00 00 94 11 00 00
17:13:10.649  CAN2  3E5       [8]  10 00 00 00 00 00 00 00
17:13:10.649  CAN2  3B7       [8]  03 00 00 9A 99 99 99 00
17:13:10.649  CAN2  3B7       [8]  04 07 CB 07 C6 0A F9 00
17:13:10.649  CAN2  3B7       [8]  05 12 01 11 00 00 00 01
17:13:10.649  CAN2  117       [8]  D2 40 00 00 57 00 00 97
17:13:10.649  CAN2  124       [8]  46 D0 00 15 55 2A A8 00
17:13:10.649  CAN2  1AE       [8]  8A F0 00 01 0F FF 7F F8
17:13:10.649  CAN2  2B2       [8]  B2 A0 00 00 41 00 90 41
17:13:10.649  CAN2  3B1       [8]  00 00 00 01 00 00 00 A0
17:13:10.649  CAN2  3B3       [8]  10 20 00 00 00 85 5F 00
17:13:10.649  CAN2  435       [8]  00 00 00 00 00 00 00 00
17:13:10.649  CAN2  42D       [8]  00 08 00 00 00 00 12 40
17:13:10.649  CAN2  121       [8]  9F E0 2A A9 6A 8A AA 00
17:13:10.649  CAN2  23A       [8]  10 F0 00 00 00 00 00 00
17:13:10.649  CAN2  359       [8]  00 28 5D C0 FF 00 02 00
17:13:10.649  CAN2  583       [8]  51 00 11 2C 6D A0 12 0E
17:13:10.649  CAN2  117       [8]  E2 40 00 00 57 00 00 87
17:13:10.649  CAN2  124       [8]  90 E0 00 15 55 2A A8 00
17:13:10.649  CAN2  1AE       [8]  7A 00 00 01 0F FF 7F F8
17:13:10.649  CAN2  20E       [8]  00 01 00 00 00 13 61 04
17:13:10.649  CAN2  3BD       [8]  00 00 00 00 00 00 00 00
17:13:10.649  CAN2  121       [8]  26 F0 2A A9 6A 8A AA 00
17:13:10.649  CAN2  23A       [8]  00 00 00 00 00 00 00 00
17:13:10.649  CAN2  520       [8]  50 00 32 44 00 00 00 00
17:13:10.649  CAN2  3E1       [8]  00 00 00 00 00 00 00 00
17:13:10.649  CAN2  517       [8]  FF 01 0E 00 92 00 4D 41
17:13:10.649  CAN2  518       [8]  00 05 FF 00 00 FF 00 00
17:13:10.685  CAN2  117       [8]  F2 40 00 00 57 00 00 77
17:13:10.685  CAN2  124       [8]  29 F0 00 15 55 2A A8 00
17:13:10.685  CAN2  1AE       [8]  6A 10 00 01 0F FF 7F F8
17:13:10.685  CAN2  335       [8]  00 02 06 1C FC 8E F0 00
17:13:10.685  CAN2  121       [8]  8F 00 2A A9 6A 8A AA 00
17:13:10.685  CAN2  23A       [8]  F0 10 00 00 00 00 00 00
17:13:10.685  CAN2  247       [8]  00 06 00 00 18 09 08 88
17:13:10.685  CAN2  29A       [8]  11 0C 00 00 11 01 01 00
17:13:10.685  CAN2  2AB       [8]  00 00 00 00 00 02 2B FE
17:13:10.685  CAN2  2CD       [8]  C0 00 28 00 00 00 40 03
17:13:10.685  CAN2  117       [8]  02 40 00 00 57 00 00 67
17:13:10.685  CAN2  124       [8]  80 00 00 15 55 2A A8 00
17:13:10.685  CAN2  1AE       [8]  5A 20 00 01 0F FF 7F F8
17:13:10.685  CAN2  406       [8]  09 02 00 00 00 00 00 00
17:13:10.685  CAN2  121       [8]  36 10 2A A9 6A 8A AA 00
17:13:10.685  CAN2  23A       [8]  E0 20 00 00 00 00 00 00
17:13:10.685  CAN2  249       [8]  00 00 00 00 00 00 00 00
17:13:10.685  CAN2  117       [8]  12 40 00 00 57 00 00 57
17:13:10.685  CAN2  124       [8]  39 10 00 15 55 2A A8 00
17:13:10.685  CAN2  1AE       [8]  4A 30 00 01 0F FF 7F F8
17:13:10.685  CAN2  2C1       [8]  00 08 00 00 0F 00 00 00
17:13:10.685  CAN2  121       [8]  E0 20 2A A9 6A 8A AA 00
17:13:10.685  CAN2  23A       [8]  D0 30 00 00 00 00 00 00
17:13:10.685  CAN2  3B7       [8]  00 41 41 22 22 F9 00 00
17:13:10.685  CAN2  3B7       [8]  01 3F 7F BF 7F 1E 75 00
17:13:10.685  CAN2  3B7       [8]  02 00 00 00 94 11 00 00
17:13:10.685  CAN2  3E5       [8]  10 00 00 00 00 00 00 00
17:13:10.685  CAN2  3B7       [8]  03 00 00 9A 99 99 99 00
17:13:10.685  CAN2  3B7       [8]  04 07 CB 07 C5 0A F8 00
17:13:10.685  CAN2  3B7       [8]  05 12 01 11 00 00 00 01
17:13:10.685  CAN2  117       [8]  22 40 00 00 57 00 00 47
17:13:10.685  CAN2  124       [8]  EF 20 00 15 55 2A A8 00
17:13:10.709  CAN2  1AE       [8]  3A 40 00 01 0F FF 7F F8
17:13:10.709  CAN2  3B1       [8]  00 00 00 01 00 00 00 A0
17:13:10.709  CAN2  3B3       [8]  10 20 00 00 00 85 5F 00
17:13:10.709  CAN2  121       [8]  59 30 2A A9 6A 8A AA 00
17:13:10.709  CAN2  23A       [8]  C0 40 00 00 00 00 00 00
17:13:10.709  CAN2  583       [8]  51 00 11 2C 6D A0 12 0E
17:13:10.709  CAN2  117       [8]  32 40 00 00 57 00 00 37
17:13:10.709  CAN2  124       [8]  56 30 00 15 55 2A A8 00
17:13:10.709  CAN2  1AE       [8]  2A 50 00 01 0F FF 7F F8
17:13:10.709  CAN2  20E       [8]  00 01 00 00 00 13 61 04
17:13:10.709  CAN2  3BD       [8]  00 00 00 00 00 00 00 00
17:13:10.709  CAN2  121       [8]  51 40 2A A9 6A 8A AA 00
17:13:10.709  CAN2  23A       [8]  B0 50 00 00 00 00 00 00
17:13:10.709  CAN2  520       [8]  50 00 32 44 00 00 00 00
17:13:10.709  CAN2  517       [8]  FF 01 0E 00 92 00 4D 41
17:13:10.709  CAN2  3E1       [8]  00 00 00 00 00 00 00 00
17:13:10.709  CAN2  518       [8]  00 05 FF 00 00 FF 00 00
17:13:10.709  CAN2  117       [8]  42 40 00 00 57 00 00 27
17:13:10.709  CAN2  124       [8]  5E 40 00 15 55 2A A8 00
17:13:10.709  CAN2  1AE       [8]  1A 60 00 01 0F FF 7F F8
17:13:10.709  CAN2  335       [8]  00 02 00 1C FD 8E F0 00
17:13:10.709  CAN2  632       [8]  04 01 52 01 01 FF FF FF
17:13:10.709  CAN2  636       [8]  04 01 52 01 01 FF FF FF
17:13:10.709  CAN2  121       [8]  E8 50 2A A9 6A 8A AA 00
17:13:10.709  CAN2  23A       [8]  A0 60 00 00 00 00 00 00
17:13:10.709  CAN2  247       [8]  00 06 00 00 18 09 08 88
17:13:10.709  CAN2  256       [8]  51 10 00 61 25 2B AA 44
17:13:10.709  CAN2  29A       [8]  11 0C 00 00 11 01 01 00
17:13:10.709  CAN2  2AB       [8]  00 00 00 00 00 02 2B FE
17:13:10.709  CAN2  2CD       [8]  C0 00 28 00 00 00 40 03
17:13:10.709  CAN2  117       [8]  52 40 00 00 57 00 00 17
17:13:10.709  CAN2  124       [8]  E7 50 00 15 55 2A A8 00
17:13:10.744  CAN2  1AE       [8]  0A 70 00 01 0F FF 7F F8
17:13:10.744  CAN2  121       [8]  3E 60 2A A9 6A 8A AA 00
17:13:10.744  CAN2  23A       [8]  90 70 00 00 00 00 00 00
17:13:10.744  CAN2  249       [8]  00 00 00 00 00 00 00 00
17:13:10.744  CAN2  117       [8]  62 40 00 00 57 00 00 07
17:13:10.744  CAN2  124       [8]  31 60 00 15 55 2A A8 00
17:13:10.744  CAN2  1AE       [8]  FA 80 00 01 0F FF 7F F8
17:13:10.744  CAN2  121       [8]  87 70 2A A9 6A 8A AA 00
17:13:10.744  CAN2  23A       [8]  80 80 00 00 00 00 00 00
17:13:10.744  CAN2  3B7       [8]  00 41 41 22 22 F9 00 00
17:13:10.744  CAN2  2C1       [8]  00 08 00 00 0F 00 00 00
17:13:10.744  CAN2  3B7       [8]  01 3F 7F BF 7F 1E 75 00
17:13:10.744  CAN2  3B7       [8]  02 00 00 00 94 11 00 00
17:13:10.744  CAN2  3E5       [8]  10 00 00 00 00 00 00 00
17:13:10.744  CAN2  3B7       [8]  03 00 00 9A 99 99 99 00
17:13:10.744  CAN2  3B7       [8]  04 07 CB 07 C6 0A F8 00
17:13:10.744  CAN2  3B7       [8]  05 12 01 11 00 00 00 01
17:13:10.744  CAN2  117       [8]  72 40 00 00 57 00 00 F7
17:13:10.744  CAN2  124       [8]  88 70 00 15 55 2A A8 00
17:13:10.744  CAN2  1AE       [8]  EA 90 00 01 0F FF 7F F8
17:13:10.744  CAN2  2B2       [8]  C2 B0 00 00 41 00 90 41
17:13:10.744  CAN2  3B1       [8]  00 00 00 01 00 00 00 A0
17:13:10.744  CAN2  3B3       [8]  10 20 00 00 00 85 5F 00
17:13:10.744  CAN2  435       [8]  00 00 00 00 00 00 00 00
17:13:10.744  CAN2  42D       [8]  00 08 00 00 00 00 12 40
17:13:10.744  CAN2  121       [8]  2E 80 2A A9 6A 8A AA 00
17:13:10.744  CAN2  23A       [8]  70 90 00 00 00 00 00 00
17:13:10.744  CAN2  359       [8]  00 28 5D C0 FF 00 02 00
17:13:10.744  CAN2  583       [8]  51 00 11 2C 6D A0 12 0E
17:13:10.744  CAN2  117       [8]  82 40 00 00 57 00 00 E7
17:13:10.744  CAN2  124       [8]  21 80 00 15 55 2A A8 00
17:13:10.744  CAN2  1AE       [8]  DA A0 00 01 0F FF 7F F8
17:13:10.781  CAN2  20E       [8]  00 01 00 00 00 13 61 04
17:13:10.781  CAN2  3BD       [8]  00 00 00 00 00 00 00 00
17:13:10.781  CAN2  121       [8]  97 90 2A A9 6A 8A AA 00
17:13:10.781  CAN2  23A       [8]  60 A0 00 00 00 00 00 00
17:13:10.781  CAN2  520       [8]  50 00 32 44 00 00 00 00
17:13:10.781  CAN2  517       [8]  FF 01 0E 00 92 00 4D 41
17:13:10.781  CAN2  518       [8]  00 05 FF 00 00 FF 00 00
17:13:10.781  CAN2  117       [8]  92 40 00 00 57 00 00 D7
17:13:10.781  CAN2  124       [8]  98 90 00 15 55 2A A8 00
17:13:10.781  CAN2  1AE       [8]  CA B0 00 01 0F FF 7F F8
17:13:10.781  CAN2  335       [8]  00 02 00 1C FD 8E F0 00
17:13:10.781  CAN2  3E1       [8]  00 00 00 00 00 00 00 00
17:13:10.781  CAN2  631       [8]  04 03 48 01 01 00 00 00
17:13:10.781  CAN2  121       [8]  41 A0 2A A9 6A 8A AA 00
17:13:10.781  CAN2  23A       [8]  50 B0 00 00 00 00 00 00
17:13:10.781  CAN2  247       [8]  00 06 00 00 18 09 08 88
17:13:10.781  CAN2  602       [8]  00 00 00 00 00 00 00 00
17:13:10.781  CAN2  29A       [8]  11 0C 00 00 11 01 01 00
17:13:10.781  CAN2  2AB       [8]  00 00 00 00 00 02 2B FE
17:13:10.781  CAN2  2CD       [8]  C0 00 28 00 00 00 40 03
17:13:10.781  CAN2  117       [8]  A2 40 00 00 57 00 00 C7
17:13:10.781  CAN2  124       [8]  4E A0 00 15 55 2A A8 00
17:13:10.781  CAN2  1AE       [8]  BA C0 00 01 0F FF 7F F8
17:13:10.781  CAN2  121       [8]  F8 B0 2A A9 6A 8A AA 00
17:13:10.781  CAN2  23A       [8]  40 C0 00 00 00 00 00 00
17:13:10.781  CAN2  249       [8]  00 00 00 00 00 00 00 00
17:13:10.781  CAN2  409       [8]  0A 02 00 00 00 00 00 00
17:13:10.781  CAN2  117       [8]  B2 40 00 00 57 00 00 B7
17:13:10.781  CAN2  124       [8]  F7 B0 00 15 55 2A A8 00
17:13:10.781  CAN2  1AE       [8]  AA D0 00 01 0F FF 7F F8
17:13:10.781  CAN2  121       [8]  F0 C0 2A A9 6A 8A AA 00
17:13:10.781  CAN2  23A       [8]  30 D0 00 00 00 00 00 00
17:13:10.805  CAN2  3B7       [8]  00 41 41 22 22 F9 00 00
17:13:10.805  CAN2  3B7       [8]  01 3F 7F BF 7F 1E 75 00
17:13:10.805  CAN2  3B7       [8]  02 00 00 00 94 11 00 00
17:13:10.805  CAN2  3E5       [8]  10 00 00 00 00 00 00 00
17:13:10.805  CAN2  3B7       [8]  03 00 00 9A 99 99 99 00
17:13:10.805  CAN2  3B7       [8]  04 07 CB 07 C5 0A F9 00
17:13:10.805  CAN2  3B7       [8]  05 12 01 11 00 00 00 01
17:13:10.805  CAN2  117       [8]  C2 40 00 00 57 00 00 A7
17:13:10.805  CAN2  124       [8]  FF C0 00 15 55 2A A8 00
17:13:10.805  CAN2  1AE       [8]  9A E0 00 01 0F FF 7F F8
17:13:10.805  CAN2  3B1       [8]  00 00 00 01 00 00 00 A0
17:13:10.805  CAN2  3B3       [8]  10 20 00 00 00 85 5F 00
17:13:10.805  CAN2  2C1       [8]  00 08 00 00 0F 00 00 00
17:13:10.805  CAN2  121       [8]  49 D0 2A A9 6A 8A AA 00
17:13:10.805  CAN2  23A       [8]  20 E0 00 00 00 00 00 00
17:13:10.805  CAN2  583       [8]  51 00 11 2C 6D A0 12 0E
17:13:10.805  CAN2  117       [8]  D2 40 00 00 57 00 00 97
17:13:10.805  CAN2  124       [8]  46 D0 00 15 55 2A A8 00
17:13:10.805  CAN2  1AE       [8]  8A F0 00 01 0F FF 7F F8
17:13:10.805  CAN2  20E       [8]  00 01 00 00 00 13 61 04
17:13:10.805  CAN2  3BD       [8]  00 00 00 00 00 00 00 00
17:13:10.805  CAN2  121       [8]  9F E0 2A A9 6A 8A AA 00
17:13:10.805  CAN2  23A       [8]  10 F0 00 00 00 00 00 00
17:13:10.805  CAN2  520       [8]  50 00 32 44 00 00 00 00
17:13:10.805  CAN2  517       [8]  FF 01 0E 00 92 00 4D 41
17:13:10.805  CAN2  518       [8]  00 05 FF 00 00 FF 00 00
17:13:10.805  CAN2  117       [8]  E2 40 00 00 57 00 00 87
17:13:10.805  CAN2  124       [8]  90 E0 00 15 55 2A A8 00
17:13:10.805  CAN2  1AE       [8]  7A 00 00 01 0F FF 7F F8
17:13:10.805  CAN2  335       [8]  00 02 00 1C FD 8E F0 00
17:13:10.805  CAN2  3E1       [8]  00 00 00 00 00 00 00 00
17:13:10.805  CAN2  121       [8]  26 F0 2A A9 6A 8A AA 00
17:13:10.840  CAN2  23A       [8]  00 00 00 00 00 00 00 00
17:13:10.840  CAN2  247       [8]  00 06 00 00 18 09 08 88
17:13:10.840  CAN2  256       [8]  50 10 00 61 25 2B AB 44
17:13:10.840  CAN2  29A       [8]  11 0C 00 00 11 01 01 00
17:13:10.840  CAN2  2AB       [8]  00 00 00 00 00 02 2B FE
17:13:10.840  CAN2  2CD       [8]  C0 00 28 00 00 00 40 03
17:13:10.840  CAN2  117       [8]  F2 40 00 00 57 00 00 77
17:13:10.840  CAN2  124       [8]  29 F0 00 15 55 2A A8 00
17:13:10.840  CAN2  1AE       [8]  6A 10 00 01 0F FF 7F F8
17:13:10.840  CAN2  121       [8]  8F 00 2A A9 6A 8A AA 00
17:13:10.840  CAN2  23A       [8]  F0 10 00 00 00 00 00 00
17:13:10.840  CAN2  249       [8]  00 00 00 00 00 00 00 00
17:13:10.840  CAN2  117       [8]  02 40 00 00 57 00 00 67
17:13:10.840  CAN2  124       [8]  80 00 00 15 55 2A A8 00
17:13:10.840  CAN2  1AE       [8]  5A 20 00 01 0F FF 7F F8
17:13:10.840  CAN2  121       [8]  36 10 2A A9 6A 8A AA 00
17:13:10.840  CAN2  23A       [8]  E0 20 00 00 00 00 00 00
17:13:10.840  CAN2  3B7       [8]  00 41 41 22 22 F9 00 00
17:13:10.840  CAN2  3B7       [8]  01 3F 7F BF 7F 1E 75 00
17:13:10.840  CAN2  3B7       [8]  02 00 00 00 94 11 00 00
17:13:10.840  CAN2  3E5       [8]  10 00 00 00 00 00 00 00
17:13:10.840  CAN2  3B7       [8]  03 00 00 9A 99 99 99 00
17:13:10.840  CAN2  3B7       [8]  04 07 CB 07 C5 0A F8 00
17:13:10.840  CAN2  3B7       [8]  05 12 01 11 00 00 00 01
17:13:10.840  CAN2  117       [8]  12 40 00 00 57 00 00 57
17:13:10.840  CAN2  124       [8]  39 10 00 15 55 2A A8 00
17:13:10.840  CAN2  1AE       [8]  4A 30 00 01 0F FF 7F F8
17:13:10.840  CAN2  2B2       [8]  D2 C0 00 00 41 00 90 41
17:13:10.840  CAN2  3C2       [8]  00 00 00 42 00 00 00 09
17:13:10.840  CAN2  3B1       [8]  00 00 00 01 00 00 00 A0
17:13:10.840  CAN2  3B3       [8]  10 20 00 00 00 85 5F 00
17:13:10.840  CAN2  435       [8]  00 00 00 00 00 00 00 00
17:13:10.863  CAN2  42D       [8]  00 08 00 00 00 00 12 40
17:13:10.863  CAN2  121       [8]  E0 20 2A A9 6A 8A AA 00
17:13:10.863  CAN2  23A       [8]  D0 30 00 00 00 00 00 00
17:13:10.863  CAN2  359       [8]  00 28 5D C0 FF 00 02 00
17:13:10.863  CAN2  583       [8]  51 00 11 2C 6D A0 12 0E
17:13:10.863  CAN2  2C1       [8]  00 08 00 00 0F 00 00 00
17:13:10.863  CAN2  117       [8]  22 40 00 00 57 00 00 47
17:13:10.863  CAN2  124       [8]  EF 20 00 15 55 2A A8 00
17:13:10.863  CAN2  1AE       [8]  3A 40 00 01 0F FF 7F F8
17:13:10.863  CAN2  20E       [8]  00 01 00 00 00 13 61 04
17:13:10.863  CAN2  3BD       [8]  00 00 00 00 00 00 00 00
17:13:10.863  CAN2  121       [8]  59 30 2A A9 6A 8A AA 00
17:13:10.863  CAN2  23A       [8]  C0 40 00 00 00 00 00 00
17:13:10.863  CAN2  520       [8]  50 00 32 44 00 00 00 00
17:13:10.863  CAN2  517       [8]  FF 01 0E 00 92 00 4D 41
17:13:10.863  CAN2  518       [8]  00 05 FF 00 00 FF 00 00
17:13:10.863  CAN2  117       [8]  32 40 00 00 57 00 00 37
17:13:10.863  CAN2  124       [8]  56 30 00 15 55 2A A8 00
17:13:10.863  CAN2  1AE       [8]  2A 50 00 01 0F FF 7F F8
17:13:10.863  CAN2  335       [8]  00 02 00 1C FD 8E F0 00
17:13:10.863  CAN2  3E1       [8]  00 00 00 00 00 00 00 00
17:13:10.863  CAN2  121       [8]  51 40 2A A9 6A 8A AA 00
17:13:10.863  CAN2  23A       [8]  B0 50 00 00 00 00 00 00
17:13:10.863  CAN2  247       [8]  00 06 00 00 18 09 08 88
17:13:10.863  CAN2  29A       [8]  11 0C 00 00 11 01 01 00
17:13:10.863  CAN2  2AB       [8]  00 00 00 00 00 02 2B FE
17:13:10.863  CAN2  2CD       [8]  C0 00 28 00 00 00 40 03
17:13:10.863  CAN2  117       [8]  42 40 00 00 57 00 00 27
17:13:10.863  CAN2  124       [8]  5E 40 00 15 55 2A A8 00
17:13:10.863  CAN2  1AE       [8]  1A 60 00 01 0F FF 7F F8
17:13:10.863  CAN2  121       [8]  E8 50 2A A9 6A 8A AA 00
17:13:10.863  CAN2  23A       [8]  A0 60 00 00 00 00 00 00
17:13:10.899  CAN2  249       [8]  00 00 00 00 00 00 00 00
17:13:10.899  CAN2  40A       [8]  0D 02 00 00 00 00 00 00
17:13:10.899  CAN2  117       [8]  52 40 00 00 57 00 00 17
17:13:10.899  CAN2  124       [8]  E7 50 00 15 55 2A A8 00
17:13:10.899  CAN2  1AE       [8]  0A 70 00 01 0F FF 7F F8
17:13:10.899  CAN2  580       [8]  7E A5 02 13 0D 4B 00 00
17:13:10.899  CAN2  121       [8]  3E 60 2A A9 6A 8A AA 00
17:13:10.899  CAN2  23A       [8]  90 70 00 00 00 00 00 00
17:13:10.899  CAN2  3B7       [8]  00 41 41 22 22 F9 00 00
17:13:10.899  CAN2  3B7       [8]  01 3F 7F BF 7F 1E 75 00
17:13:10.899  CAN2  3B7       [8]  02 00 00 00 94 11 00 00
17:13:10.899  CAN2  3E5       [8]  10 00 00 00 00 00 00 00
17:13:10.899  CAN2  3B7       [8]  03 00 00 9A 99 99 99 00
17:13:10.899  CAN2  3B7       [8]  04 07 CB 07 C5 0A F9 00
17:13:10.899  CAN2  3B7       [8]  05 12 01 11 00 00 00 01
17:13:10.899  CAN2  117       [8]  62 40 00 00 57 00 00 07
17:13:10.899  CAN2  124       [8]  31 60 00 15 55 2A A8 00
17:13:10.899  CAN2  1AE       [8]  FA 80 00 01 0F FF 7F F8
17:13:10.899  CAN2  3B1       [8]  00 00 00 01 00 00 00 A0
17:13:10.899  CAN2  3B3       [8]  10 20 00 00 00 85 5F 00
17:13:10.899  CAN2  121       [8]  87 70 2A A9 6A 8A AA 00
17:13:10.899  CAN2  23A       [8]  80 80 00 00 00 00 00 00
17:13:10.899  CAN2  583       [8]  51 00 11 2C 6D A0 12 0E
17:13:10.899  CAN2  117       [8]  72 40 00 00 57 00 00 F7
17:13:10.899  CAN2  124       [8]  88 70 00 15 55 2A A8 00
17:13:10.899  CAN2  1AE       [8]  EA 90 00 01 0F FF 7F F8
17:13:10.899  CAN2  20E       [8]  00 01 00 00 00 13 61 04
17:13:10.899  CAN2  2C1       [8]  00 08 00 00 0F 00 00 00
17:13:10.899  CAN2  3BD       [8]  00 00 00 00 00 00 00 00
17:13:10.899  CAN2  121       [8]  2E 80 2A A9 6A 8A AA 00
17:13:10.899  CAN2  23A       [8]  70 90 00 00 00 00 00 00
17:13:10.899  CAN2  520       [8]  50 00 32 44 00 00 00 00
17:13:10.935  CAN2  517       [8]  FF 01 0E 00 92 00 4D 41
17:13:10.935  CAN2  518       [8]  00 05 FF 00 00 FF 00 00
17:13:10.935  CAN2  117       [8]  82 40 00 00 57 00 00 E7
17:13:10.935  CAN2  124       [8]  21 80 00 15 55 2A A8 00
17:13:10.935  CAN2  1AE       [8]  DA A0 00 01 0F FF 7F F8
17:13:10.935  CAN2  335       [8]  00 02 00 1C FD 8E F0 00
17:13:10.935  CAN2  121       [8]  97 90 2A A9 6A 8A AA 00
17:13:10.935  CAN2  23A       [8]  60 A0 00 00 00 00 00 00
17:13:10.935  CAN2  247       [8]  00 06 00 00 18 09 08 88
17:13:10.935  CAN2  256       [8]  4F 10 00 61 25 2B AC 44
17:13:10.935  CAN2  3E1       [8]  00 00 00 00 00 00 00 00
17:13:10.935  CAN2  29A       [8]  11 0C 00 00 11 01 01 00
17:13:10.935  CAN2  2AB       [8]  00 00 00 00 00 02 2B FE
17:13:10.935  CAN2  2CD       [8]  C0 00 28 00 00 00 40 03
17:13:10.935  CAN2  632       [8]  04 01 52 01 01 FF FF FF
17:13:10.935  CAN2  636       [8]  04 01 52 01 01 FF FF FF
17:13:10.935  CAN2  117       [8]  92 40 00 00 57 00 00 D7
17:13:10.935  CAN2  124       [8]  98 90 00 15 55 2A A8 00
17:13:10.935  CAN2  1AE       [8]  CA B0 00 01 0F FF 7F F8
17:13:10.935  CAN2  121       [8]  41 A0 2A A9 6A 8A AA 00
17:13:10.935  CAN2  23A       [8]  50 B0 00 00 00 00 00 00
17:13:10.935  CAN2  249       [8]  00 00 00 00 00 00 00 00
17:13:10.935  CAN2  117       [8]  A2 40 00 00 57 00 00 C7
17:13:10.935  CAN2  124       [8]  4E A0 00 15 55 2A A8 00
17:13:10.935  CAN2  1AE       [8]  BA C0 00 01 0F FF 7F F8
17:13:10.935  CAN2  121       [8]  F8 B0 2A A9 6A 8A AA 00
17:13:10.935  CAN2  23A       [8]  40 C0 00 00 00 00 00 00
17:13:10.935  CAN2  3B7       [8]  00 41 41 22 22 F9 00 00
17:13:10.935  CAN2  3B7       [8]  01 3F 7F BF 7F 1E 75 00
17:13:10.935  CAN2  3B7       [8]  02 00 00 00 94 11 00 00
17:13:10.935  CAN2  3E5       [8]  10 00 00 00 00 00 00 00
17:13:10.935  CAN2  3B7       [8]  03 00 00 9A 99 99 99 00
17:13:10.959  CAN2  3B7       [8]  04 07 CB 07 C6 0A F8 00
17:13:10.959  CAN2  3B7       [8]  05 12 01 11 00 00 00 01
17:13:10.959  CAN2  117       [8]  B2 40 00 00 57 00 00 B7
17:13:10.959  CAN2  124       [8]  F7 B0 00 15 55 2A A8 00
17:13:10.959  CAN2  1AE       [8]  AA D0 00 01 0F FF 7F F8
17:13:10.959  CAN2  2B2       [8]  E2 D0 00 00 41 00 90 41
17:13:10.959  CAN2  3B1       [8]  00 00 00 01 00 00 00 A0
17:13:10.959  CAN2  3B3       [8]  10 20 00 00 00 85 5F 00
17:13:10.959  CAN2  435       [8]  00 00 00 00 00 00 00 00
17:13:10.959  CAN2  42D       [8]  00 08 00 00 00 00 12 40
17:13:10.959  CAN2  121       [8]  F0 C0 2A A9 6A 8A AA 00
17:13:10.959  CAN2  23A       [8]  30 D0 00 00 00 00 00 00
17:13:10.959  CAN2  359       [8]  00 28 5D C0 FF 00 02 00
17:13:10.959  CAN2  583       [8]  51 00 11 2C 6D A0 12 0E
17:13:10.959  CAN2  117       [8]  C2 40 00 00 57 00 00 A7
17:13:10.959  CAN2  124       [8]  FF C0 00 15 55 2A A8 00
17:13:10.959  CAN2  1AE       [8]  9A E0 00 01 0F FF 7F F8
17:13:10.959  CAN2  20E       [8]  00 01 00 00 00 13 61 04
17:13:10.959  CAN2  3BD       [8]  00 00 00 00 00 00 00 00
17:13:10.959  CAN2  121       [8]  49 D0 2A A9 6A 8A AA 00
17:13:10.959  CAN2  23A       [8]  20 E0 00 00 00 00 00 00
17:13:10.959  CAN2  520       [8]  50 00 32 44 00 00 00 00
17:13:10.959  CAN2  2C1       [8]  00 08 00 00 0F 00 00 00
17:13:10.959  CAN2  517       [8]  FF 01 0E 00 92 00 4D 41
17:13:10.959  CAN2  518       [8]  00 05 FF 00 00 FF 00 00
17:13:10.959  CAN2  117       [8]  D2 40 00 00 57 00 00 97
17:13:10.959  CAN2  124       [8]  46 D0 00 15 55 2A A8 00
17:13:10.959  CAN2  1AE       [8]  8A F0 00 01 0F FF 7F F8
17:13:10.959  CAN2  335       [8]  00 02 00 1C FD 8E F0 00
17:13:10.959  CAN2  631       [8]  04 03 48 01 01 00 00 00
17:13:10.959  CAN2  121       [8]  9F E0 2A A9 6A 8A AA 00
17:13:10.959  CAN2  23A       [8]  10 F0 00 00 00 00 00 00
17:13:10.984  CAN2  247       [8]  00 06 00 00 18 09 08 88
17:13:10.984  CAN2  29A       [8]  11 0C 00 00 11 01 01 00
17:13:10.984  CAN2  2AB       [8]  00 00 00 00 00 02 2B FE
17:13:10.984  CAN2  2CD       [8]  C0 00 28 00 00 00 40 03
17:13:10.984  CAN2  3E1       [8]  00 00 00 00 00 00 00 00
17:13:10.984  CAN2  117       [8]  E2 40 00 00 57 00 00 87
17:13:10.984  CAN2  124       [8]  90 E0 00 15 55 2A A8 00
17:13:10.984  CAN2  1AE       [8]  7A 00 00 01 0F FF 7F F8
17:13:10.984  CAN2  121       [8]  26 F0 2A A9 6A 8A AA 00
17:13:10.984  CAN2  23A       [8]  00 00 00 00 00 00 00 00
17:13:10.984  CAN2  249       [8]  00 00 00 00 00 00 00 00
17:13:10.984  CAN2  40D       [8]  01 02 00 00 00 00 00 00
17:13:10.984  CAN2  117       [8]  F2 40 00 00 57 00 00 77
17:13:10.984  CAN2  124       [8]  29 F0 00 15 55 2A A8 00
17:13:10.984  CAN2  1AE       [8]  6A 10 00 01 0F FF 7F F8
17:13:10.984  CAN2  121       [8]  8F 00 2A A9 6A 8A AA 00
17:13:10.984  CAN2  23A       [8]  F0 10 00 00 00 00 00 00
17:13:10.984  CAN2  3B7       [8]  00 41 41 22 22 F9 00 00
17:13:10.984  CAN2  3B7       [8]  01 3F 7F BF 7F 1E 75 00
17:13:10.984  CAN2  3B7       [8]  02 00 00 00 94 11 00 00
17:13:10.984  CAN2  3E5       [8]  10 00 00 00 00 00 00 00
17:13:10.984  CAN2  3B7       [8]  03 00 00 9A 99 99 99 00
17:13:10.984  CAN2  3B7       [8]  04 07 CB 07 C5 0A F9 00
17:13:10.984  CAN2  3B7       [8]  05 12 01 11 00 00 00 01
17:13:10.984  CAN2  117       [8]  02 40 00 00 57 00 00 67
17:13:10.984  CAN2  124       [8]  80 00 00 15 55 2A A8 00
17:13:10.984  CAN2  1AE       [8]  5A 20 00 01 0F FF 7F F8
17:13:10.984  CAN2  3B1       [8]  00 00 00 01 00 00 00 A0
17:13:10.984  CAN2  3B3       [8]  10 20 00 00 00 85 5F 00
17:13:10.984  CAN2  121       [8]  36 10 2A A9 6A 8A AA 00
17:13:10.984  CAN2  23A       [8]  E0 20 00 00 00 00 00 00
17:13:10.984  CAN2  583       [8]  51 00 11 2C 6D A0 12 0E
17:13:11.021  CAN2  117       [8]  12 40 00 00 57 00 00 57
17:13:11.021  CAN2  124       [8]  39 10 00 15 55 2A A8 00
17:13:11.021  CAN2  1AE       [8]  4A 30 00 01 0F FF 7F F8
17:13:11.021  CAN2  20E       [8]  00 01 00 00 00 13 61 04
17:13:11.021  CAN2  3BD       [8]  00 00 00 00 00 00 00 00
17:13:11.021  CAN2  121       [8]  E0 20 2A A9 6A 8A AA 00
17:13:11.021  CAN2  23A       [8]  D0 30 00 00 00 00 00 00
17:13:11.021  CAN2  520       [8]  50 00 32 44 00 00 00 00
17:13:11.021  CAN2  517       [8]  FF 01 0E 00 92 00 4D 41
17:13:11.021  CAN2  518       [8]  00 05 FF 00 00 FF 00 00
17:13:11.021  CAN2  117       [8]  22 40 00 00 57 00 00 47
17:13:11.021  CAN2  124       [8]  EF 20 00 15 55 2A A8 00
17:13:11.021  CAN2  1AE       [8]  3A 40 00 01 0F FF 7F F8
17:13:11.021  CAN2  335       [8]  00 02 00 1C FD 8E F0 00
17:13:11.021  CAN2  2C1       [8]  00 08 00 00 0F 00 00 00
17:13:11.021  CAN2  121       [8]  59 30 2A A9 6A 8A AA 00
17:13:11.021  CAN2  23A       [8]  C0 40 00 00 00 00 00 00
17:13:11.021  CAN2  247       [8]  00 06 00 00 18 09 08 88
17:13:11.021  CAN2  256       [8]  4E 10 00 61 25 2B AD 44
17:13:11.021  CAN2  29A       [8]  11 0C 00 00 11 01 01 00
17:13:11.021  CAN2  2AB       [8]  00 00 00 00 00 02 2B FE
17:13:11.021  CAN2  2CD       [8]  C0 00 28 00 00 00 40 03
17:13:11.021  CAN2  117       [8]  32 40 00 00 57 00 00 37
17:13:11.021  CAN2  124       [8]  56 30 00 15 55 2A A8 00
17:13:11.021  CAN2  1AE       [8]  2A 50 00 01 0F FF 7F F8
17:13:11.021  CAN2  3E1       [8]  00 00 00 00 00 00 00 00
17:13:11.021  CAN2  121       [8]  51 40 2A A9 6A 8A AA 00
17:13:11.021  CAN2  23A       [8]  B0 50 00 00 00 00 00 00
17:13:11.021  CAN2  249       [8]  00 00 00 00 00 00 00 00
17:13:11.021  CAN2  117       [8]  42 40 00 00 57 00 00 27
17:13:11.021  CAN2  124       [8]  5E 40 00 15 55 2A A8 00
17:13:11.021  CAN2  1AE       [8]  1A 60 00 01 0F FF 7F F8
17:13:11.047  CAN2  121       [8]  E8 50 2A A9 6A 8A AA 00
17:13:11.047  CAN2  23A       [8]  A0 60 00 00 00 00 00 00
17:13:11.047  CAN2  3B7       [8]  00 41 41 22 22 F9 00 00
17:13:11.047  CAN2  3B7       [8]  01 3F 7F BF 7F 1E 75 00
17:13:11.047  CAN2  3B7       [8]  02 00 00 00 94 11 00 00
17:13:11.047  CAN2  3E5       [8]  10 00 00 00 00 00 00 00
17:13:11.047  CAN2  3B7       [8]  03 00 00 9A 99 99 99 00
17:13:11.047  CAN2  3B7       [8]  04 07 CB 07 C6 0A F8 00
17:13:11.047  CAN2  3B7       [8]  05 12 01 11 00 00 00 01
17:13:11.047  CAN2  117       [8]  52 40 00 00 57 00 00 17
17:13:11.047  CAN2  124       [8]  E7 50 00 15 55 2A A8 00
17:13:11.047  CAN2  1AE       [8]  0A 70 00 01 0F FF 7F F8
17:13:11.047  CAN2  2B2       [8]  F2 E0 00 00 41 00 90 41
17:13:11.047  CAN2  3B1       [8]  00 00 00 01 00 00 00 A0
17:13:11.047  CAN2  3B3       [8]  10 20 00 00 00 85 5F 00
17:13:11.047  CAN2  435       [8]  00 00 00 00 00 00 00 00
17:13:11.047  CAN2  42D       [8]  00 08 00 00 00 00 12 40
17:13:11.047  CAN2  121       [8]  3E 60 2A A9 6A 8A AA 00
17:13:11.047  CAN2  23A       [8]  90 70 00 00 00 00 00 00
17:13:11.047  CAN2  359       [8]  00 28 5D C0 FF 00 02 00
17:13:11.047  CAN2  583       [8]  51 00 11 2C 6D A0 12 0E
17:13:11.047  CAN2  117       [8]  62 40 00 00 57 00 00 07
17:13:11.047  CAN2  124       [8]  31 60 00 15 55 2A A8 00
17:13:11.047  CAN2  1AE       [8]  FA 80 00 01 0F FF 7F F8
17:13:11.047  CAN2  20E       [8]  00 01 00 00 00 13 61 04
17:13:11.047  CAN2  3BD       [8]  00 00 00 00 00 00 00 00
17:13:11.047  CAN2  121       [8]  87 70 2A A9 6A 8A AA 00
17:13:11.047  CAN2  23A       [8]  80 80 00 00 00 00 00 00
17:13:11.047  CAN2  520       [8]  50 00 32 44 00 00 00 00
17:13:11.047  CAN2  517       [8]  FF 01 0E 00 92 00 4D 41
17:13:11.047  CAN2  518       [8]  00 05 FF 00 00 FF 00 00
17:13:11.047  CAN2  117       [8]  72 40 00 00 57 00 00 F7
17:13:11.084  CAN2  124       [8]  88 70 00 15 55 2A A8 00
17:13:11.084  CAN2  1AE       [8]  EA 90 00 01 0F FF 7F F8
17:13:11.084  CAN2  335       [8]  00 02 00 1C FD 8E F0 00
17:13:11.084  CAN2  121       [8]  2E 80 2A A9 6A 8A AA 00
17:13:11.084  CAN2  23A       [8]  70 90 00 00 00 00 00 00
17:13:11.084  CAN2  247       [8]  00 06 00 00 18 09 08 88
17:13:11.084  CAN2  2C1       [8]  00 08 00 00 0F 00 00 00
17:13:11.084  CAN2  29A       [8]  11 0C 00 00 11 01 01 00
17:13:11.084  CAN2  2AB       [8]  00 00 00 00 00 02 2B FE
17:13:11.084  CAN2  2CD       [8]  C0 00 28 00 00 00 40 03
17:13:11.084  CAN2  117       [8]  82 40 00 00 57 00 00 E7
17:13:11.084  CAN2  124       [8]  21 80 00 15 55 2A A8 00
17:13:11.084  CAN2  1AE       [8]  DA A0 00 01 0F FF 7F F8
17:13:11.084  CAN2  3E1       [8]  00 00 00 00 00 00 00 00
17:13:11.084  CAN2  121       [8]  97 90 2A A9 6A 8A AA 00
17:13:11.084  CAN2  23A       [8]  60 A0 00 00 00 00 00 00
17:13:11.084  CAN2  249       [8]  00 00 00 00 00 00 00 00
17:13:11.084  CAN2  117       [8]  92 40 00 00 57 00 00 D7
17:13:11.084  CAN2  124       [8]  98 90 00 15 55 2A A8 00
17:13:11.084  CAN2  1AE       [8]  CA B0 00 01 0F FF 7F F8
17:13:11.084  CAN2  121       [8]  41 A0 2A A9 6A 8A AA 00
17:13:11.084  CAN2  23A       [8]  50 B0 00 00 00 00 00 00
17:13:11.084  CAN2  3B7       [8]  00 41 41 22 22 F9 00 00
17:13:11.084  CAN2  3B7       [8]  01 3F 7F BF 7F 1E 75 00
17:13:11.084  CAN2  3B7       [8]  02 00 00 00 94 11 00 00
17:13:11.084  CAN2  401       [8]  02 02 00 00 00 00 00 00
17:13:11.084  CAN2  3E5       [8]  10 00 00 00 00 00 00 00
17:13:11.084  CAN2  3B7       [8]  03 00 00 9A 99 99 99 00
17:13:11.084  CAN2  3B7       [8]  04 07 CB 07 C5 0A F8 00
17:13:11.084  CAN2  3B7       [8]  05 12 01 11 00 00 00 01
17:13:11.084  CAN2  117       [8]  A2 40 00 00 57 00 00 C7
17:13:11.084  CAN2  124       [8]  4E A0 00 15 55 2A A8 00
17:13:11.108  CAN2  1AE       [8]  BA C0 00 01 0F FF 7F F8
17:13:11.108  CAN2  3B1       [8]  00 00 00 01 00 00 00 A0
17:13:11.108  CAN2  3B3       [8]  10 20 00 00 00 85 5F 00
17:13:11.108  CAN2  121       [8]  F8 B0 2A A9 6A 8A AA 00
17:13:11.108  CAN2  23A       [8]  40 C0 00 00 00 00 00 00
17:13:11.108  CAN2  583       [8]  51 00 11 2C 6D A0 12 0E
17:13:11.108  CAN2  117       [8]  B2 40 00 00 57 00 00 B7
17:13:11.108  CAN2  124       [8]  F7 B0 00 15 55 2A A8 00
17:13:11.108  CAN2  1AE       [8]  AA D0 00 01 0F FF 7F F8
17:13:11.108  CAN2  20E       [8]  00 01 00 00 00 13 61 04
17:13:11.108  CAN2  3BD       [8]  00 00 00 00 00 00 00 00
17:13:11.108  CAN2  121       [8]  F0 C0 2A A9 6A 8A AA 00
17:13:11.108  CAN2  23A       [8]  30 D0 00 00 00 00 00 00
17:13:11.108  CAN2  520       [8]  50 00 32 44 00 00 00 00
17:13:11.108  CAN2  517       [8]  FF 01 0E 00 92 00 4D 41
17:13:11.108  CAN2  518       [8]  00 05 FF 00 00 FF 00 00
17:13:11.108  CAN2  117       [8]  C2 40 00 00 57 00 00 A7
17:13:11.108  CAN2  124       [8]  FF C0 00 15 55 2A A8 00
17:13:11.108  CAN2  1AE       [8]  9A E0 00 01 0F FF 7F F8
17:13:11.108  CAN2  335       [8]  00 02 00 1C FD 8E F0 00
17:13:11.108  CAN2  632       [8]  04 01 52 01 01 FF FF FF
17:13:11.108  CAN2  636       [8]  04 01 52 01 01 FF FF FF
17:13:11.108  CAN2  121       [8]  49 D0 2A A9 6A 8A AA 00
17:13:11.108  CAN2  23A       [8]  20 E0 00 00 00 00 00 00
17:13:11.108  CAN2  247       [8]  00 06 00 00 18 09 08 88
17:13:11.108  CAN2  256       [8]  4D 10 00 61 25 2B AE 44
17:13:11.108  CAN2  29A       [8]  11 0C 00 00 11 01 01 00
17:13:11.108  CAN2  2AB       [8]  00 00 00 00 00 02 2B FE
17:13:11.108  CAN2  2CD       [8]  C0 00 28 00 00 00 40 03
17:13:11.108  CAN2  117       [8]  D2 40 00 00 57 00 00 97
17:13:11.108  CAN2  124       [8]  46 D0 00 15 55 2A A8 00
17:13:11.108  CAN2  1AE       [8]  8A F0 00 01 0F FF 7F F8
17:13:11.144  CAN2  2C1       [8]  00 08 00 00 0F 00 00 00
17:13:11.144  CAN2  3E1       [8]  00 00 00 00 00 00 00 00
17:13:11.144  CAN2  121       [8]  9F E0 2A A9 6A 8A AA 00
17:13:11.144  CAN2  23A       [8]  10 F0 00 00 00 00 00 00
17:13:11.144  CAN2  249       [8]  00 00 00 00 00 00 00 00
17:13:11.144  CAN2  117       [8]  E2 40 00 00 57 00 00 87
17:13:11.144  CAN2  124       [8]  90 E0 00 15 55 2A A8 00
17:13:11.144  CAN2  1AE       [8]  7A 00 00 01 0F FF 7F F8
17:13:11.144  CAN2  121       [8]  26 F0 2A A9 6A 8A AA 00
17:13:11.144  CAN2  23A       [8]  00 00 00 00 00 00 00 00
17:13:11.144  CAN2  3B7       [8]  00 41 41 22 22 F9 00 00
17:13:11.144  CAN2  3B7       [8]  01 3F 7F BF 7F 1E 75 00
17:13:11.144  CAN2  3B7       [8]  02 00 00 00 94 11 00 00
17:13:11.144  CAN2  3B7       [8]  03 00 00 9A 99 99 99 00
17:13:11.144  CAN2  3E5       [8]  10 00 00 00 00 00 00 00
17:13:11.144  CAN2  3B7       [8]  04 07 CA 07 C6 0A F8 00
17:13:11.144  CAN2  3B7       [8]  05 12 01 11 00 00 00 01
17:13:11.144  CAN2  117       [8]  F2 40 00 00 57 00 00 77
17:13:11.144  CAN2  124       [8]  29 F0 00 15 55 2A A8 00
17:13:11.144  CAN2  1AE       [8]  6A 10 00 01 0F FF 7F F8
17:13:11.144  CAN2  2B2       [8]  02 F0 00 00 41 00 90 41
17:13:11.144  CAN2  3B1       [8]  00 00 00 01 00 00 00 A0
17:13:11.144  CAN2  3B3       [8]  10 20 00 00 00 85 5F 00
17:13:11.144  CAN2  435       [8]  00 00 00 00 00 00 00 00
17:13:11.144  CAN2  42D       [8]  00 08 00 00 00 00 12 40
17:13:11.144  CAN2  121       [8]  8F 00 2A A9 6A 8A AA 00
17:13:11.144  CAN2  23A       [8]  F0 10 00 00 00 00 00 00
17:13:11.144  CAN2  359       [8]  00 28 5D C0 FF 00 02 00
17:13:11.144  CAN2  583       [8]  51 00 11 2C 6D A0 12 0E
17:13:11.144  CAN2  117       [8]  02 40 00 00 57 00 00 67
17:13:11.144  CAN2  124       [8]  80 00 00 15 55 2A A8 00
17:13:11.144  CAN2  1AE       [8]  5A 20 00 01 0F FF 7F F8
17:13:11.181  CAN2  20E       [8]  00 01 00 00 00 13 61 04
17:13:11.181  CAN2  3BD       [8]  00 00 00 00 00 00 00 00
17:13:11.181  CAN2  121       [8]  36 10 2A A9 6A 8A AA 00
17:13:11.181  CAN2  23A       [8]  E0 20 00 00 00 00 00 00
17:13:11.181  CAN2  520       [8]  50 00 32 44 00 00 00 00
17:13:11.181  CAN2  517       [8]  FF 01 0E 00 92 00 4D 41
17:13:11.181  CAN2  518       [8]  00 05 FF 00 00 FF 00 00
17:13:11.181  CAN2  117       [8]  12 40 00 00 57 00 00 57
17:13:11.181  CAN2  124       [8]  39 10 00 15 55 2A A8 00
17:13:11.181  CAN2  1AE       [8]  4A 30 00 01 0F FF 7F F8
17:13:11.181  CAN2  335       [8]  00 02 00 1C FD 8E F0 00
17:13:11.181  CAN2  631       [8]  04 03 48 01 01 00 00 00
17:13:11.181  CAN2  121       [8]  E0 20 2A A9 6A 8A AA 00
17:13:11.181  CAN2  23A       [8]  D0 30 00 00 00 00 00 00
17:13:11.181  CAN2  247       [8]  00 06 00 00 18 09 08 88
17:13:11.181  CAN2  29A       [8]  11 0C 00 00 11 01 01 00
17:13:11.181  CAN2  2AB       [8]  00 00 00 00 00 02 2B FE
17:13:11.181  CAN2  2CD       [8]  C0 00 28 00 00 00 40 03
17:13:11.181  CAN2  117       [8]  22 40 00 00 57 00 00 47
17:13:11.181  CAN2  124       [8]  EF 20 00 15 55 2A A8 00
17:13:11.181  CAN2  1AE       [8]  3A 40 00 01 0F FF 7F F8
17:13:11.181  CAN2  121       [8]  59 30 2A A9 6A 8A AA 00
17:13:11.181  CAN2  23A       [8]  C0 40 00 00 00 00 00 00
17:13:11.181  CAN2  249       [8]  00 00 00 00 00 00 00 00
17:13:11.181  CAN2  2C1       [8]  00 08 00 00 0F 00 00 00
17:13:11.181  CAN2  3E1       [8]  00 00 00 00 00 00 00 00
17:13:11.181  CAN2  402       [8]  06 02 00 00 00 00 00 00
17:13:11.181  CAN2  117       [8]  32 40 00 00 57 00 00 37
17:13:11.181  CAN2  124       [8]  56 30 00 15 55 2A A8 00
17:13:11.181  CAN2  1AE       [8]  2A 50 00 01 0F FF 7F F8
17:13:11.181  CAN2  121       [8]  51 40 2A A9 6A 8A AA 00
17:13:11.181  CAN2  23A       [8]  B0 50 00 00 00 00 00 00
17:13:11.205  CAN2  3B7       [8]  00 41 41 22 22 F9 00 00
17:13:11.205  CAN2  3B7       [8]  01 3F 7F BF 7F 1E 75 00
17:13:11.205  CAN2  3B7       [8]  02 00 00 00 94 11 00 00
17:13:11.205  CAN2  3B7       [8]  03 00 00 9A 99 99 99 00
17:13:11.205  CAN2  3B7       [8]  04 07 CB 07 C5 0A F8 00
17:13:11.205  CAN2  3E5       [8]  10 00 00 00 00 00 00 00
17:13:11.205  CAN2  3B7       [8]  05 12 01 11 00 00 00 01
17:13:11.205  CAN2  117       [8]  42 40 00 00 57 00 00 27
17:13:11.205  CAN2  124       [8]  5E 40 00 15 55 2A A8 00
17:13:11.205  CAN2  1AE       [8]  1A 60 00 01 0F FF 7F F8
17:13:11.205  CAN2  3B1       [8]  00 00 00 01 00 00 00 A0
17:13:11.205  CAN2  3B3       [8]  10 20 00 00 00 85 5F 00
17:13:11.205  CAN2  121       [8]  E8 50 2A A9 6A 8A AA 00
17:13:11.205  CAN2  23A       [8]  A0 60 00 00 00 00 00 00
17:13:11.205  CAN2  583       [8]  51 00 11 2C 6D A0 12 0E
17:13:11.205  CAN2  117       [8]  52 40 00 00 57 00 00 17
17:13:11.205  CAN2  124       [8]  E7 50 00 15 55 2A A8 00
17:13:11.205  CAN2  1AE       [8]  0A 70 00 01 0F FF 7F F8
17:13:11.205  CAN2  20E       [8]  00 01 00 00 00 13 61 04
17:13:11.205  CAN2  3BD       [8]  00 00 00 00 00 00 00 00
17:13:11.205  CAN2  121       [8]  3E 60 2A A9 6A 8A AA 00
17:13:11.205  CAN2  23A       [8]  90 70 00 00 00 00 00 00
17:13:11.205  CAN2  520       [8]  50 00 32 44 00 00 00 00
17:13:11.205  CAN2  517       [8]  FF 01 0E 00 92 00 4D 41
17:13:11.205  CAN2  518       [8]  00 05 FF 00 00 FF 00 00
17:13:11.205  CAN2  117       [8]  62 40 00 00 57 00 00 07
17:13:11.205  CAN2  124       [8]  31 60 00 15 55 2A A8 00
17:13:11.205  CAN2  1AE       [8]  FA 80 00 01 0F FF 7F F8
17:13:11.205  CAN2  335       [8]  00 02 00 1C FD 8E F0 00
17:13:11.205  CAN2  121       [8]  87 70 2A A9 6A 8A AA 00
17:13:11.205  CAN2  23A       [8]  80 80 00 00 00 00 00 00
17:13:11.205  CAN2  247       [8]  00 06 00 00 18 09 08 88
17:13:11.230  CAN2  256       [8]  4C 10 00 61 25 2B AF 44
17:13:11.230  CAN2  29A       [8]  11 0C 00 00 11 01 01 00
17:13:11.230  CAN2  2AB       [8]  00 00 00 00 00 02 2B FE
17:13:11.230  CAN2  2CD       [8]  C0 00 28 00 00 00 40 03
17:13:11.230  CAN2  117       [8]  72 40 00 00 57 00 00 F7
17:13:11.230  CAN2  124       [8]  88 70 00 15 55 2A A8 00
17:13:11.230  CAN2  1AE       [8]  EA 90 00 01 0F FF 7F F8
17:13:11.230  CAN2  121       [8]  2E 80 2A A9 6A 8A AA 00
17:13:11.230  CAN2  23A       [8]  70 90 00 00 00 00 00 00
17:13:11.230  CAN2  249       [8]  00 00 00 00 00 00 00 00
17:13:11.230  CAN2  3E1       [8]  00 00 00 00 00 00 00 00
17:13:11.230  CAN2  2C1       [8]  00 08 00 00 0F 00 00 00
17:13:11.230  CAN2  117       [8]  82 40 00 00 57 00 00 E7
17:13:11.230  CAN2  124       [8]  21 80 00 15 55 2A A8 00
17:13:11.230  CAN2  1AE       [8]  DA A0 00 01 0F FF 7F F8
17:13:11.230  CAN2  121       [8]  97 90 2A A9 6A 8A AA 00
17:13:11.230  CAN2  23A       [8]  60 A0 00 00 00 00 00 00
17:13:11.230  CAN2  3B7       [8]  00 41 41 22 22 F9 00 00
17:13:11.230  CAN2  3B7       [8]  01 3F 7F BF 7F 1E 75 00
17:13:11.230  CAN2  3B7       [8]  02 00 00 00 94 11 00 00
17:13:11.230  CAN2  3B7       [8]  03 00 00 9A 99 99 99 00
17:13:11.230  CAN2  3E5       [8]  10 00 00 00 00 00 00 00
17:13:11.230  CAN2  3B7       [8]  04 07 CB 07 C6 0A F8 00
17:13:11.230  CAN2  3B7       [8]  05 12 01 11 00 00 00 01
17:13:11.230  CAN2  117       [8]  92 40 00 00 57 00 00 D7
17:13:11.230  CAN2  124       [8]  98 90 00 15 55 2A A8 00
17:13:11.230  CAN2  1AE       [8]  CA B0 00 01 0F FF 7F F8
17:13:11.230  CAN2  2B2       [8]  12 00 00 00 41 00 90 41
17:13:11.230  CAN2  3B1       [8]  00 00 00 01 00 00 00 A0
17:13:11.230  CAN2  3B3       [8]  10 20 00 00 00 85 5F 00
17:13:11.230  CAN2  435       [8]  00 00 00 00 00 00 00 00
17:13:11.230  CAN2  42D       [8]  00 08 00 00 00 00 12 40
17:13:11.267  CAN2  121       [8]  41 A0 2A A9 6A 8A AA 00
17:13:11.267  CAN2  23A       [8]  50 B0 00 00 00 00 00 00
17:13:11.267  CAN2  359       [8]  00 28 5D C0 FF 00 02 00
17:13:11.267  CAN2  583       [8]  51 00 11 2C 6D A0 12 0E
17:13:11.267  CAN2  117       [8]  A2 40 00 00 57 00 00 C7
17:13:11.267  CAN2  124       [8]  4E A0 00 15 55 2A A8 00
17:13:11.267  CAN2  1AE       [8]  BA C0 00 01 0F FF 7F F8
17:13:11.267  CAN2  20E       [8]  00 01 00 00 00 13 61 04
17:13:11.267  CAN2  3BD       [8]  00 00 00 00 00 00 00 00
17:13:11.267  CAN2  121       [8]  F8 B0 2A A9 6A 8A AA 00
17:13:11.267  CAN2  23A       [8]  40 C0 00 00 00 00 00 00
17:13:11.267  CAN2  520       [8]  50 00 32 44 00 00 00 00
17:13:11.267  CAN2  517       [8]  FF 01 0E 00 92 00 4D 41
17:13:11.267  CAN2  518       [8]  00 05 FF 00 00 FF 00 00
17:13:11.267  CAN2  117       [8]  B2 40 00 00 57 00 00 B7
17:13:11.267  CAN2  124       [8]  F7 B0 00 15 55 2A A8 00
17:13:11.267  CAN2  1AE       [8]  AA D0 00 01 0F FF 7F F8
17:13:11.267  CAN2  335       [8]  00 02 00 1C FD 8E F0 00
17:13:11.267  CAN2  121       [8]  F0 C0 2A A9 6A 8A AA 00
17:13:11.267  CAN2  23A       [8]  30 D0 00 00 00 00 00 00
17:13:11.267  CAN2  247       [8]  00 06 00 00 18 09 08 88
17:13:11.267  CAN2  29A       [8]  11 0C 00 00 11 01 01 00
17:13:11.267  CAN2  2AB       [8]  00 00 00 00 00 02 2B FE
17:13:11.267  CAN2  2CD       [8]  C0 00 28 00 00 00 40 03
17:13:11.267  CAN2  117       [8]  C2 40 00 00 57 00 00 A7
17:13:11.267  CAN2  124       [8]  FF C0 00 15 55 2A A8 00
17:13:11.267  CAN2  1AE       [8]  9A E0 00 01 0F FF 7F F8
17:13:11.267  CAN2  121       [8]  49 D0 2A A9 6A 8A AA 00
17:13:11.267  CAN2  23A       [8]  20 E0 00 00 00 00 00 00
17:13:11.267  CAN2  249       [8]  00 00 00 00 00 00 00 00
17:13:11.267  CAN2  406       [8]  09 02 00 00 00 00 00 00
17:13:11.267  CAN2  117       [8]  D2 40 00 00 57 00 00 97
17:13:11.303  CAN2  124       [8]  46 D0 00 15 55 2A A8 00
17:13:11.303  CAN2  1AE       [8]  8A F0 00 01 0F FF 7F F8
17:13:11.303  CAN2  3E1       [8]  00 00 00 00 00 00 00 00
17:13:11.303  CAN2  2C1       [8]  00 08 00 00 0F 00 00 00
17:13:11.303  CAN2  121       [8]  9F E0 2A A9 6A 8A AA 00
17:13:11.303  CAN2  23A       [8]  10 F0 00 00 00 00 00 00
17:13:11.303  CAN2  3B7       [8]  00 41 41 22 22 F9 00 00
17:13:11.303  CAN2  3B7       [8]  01 3F 7F BF 7F 1E 75 00
17:13:11.303  CAN2  3B7       [8]  02 00 00 00 94 11 00 00
17:13:11.303  CAN2  3B7       [8]  03 00 00 9A 99 99 99 00
17:13:11.303  CAN2  3B7       [8]  04 07 CB 07 C5 0A F9 00
17:13:11.303  CAN2  3E5       [8]  10 00 00 00 00 00 00 00
17:13:11.303  CAN2  3B7       [8]  05 12 01 11 00 00 00 01
17:13:11.303  CAN2  117       [8]  E2 40 00 00 57 00 00 87
17:13:11.303  CAN2  124       [8]  90 E0 00 15 55 2A A8 00
17:13:11.303  CAN2  1AE       [8]  7A 00 00 01 0F FF 7F F8
17:13:11.303  CAN2  3B1       [8]  00 00 00 01 00 00 00 A0
17:13:11.303  CAN2  3B3       [8]  10 20 00 00 00 85 5F 00
17:13:11.303  CAN2  121       [8]  26 F0 2A A9 6A 8A AA 00
17:13:11.303  CAN2  23A       [8]  00 00 00 00 00 00 00 00
17:13:11.303  CAN2  583       [8]  51 00 11 2C 6D A0 12 0E
17:13:11.303  CAN2  117       [8]  F2 40 00 00 57 00 00 77
17:13:11.303  CAN2  124       [8]  29 F0 00 15 55 2A A8 00
17:13:11.303  CAN2  1AE       [8]  6A 10 00 01 0F FF 7F F8
17:13:11.303  CAN2  20E       [8]  00 01 00 00 00 13 61 04
17:13:11.303  CAN2  3BD       [8]  00 00 00 00 00 00 00 00
17:13:11.303  CAN2  121       [8]  8F 00 2A A9 6A 8A AA 00
17:13:11.303  CAN2  23A       [8]  F0 10 00 00 00 00 00 00
17:13:11.303  CAN2  520       [8]  50 00 32 44 00 00 00 00
17:13:11.303  CAN2  517       [8]  FF 01 0E 00 92 00 4D 41
17:13:11.303  CAN2  518       [8]  00 05 FF 00 00 FF 00 00
17:13:11.303  CAN2  117       [8]  02 40 00 00 57 00 00 67
17:13:11.328  CAN2  124       [8]  80 00 00 15 55 2A A8 00
17:13:11.328  CAN2  1AE       [8]  5A 20 00 01 0F FF 7F F8
17:13:11.328  CAN2  335       [8]  00 02 00 1C FD 8E F0 00
17:13:11.328  CAN2  632       [8]  04 01 52 01 01 FF FF FF
17:13:11.328  CAN2  636       [8]  04 01 52 01 01 FF FF FF
17:13:11.328  CAN2  121       [8]  36 10 2A A9 6A 8A AA 00
17:13:11.328  CAN2  23A       [8]  E0 20 00 00 00 00 00 00
17:13:11.328  CAN2  247       [8]  00 06 00 00 18 09 08 88
17:13:11.328  CAN2  256       [8]  5B 10 00 61 25 2B A0 44
17:13:11.328  CAN2  29A       [8]  11 0C 00 00 11 01 01 00
17:13:11.328  CAN2  2AB       [8]  00 00 00 00 00 02 2B FE
17:13:11.328  CAN2  2CD       [8]  C0 00 28 00 00 00 40 03
17:13:11.328  CAN2  117       [8]  12 40 00 00 57 00 00 57
17:13:11.328  CAN2  124       [8]  39 10 00 15 55 2A A8 00
17:13:11.328  CAN2  1AE       [8]  4A 30 00 01 0F FF 7F F8
17:13:11.328  CAN2  121       [8]  E0 20 2A A9 6A 8A AA 00
17:13:11.328  CAN2  23A       [8]  D0 30 00 00 00 00 00 00
17:13:11.328  CAN2  249       [8]  00 00 00 00 00 00 00 00
17:13:11.328  CAN2  117       [8]  22 40 00 00 57 00 00 47
17:13:11.328  CAN2  124       [8]  EF 20 00 15 55 2A A8 00
17:13:11.328  CAN2  1AE       [8]  3A 40 00 01 0F FF 7F F8
17:13:11.328  CAN2  3E1       [8]  00 00 00 00 00 00 00 00
17:13:11.328  CAN2  121       [8]  59 30 2A A9 6A 8A AA 00
17:13:11.328  CAN2  23A       [8]  C0 40 00 00 00 00 00 00
17:13:11.328  CAN2  3B7       [8]  00 41 41 22 22 F9 00 00
17:13:11.328  CAN2  3B7       [8]  01 3F 7F BF 7F 1E 75 00
17:13:11.328  CAN2  3B7       [8]  02 00 00 00 94 11 00 00
17:13:11.328  CAN2  3B7       [8]  03 00 00 9A 99 99 99 00
17:13:11.328  CAN2  3B7       [8]  04 07 CB 07 C6 0A F8 00
17:13:11.328  CAN2  3E5       [8]  10 00 00 00 00 00 00 00
17:13:11.328  CAN2  2C1       [8]  00 08 00 00 0F 00 00 00
17:13:11.328  CAN2  3B7       [8]  05 12 01 11 00 00 00 01
17:13:11.352  CAN2  117       [8]  32 40 00 00 57 00 00 37
17:13:11.352  CAN2  124       [8]  56 30 00 15 55 2A A8 00
17:13:11.352  CAN2  1AE       [8]  2A 50 00 01 0F FF 7F F8
17:13:11.352  CAN2  2B2       [8]  22 10 00 00 41 00 90 41
17:13:11.352  CAN2  3C2       [8]  00 00 00 42 00 00 00 09
17:13:11.352  CAN2  699       [8]  00 00 00 00 00 00 00 00
17:13:11.352  CAN2  3B1       [8]  00 00 00 01 00 00 00 A0
17:13:11.352  CAN2  3B3       [8]  10 20 00 00 00 85 5F 00
17:13:11.352  CAN2  435       [8]  00 00 00 00 00 00 00 00
17:13:11.352  CAN2  121       [8]  51 40 2A A9 6A 8A AA 00
17:13:11.352  CAN2  23A       [8]  B0 50 00 00 00 00 00 00
17:13:11.352  CAN2  359       [8]  00 28 5D C0 FF 00 02 00
17:13:11.352  CAN2  42D       [8]  00 08 00 00 00 00 12 40
17:13:11.352  CAN2  583       [8]  51 00 11 2C 6D A0 12 0E
17:13:11.352  CAN2  117       [8]  42 40 00 00 57 00 00 27
17:13:11.352  CAN2  124       [8]  5E 40 00 15 55 2A A8 00
17:13:11.352  CAN2  1AE       [8]  1A 60 00 01 0F FF 7F F8
17:13:11.352  CAN2  20E       [8]  00 01 00 00 00 13 61 04
17:13:11.352  CAN2  3BD       [8]  00 00 00 00 00 00 00 00
17:13:11.352  CAN2  121       [8]  E8 50 2A A9 6A 8A AA 00
17:13:11.352  CAN2  23A       [8]  A0 60 00 00 00 00 00 00
17:13:11.352  CAN2  520       [8]  50 00 32 44 00 00 00 00
17:13:11.352  CAN2  517       [8]  FF 01 0E 00 92 00 4D 41
17:13:11.352  CAN2  518       [8]  00 05 FF 00 00 FF 00 00
17:13:11.352  CAN2  117       [8]  52 40 00 00 57 00 00 17
17:13:11.352  CAN2  124       [8]  E7 50 00 15 55 2A A8 00
17:13:11.352  CAN2  1AE       [8]  0A 70 00 01 0F FF 7F F8
17:13:11.352  CAN2  335       [8]  00 02 00 1C FD 8E F0 00
17:13:11.352  CAN2  631       [8]  04 03 48 01 01 00 00 00
17:13:11.352  CAN2  121       [8]  3E 60 2A A9 6A 8A AA 00
17:13:11.352  CAN2  23A       [8]  90 70 00 00 00 00 00 00
17:13:11.352  CAN2  247       [8]  00 06 00 00 18 09 08 88
17:13:11.389  CAN2  29A       [8]  11 0C 00 00 11 01 01 00
17:13:11.389  CAN2  2AB       [8]  00 00 00 00 00 02 2B FE
17:13:11.389  CAN2  2CD       [8]  C0 00 28 00 00 00 40 03
17:13:11.389  CAN2  117       [8]  62 40 00 00 57 00 00 07
17:13:11.389  CAN2  124       [8]  31 60 00 15 55 2A A8 00
17:13:11.389  CAN2  1AE       [8]  FA 80 00 01 0F FF 7F F8
17:13:11.389  CAN2  121       [8]  87 70 2A A9 6A 8A AA 00
17:13:11.389  CAN2  23A       [8]  80 80 00 00 00 00 00 00
17:13:11.389  CAN2  249       [8]  00 00 00 00 00 00 00 00
17:13:11.389  CAN2  409       [8]  0A 02 00 00 00 00 00 00
17:13:11.389  CAN2  117       [8]  72 40 00 00 57 00 00 F7
17:13:11.389  CAN2  124       [8]  88 70 00 15 55 2A A8 00
17:13:11.389  CAN2  1AE       [8]  EA 90 00 01 0F FF 7F F8
17:13:11.389  CAN2  580       [8]  7E A5 02 13 0D 4B 00 00
17:13:11.389  CAN2  3E1       [8]  00 00 00 00 00 00 00 00
17:13:11.389  CAN2  121       [8]  2E 80 2A A9 6A 8A AA 00
17:13:11.389  CAN2  23A       [8]  70 90 00 00 00 00 00 00
17:13:11.389  CAN2  3B7       [8]  00 41 41 22 22 F9 00 00
17:13:11.389  CAN2  3B7       [8]  01 3F 7F BF 7F 1E 75 00
17:13:11.389  CAN2  3B7       [8]  02 00 00 00 94 11 00 00
17:13:11.389  CAN2  3B7       [8]  03 00 00 9A 99 99 99 00
17:13:11.389  CAN2  3E5       [8]  10 00 00 00 00 00 00 00
17:13:11.389  CAN2  3B7       [8]  04 07 CB 07 C5 0A F8 00
17:13:11.389  CAN2  3B7       [8]  05 12 01 11 00 00 00 01
17:13:11.389  CAN2  117       [8]  82 40 00 00 57 00 00 E7
17:13:11.389  CAN2  124       [8]  21 80 00 15 55 2A A8 00
17:13:11.389  CAN2  1AE       [8]  DA A0 00 01 0F FF 7F F8
17:13:11.389  CAN2  3B1       [8]  00 00 00 01 00 00 00 A0
17:13:11.389  CAN2  3B3       [8]  10 20 00 00 00 85 5F 00
17:13:11.389  CAN2  2C1       [8]  00 08 00 00 0F 00 00 00
17:13:11.389  CAN2  121       [8]  97 90 2A A9 6A 8A AA 00
17:13:11.389  CAN2  23A       [8]  60 A0 00 00 00 00 00 00
17:13:11.426  CAN2  583       [8]  51 00 11 2C 6D A0 12 0E
17:13:11.426  CAN2  117       [8]  92 40 00 00 57 00 00 D7
17:13:11.426  CAN2  124       [8]  98 90 00 15 55 2A A8 00
17:13:11.426  CAN2  1AE       [8]  CA B0 00 01 0F FF 7F F8
17:13:11.426  CAN2  20E       [8]  00 01 00 00 00 13 61 04
17:13:11.426  CAN2  3BD       [8]  00 00 00 00 00 00 00 00
17:13:11.426  CAN2  121       [8]  41 A0 2A A9 6A 8A AA 00
17:13:11.426  CAN2  23A       [8]  50 B0 00 00 00 00 00 00
17:13:11.426  CAN2  520       [8]  50 00 32 44 00 00 00 00
17:13:11.426  CAN2  517       [8]  FF 01 0E 00 92 00 4D 41
17:13:11.426  CAN2  518       [8]  00 05 FF 00 00 FF 00 00
17:13:11.426  CAN2  117       [8]  A2 40 00 00 57 00 00 C7
17:13:11.426  CAN2  124       [8]  4E A0 00 15 55 2A A8 00
17:13:11.426  CAN2  1AE       [8]  BA C0 00 01 0F FF 7F F8
17:13:11.426  CAN2  335       [8]  00 02 00 1C FD 8E F0 00
17:13:11.426  CAN2  121       [8]  F8 B0 2A A9 6A 8A AA 00
17:13:11.426  CAN2  23A       [8]  40 C0 00 00 00 00 00 00
17:13:11.426  CAN2  247       [8]  00 06 00 00 18 09 08 88
17:13:11.426  CAN2  256       [8]  5A 10 00 61 25 2B A1 44
17:13:11.426  CAN2  29A       [8]  11 0C 00 00 11 01 01 00
17:13:11.426  CAN2  2AB       [8]  00 00 00 00 00 02 2B FE
17:13:11.426  CAN2  2CD       [8]  C0 00 28 00 00 00 40 03
17:13:11.426  CAN2  117       [8]  B2 40 00 00 57 00 00 B7
17:13:11.426  CAN2  124       [8]  F7 B0 00 15 55 2A A8 00
17:13:11.426  CAN2  1AE       [8]  AA D0 00 01 0F FF 7F F8
17:13:11.426  CAN2  121       [8]  F0 C0 2A A9 6A 8A AA 00
17:13:11.426  CAN2  23A       [8]  30 D0 00 00 00 00 00 00
17:13:11.426  CAN2  249       [8]  00 00 00 00 00 00 00 00
17:13:11.426  CAN2  117       [8]  C2 40 00 00 57 00 00 A7
17:13:11.426  CAN2  124       [8]  FF C0 00 15 55 2A A8 00
17:13:11.426  CAN2  1AE       [8]  9A E0 00 01 0F FF 7F F8
17:13:11.426  CAN2  121       [8]  49 D0 2A A9 6A 8A AA 00
17:13:11.451  CAN2  23A       [8]  20 E0 00 00 00 00 00 00
17:13:11.451  CAN2  3B7       [8]  00 41 41 22 22 F9 00 00
17:13:11.451  CAN2  3B7       [8]  01 3F 7F BF 7F 1E 75 00
17:13:11.451  CAN2  3E1       [8]  00 00 00 00 00 00 00 00
17:13:11.451  CAN2  3B7       [8]  02 00 00 00 94 11 00 00
17:13:11.451  CAN2  3B7       [8]  03 00 00 9A 99 99 99 00
17:13:11.451  CAN2  3B7       [8]  04 07 CB 07 C5 0A F8 00
17:13:11.451  CAN2  3E5       [8]  10 00 00 00 00 00 00 00
17:13:11.451  CAN2  3B7       [8]  05 12 01 11 00 00 00 01
17:13:11.451  CAN2  117       [8]  D2 40 00 00 57 00 00 97
17:13:11.451  CAN2  124       [8]  46 D0 00 15 55 2A A8 00
17:13:11.451  CAN2  1AE       [8]  8A F0 00 01 0F FF 7F F8
17:13:11.451  CAN2  2B2       [8]  32 20 00 00 41 00 90 41
17:13:11.451  CAN2  3B1       [8]  00 00 00 01 00 00 00 A0
17:13:11.451  CAN2  3B3       [8]  10 20 00 00 00 85 5F 00
17:13:11.451  CAN2  435       [8]  00 00 00 00 00 00 00 00
17:13:11.451  CAN2  42D       [8]  00 08 00 00 00 00 12 40
17:13:11.451  CAN2  121       [8]  9F E0 2A A9 6A 8A AA 00
17:13:11.451  CAN2  23A       [8]  10 F0 00 00 00 00 00 00
17:13:11.451  CAN2  359       [8]  00 28 5D C0 FF 00 02 00
17:13:11.451  CAN2  583       [8]  51 00 11 2C 6D A0 12 0E
17:13:11.451  CAN2  2C1       [8]  00 08 00 00 0F 00 00 00
17:13:11.451  CAN2  117       [8]  E2 40 00 00 57 00 00 87
17:13:11.451  CAN2  124       [8]  90 E0 00 15 55 2A A8 00
17:13:11.451  CAN2  1AE       [8]  7A 00 00 01 0F FF 7F F8
17:13:11.451  CAN2  20E       [8]  00 01 00 00 00 13 61 04
17:13:11.451  CAN2  3BD       [8]  00 00 00 00 00 00 00 00
17:13:11.451  CAN2  121       [8]  26 F0 2A A9 6A 8A AA 00
17:13:11.451  CAN2  23A       [8]  00 00 00 00 00 00 00 00
17:13:11.451  CAN2  520       [8]  50 00 32 44 00 00 00 00
17:13:11.451  CAN2  517       [8]  FF 01 0E 00 92 00 4D 41
17:13:11.451  CAN2  518       [8]  00 05 FF 00 00 FF 00 00
17:13:11.487  CAN2  117       [8]  F2 40 00 00 57 00 00 77
17:13:11.487  CAN2  124       [8]  29 F0 00 15 55 2A A8 00
17:13:11.487  CAN2  1AE       [8]  6A 10 00 01 0F FF 7F F8
17:13:11.487  CAN2  335       [8]  00 02 00 1C FD 8E F0 00
17:13:11.487  CAN2  121       [8]  8F 00 2A A9 6A 8A AA 00
17:13:11.487  CAN2  23A       [8]  F0 10 00 00 00 00 00 00
17:13:11.487  CAN2  247       [8]  00 06 00 00 18 09 08 88
17:13:11.487  CAN2  29A       [8]  11 0C 00 00 11 01 01 00
17:13:11.487  CAN2  2AB       [8]  00 00 00 00 00 02 2B FE
17:13:11.487  CAN2  2CD       [8]  C0 00 28 00 00 00 40 03
17:13:11.487  CAN2  117       [8]  02 40 00 00 57 00 00 67
17:13:11.487  CAN2  124       [8]  80 00 00 15 55 2A A8 00
17:13:11.487  CAN2  1AE       [8]  5A 20 00 01 0F FF 7F F8
17:13:11.487  CAN2  121       [8]  36 10 2A A9 6A 8A AA 00
17:13:11.487  CAN2  23A       [8]  E0 20 00 00 00 00 00 00
17:13:11.487  CAN2  249       [8]  00 00 00 00 00 00 00 00
17:13:11.487  CAN2  40A       [8]  0D 02 00 00 00 00 00 00
17:13:11.487  CAN2  117       [8]  12 40 00 00 57 00 00 57
17:13:11.487  CAN2  124       [8]  39 10 00 15 55 2A A8 00
17:13:11.487  CAN2  1AE       [8]  4A 30 00 01 0F FF 7F F8
17:13:11.487  CAN2  121       [8]  E0 20 2A A9 6A 8A AA 00
17:13:11.487  CAN2  23A       [8]  D0 30 00 00 00 00 00 00
17:13:11.487  CAN2  3B7       [8]  00 41 41 22 22 F9 00 00
17:13:11.487  CAN2  3B7       [8]  01 3F 7F BF 7F 1E 75 00
17:13:11.487  CAN2  3B7       [8]  02 00 00 00 94 11 00 00
17:13:11.487  CAN2  3B7       [8]  03 00 00 9A 99 99 99 00
17:13:11.487  CAN2  3E5       [8]  10 00 00 00 00 00 00 00
17:13:11.487  CAN2  3B7       [8]  04 07 CA 07 C5 0A F8 00
17:13:11.487  CAN2  3E1       [8]  00 00 00 00 00 00 00 00
17:13:11.487  CAN2  3B7       [8]  05 12 01 11 00 00 00 01
17:13:11.487  CAN2  117       [8]  22 40 00 00 57 00 00 47
17:13:11.487  CAN2  124       [8]  EF 20 00 15 55 2A A8 00
17:13:11.512  CAN2  1AE       [8]  3A 40 00 01 0F FF 7F F8
17:13:11.512  CAN2  3B1       [8]  00 00 00 01 00 00 00 A0
17:13:11.512  CAN2  3B3       [8]  10 20 00 00 00 85 5F 00
17:13:11.512  CAN2  121       [8]  59 30 2A A9 6A 8A AA 00
17:13:11.512  CAN2  23A       [8]  C0 40 00 00 00 00 00 00
17:13:11.512  CAN2  583       [8]  51 00 11 2C 6D A0 12 0E
17:13:11.512  CAN2  117       [8]  32 40 00 00 57 00 00 37
17:13:11.512  CAN2  124       [8]  56 30 00 15 55 2A A8 00
17:13:11.512  CAN2  1AE       [8]  2A 50 00 01 0F FF 7F F8
17:13:11.512  CAN2  20E       [8]  00 01 00 00 00 13 61 04
17:13:11.512  CAN2  3BD       [8]  00 00 00 00 00 00 00 00
17:13:11.512  CAN2  2C1       [8]  00 08 00 00 0F 00 00 00
17:13:11.512  CAN2  121       [8]  51 40 2A A9 6A 8A AA 00
17:13:11.512  CAN2  23A       [8]  B0 50 00 00 00 00 00 00
17:13:11.512  CAN2  520       [8]  50 00 32 44 00 00 00 00
17:13:11.512  CAN2  517       [8]  FF 01 0E 00 92 00 4D 41
17:13:11.512  CAN2  518       [8]  00 05 FF 00 00 FF 00 00
17:13:11.512  CAN2  117       [8]  42 40 00 00 57 00 00 27
17:13:11.512  CAN2  124       [8]  5E 40 00 15 55 2A A8 00
17:13:11.512  CAN2  1AE       [8]  1A 60 00 01 0F FF 7F F8
17:13:11.512  CAN2  335       [8]  00 02 00 1C FD 8E F0 00
17:13:11.512  CAN2  632       [8]  04 01 52 01 01 FF FF FF
17:13:11.512  CAN2  121       [8]  E8 50 2A A9 6A 8A AA 00
17:13:11.512  CAN2  23A       [8]  A0 60 00 00 00 00 00 00
17:13:11.512  CAN2  247       [8]  00 06 00 00 18 09 08 88
17:13:11.512  CAN2  256       [8]  59 10 00 61 25 2B A2 44
17:13:11.512  CAN2  29A       [8]  11 0C 00 00 11 01 01 00
17:13:11.512  CAN2  2AB       [8]  00 00 00 00 00 02 2B FE
17:13:11.512  CAN2  2CD       [8]  C0 00 28 00 00 00 40 03
17:13:11.512  CAN2  636       [8]  04 01 52 01 01 FF FF FF
17:13:11.512  CAN2  117       [8]  52 40 00 00 57 00 00 17
17:13:11.512  CAN2  124       [8]  E7 50 00 15 55 2A A8 00
17:13:11.546  CAN2  1AE       [8]  0A 70 00 01 0F FF 7F F8
17:13:11.546  CAN2  121       [8]  3E 60 2A A9 6A 8A AA 00
17:13:11.546  CAN2  23A       [8]  90 70 00 00 00 00 00 00
17:13:11.546  CAN2  249       [8]  00 00 00 00 00 00 00 00
17:13:11.546  CAN2  117       [8]  62 40 00 00 57 00 00 07
17:13:11.546  CAN2  124       [8]  31 60 00 15 55 2A A8 00
17:13:11.546  CAN2  1AE       [8]  FA 80 00 01 0F FF 7F F8
17:13:11.546  CAN2  121       [8]  87 70 2A A9 6A 8A AA 00
17:13:11.546  CAN2  23A       [8]  80 80 00 00 00 00 00 00
17:13:11.546  CAN2  3B7       [8]  00 41 41 22 22 F9 00 00
17:13:11.546  CAN2  3B7       [8]  01 3F 7F BF 7F 1E 75 00
17:13:11.546  CAN2  3B7       [8]  02 00 00 00 94 11 00 00
17:13:11.546  CAN2  3B7       [8]  03 00 00 9A 99 99 99 00
17:13:11.546  CAN2  3E5       [8]  10 00 00 00 00 00 00 00
17:13:11.546  CAN2  3B7       [8]  04 07 CB 07 C5 0A F8 00
17:13:11.546  CAN2  3B7       [8]  05 12 01 11 00 00 00 01
17:13:11.546  CAN2  117       [8]  72 40 00 00 57 00 00 F7
17:13:11.546  CAN2  124       [8]  88 70 00 15 55 2A A8 00
17:13:11.546  CAN2  1AE       [8]  EA 90 00 01 0F FF 7F F8
17:13:11.546  CAN2  2B2       [8]  42 30 00 00 41 00 90 41
17:13:11.546  CAN2  3E1       [8]  00 00 00 00 00 00 00 00
17:13:11.546  CAN2  3B1       [8]  00 00 00 01 00 00 00 A0
17:13:11.546  CAN2  3B3       [8]  10 20 00 00 00 85 5F 00
17:13:11.546  CAN2  435       [8]  00 00 00 00 00 00 00 00
17:13:11.546  CAN2  42D       [8]  00 08 00 00 00 00 12 40
17:13:11.546  CAN2  121       [8]  2E 80 2A A9 6A 8A AA 00
17:13:11.546  CAN2  23A       [8]  70 90 00 00 00 00 00 00
17:13:11.546  CAN2  359       [8]  00 28 5D C0 FF 00 02 00
17:13:11.546  CAN2  583       [8]  51 00 11 2C 6D A0 12 0E
17:13:11.546  CAN2  117       [8]  82 40 00 00 57 00 00 E7
17:13:11.546  CAN2  124       [8]  21 80 00 15 55 2A A8 00
17:13:11.546  CAN2  1AE       [8]  DA A0 00 01 0F FF 7F F8
17:13:11.581  CAN2  20E       [8]  00 01 00 00 00 13 61 04
17:13:11.581  CAN2  3BD       [8]  00 00 00 00 00 00 00 00
17:13:11.581  CAN2  121       [8]  97 90 2A A9 6A 8A AA 00
17:13:11.581  CAN2  23A       [8]  60 A0 00 00 00 00 00 00
17:13:11.581  CAN2  520       [8]  50 00 32 44 00 00 00 00
17:13:11.581  CAN2  517       [8]  FF 01 0E 00 92 00 4D 41
17:13:11.581  CAN2  518       [8]  00 05 FF 00 00 FF 00 00
17:13:11.581  CAN2  2C1       [8]  00 08 00 00 0F 00 00 00
17:13:11.581  CAN2  117       [8]  92 40 00 00 57 00 00 D7
17:13:11.581  CAN2  124       [8]  98 90 00 15 55 2A A8 00
17:13:11.581  CAN2  1AE       [8]  CA B0 00 01 0F FF 7F F8
17:13:11.581  CAN2  335       [8]  00 02 00 1C FD 8E F0 00
17:13:11.581  CAN2  631       [8]  04 03 48 01 01 00 00 00
17:13:11.581  CAN2  121       [8]  41 A0 2A A9 6A 8A AA 00
17:13:11.581  CAN2  23A       [8]  50 B0 00 00 00 00 00 00
17:13:11.581  CAN2  247       [8]  00 06 00 00 18 09 08 88
17:13:11.581  CAN2  29A       [8]  11 0C 00 00 11 01 01 00
17:13:11.581  CAN2  2AB       [8]  00 00 00 00 00 02 2B FE
17:13:11.581  CAN2  2CD       [8]  C0 00 28 00 00 00 40 03
17:13:11.581  CAN2  117       [8]  A2 40 00 00 57 00 00 C7
17:13:11.581  CAN2  124       [8]  4E A0 00 15 55 2A A8 00
17:13:11.581  CAN2  1AE       [8]  BA C0 00 01 0F FF 7F F8
17:13:11.581  CAN2  121       [8]  F8 B0 2A A9 6A 8A AA 00
17:13:11.581  CAN2  23A       [8]  40 C0 00 00 00 00 00 00
17:13:11.581  CAN2  249       [8]  00 00 00 00 00 00 00 00
17:13:11.581  CAN2  117       [8]  B2 40 00 00 57 00 00 B7
17:13:11.581  CAN2  124       [8]  F7 B0 00 15 55 2A A8 00
17:13:11.581  CAN2  1AE       [8]  AA D0 00 01 0F FF 7F F8
17:13:11.581  CAN2  121       [8]  F0 C0 2A A9 6A 8A AA 00
17:13:11.581  CAN2  23A       [8]  30 D0 00 00 00 00 00 00
17:13:11.581  CAN2  3B7       [8]  00 41 41 22 22 F9 00 00
17:13:11.581  CAN2  3B7       [8]  01 3F 7F BF 7F 1E 75 00
17:13:11.605  CAN2  40D       [8]  01 02 00 00 00 00 00 00
17:13:11.605  CAN2  3B7       [8]  02 00 00 00 94 11 00 00
17:13:11.605  CAN2  3B7       [8]  03 00 00 9A 99 99 99 00
17:13:11.605  CAN2  3E5       [8]  10 00 00 00 00 00 00 00
17:13:11.605  CAN2  3B7       [8]  04 07 CB 07 C5 0A F8 00
17:13:11.605  CAN2  3B7       [8]  05 12 01 11 00 00 00 01
17:13:11.605  CAN2  117       [8]  C2 40 00 00 57 00 00 A7
17:13:11.605  CAN2  124       [8]  FF C0 00 15 55 2A A8 00
17:13:11.605  CAN2  1AE       [8]  9A E0 00 01 0F FF 7F F8
17:13:11.605  CAN2  3B1       [8]  00 00 00 01 00 00 00 A0
17:13:11.605  CAN2  3B3       [8]  10 20 00 00 00 85 5F 00
17:13:11.605  CAN2  3E1       [8]  00 00 00 00 00 00 00 00
17:13:11.605  CAN2  121       [8]  49 D0 2A A9 6A 8A AA 00
17:13:11.605  CAN2  23A       [8]  20 E0 00 00 00 00 00 00
17:13:11.605  CAN2  583       [8]  51 00 11 2C 6D A0 12 0E
17:13:11.605  CAN2  117       [8]  D2 40 00 00 57 00 00 97
17:13:11.605  CAN2  124       [8]  46 D0 00 15 55 2A A8 00
17:13:11.605  CAN2  1AE       [8]  8A F0 00 01 0F FF 7F F8
17:13:11.605  CAN2  20E       [8]  00 01 00 00 00 13 61 04
17:13:11.605  CAN2  3BD       [8]  00 00 00 00 00 00 00 00
17:13:11.605  CAN2  121       [8]  9F E0 2A A9 6A 8A AA 00
17:13:11.605  CAN2  23A       [8]  10 F0 00 00 00 00 00 00
17:13:11.605  CAN2  520       [8]  50 00 32 44 00 00 00 00
17:13:11.605  CAN2  517       [8]  FF 01 0E 00 92 00 4D 41
17:13:11.605  CAN2  518       [8]  00 05 FF 00 00 FF 00 00
17:13:11.605  CAN2  117       [8]  E2 40 00 00 57 00 00 87
17:13:11.605  CAN2  124       [8]  90 E0 00 15 55 2A A8 00
17:13:11.605  CAN2  1AE       [8]  7A 00 00 01 0F FF 7F F8
17:13:11.605  CAN2  335       [8]  00 02 00 1C FD 8E F0 00
17:13:11.605  CAN2  2C1       [8]  00 08 00 00 0F 00 00 00
17:13:11.605  CAN2  121       [8]  26 F0 2A A9 6A 8A AA 00
17:13:11.605  CAN2  23A       [8]  00 00 00 00 00 00 00 00
17:13:11.641  CAN2  247       [8]  00 06 00 00 18 09 08 88
17:13:11.641  CAN2  256       [8]  58 10 00 61 25 2B A3 44
17:13:11.641  CAN2  29A       [8]  11 0C 00 00 11 01 01 00
17:13:11.641  CAN2  2AB       [8]  00 00 00 00 00 02 2B FE
17:13:11.641  CAN2  2CD       [8]  C0 00 28 00 00 00 40 03
17:13:11.641  CAN2  117       [8]  F2 40 00 00 57 00 00 77
17:13:11.641  CAN2  124       [8]  29 F0 00 15 55 2A A8 00
17:13:11.641  CAN2  1AE       [8]  6A 10 00 01 0F FF 7F F8
17:13:11.641  CAN2  121       [8]  8F 00 2A A9 6A 8A AA 00
17:13:11.641  CAN2  23A       [8]  F0 10 00 00 00 00 00 00
17:13:11.641  CAN2  249       [8]  00 00 00 00 00 00 00 00
17:13:11.641  CAN2  117       [8]  02 40 00 00 57 00 00 67
17:13:11.641  CAN2  124       [8]  80 00 00 15 55 2A A8 00
17:13:11.641  CAN2  1AE       [8]  5A 20 00 01 0F FF 7F F8
17:13:11.641  CAN2  121       [8]  36 10 2A A9 6A 8A AA 00
17:13:11.641  CAN2  23A       [8]  E0 20 00 00 00 00 00 00
17:13:11.641  CAN2  3B7       [8]  00 41 41 22 22 F9 00 00
17:13:11.641  CAN2  3B7       [8]  01 3F 7F BF 7F 1E 75 00
17:13:11.641  CAN2  3B7       [8]  02 00 00 00 94 11 00 00
17:13:11.641  CAN2  3B7       [8]  03 00 00 9A 99 99 99 00
17:13:11.641  CAN2  3B7       [8]  04 07 CB 07 C5 0A F9 00
17:13:11.641  CAN2  3E5       [8]  10 00 00 00 00 00 00 00
17:13:11.641  CAN2  3B7       [8]  05 12 01 11 00 00 00 01
17:13:11.641  CAN2  117       [8]  12 40 00 00 57 00 00 57
17:13:11.641  CAN2  124       [8]  39 10 00 15 55 2A A8 00
17:13:11.641  CAN2  1AE       [8]  4A 30 00 01 0F FF 7F F8
17:13:11.641  CAN2  2B2       [8]  52 40 00 00 41 00 90 41
17:13:11.641  CAN2  3B1       [8]  00 00 00 01 00 00 00 A0
17:13:11.641  CAN2  3B3       [8]  10 20 00 00 00 85 5F 00
17:13:11.641  CAN2  435       [8]  00 00 00 00 00 00 00 00
17:13:11.641  CAN2  42D       [8]  00 08 00 00 00 00 12 40
17:13:11.641  CAN2  3E1       [8]  00 00 00 00 00 00 00 00
17:13:11.677  CAN2  121       [8]  E0 20 2A A9 6A 8A AA 00
17:13:11.677  CAN2  23A       [8]  D0 30 00 00 00 00 00 00
17:13:11.677  CAN2  359       [8]  00 28 5D C0 FF 00 02 00
17:13:11.677  CAN2  583       [8]  51 00 11 2C 6D A0 12 0E
17:13:11.677  CAN2  117       [8]  22 40 00 00 57 00 00 47
17:13:11.677  CAN2  124       [8]  EF 20 00 15 55 2A A8 00
17:13:11.677  CAN2  1AE       [8]  3A 40 00 01 0F FF 7F F8
17:13:11.677  CAN2  20E       [8]  00 01 00 00 00 13 61 04
17:13:11.677  CAN2  3BD       [8]  00 00 00 00 00 00 00 00
17:13:11.677  CAN2  121       [8]  59 30 2A A9 6A 8A AA 00
17:13:11.677  CAN2  23A       [8]  C0 40 00 00 00 00 00 00
17:13:11.677  CAN2  520       [8]  50 00 32 44 00 00 00 00
17:13:11.677  CAN2  517       [8]  FF 01 0E 00 92 00 4D 41
17:13:11.677  CAN2  518       [8]  00 05 FF 00 00 FF 00 00
17:13:11.677  CAN2  117       [8]  32 40 00 00 57 00 00 37
17:13:11.677  CAN2  124       [8]  56 30 00 15 55 2A A8 00
17:13:11.677  CAN2  1AE       [8]  2A 50 00 01 0F FF 7F F8
17:13:11.677  CAN2  335       [8]  00 02 00 1C FD 8E F0 00
17:13:11.677  CAN2  121       [8]  51 40 2A A9 6A 8A AA 00
17:13:11.677  CAN2  23A       [8]  B0 50 00 00 00 00 00 00
17:13:11.677  CAN2  247       [8]  00 06 00 00 18 09 08 88
17:13:11.677  CAN2  2C1       [8]  00 08 00 00 0F 00 00 00
17:13:11.677  CAN2  29A       [8]  11 0C 00 00 11 01 01 00
17:13:11.677  CAN2  2AB       [8]  00 00 00 00 00 02 2B FE
17:13:11.677  CAN2  2CD       [8]  C0 00 28 00 00 00 40 03
17:13:11.677  CAN2  117       [8]  42 40 00 00 57 00 00 27
17:13:11.677  CAN2  124       [8]  5E 40 00 15 55 2A A8 00
17:13:11.677  CAN2  1AE       [8]  1A 60 00 01 0F FF 7F F8
17:13:11.677  CAN2  121       [8]  E8 50 2A A9 6A 8A AA 00
17:13:11.677  CAN2  23A       [8]  A0 60 00 00 00 00 00 00
17:13:11.677  CAN2  249       [8]  00 00 00 00 00 00 00 00
17:13:11.677  CAN2  117       [8]  52 40 00 00 57 00 00 17
17:13:11.701  CAN2  124       [8]  E7 50 00 15 55 2A A8 00
17:13:11.701  CAN2  1AE       [8]  0A 70 00 01 0F FF 7F F8
17:13:11.701  CAN2  121       [8]  3E 60 2A A9 6A 8A AA 00
17:13:11.701  CAN2  23A       [8]  90 70 00 00 00 00 00 00
17:13:11.701  CAN2  3B7       [8]  00 41 41 22 22 F9 00 00
17:13:11.701  CAN2  3B7       [8]  01 3F 7F BF 7F 1E 75 00
17:13:11.701  CAN2  3B7       [8]  02 00 00 00 94 11 00 00
17:13:11.701  CAN2  3B7       [8]  03 00 00 9A 99 99 99 00
17:13:11.701  CAN2  3B7       [8]  04 07 CB 07 C5 0A F8 00
17:13:11.701  CAN2  3E5       [8]  10 00 00 00 00 00 00 00
17:13:11.701  CAN2  3B7       [8]  05 12 01 11 00 00 00 01
17:13:11.701  CAN2  117       [8]  62 40 00 00 57 00 00 07
17:13:11.701  CAN2  124       [8]  31 60 00 15 55 2A A8 00
17:13:11.701  CAN2  1AE       [8]  FA 80 00 01 0F FF 7F F8
17:13:11.701  CAN2  3B1       [8]  00 00 00 01 00 00 00 A0
17:13:11.701  CAN2  3B3       [8]  10 20 00 00 00 85 5F 00
17:13:11.701  CAN2  121       [8]  87 70 2A A9 6A 8A AA 00
17:13:11.701  CAN2  23A       [8]  80 80 00 00 00 00 00 00
17:13:11.701  CAN2  583       [8]  51 00 11 2C 6D A0 12 0E
17:13:11.701  CAN2  3E1       [8]  00 00 00 00 00 00 00 00
17:13:11.701  CAN2  401       [8]  02 02 00 00 00 00 00 00
17:13:11.701  CAN2  117       [8]  72 40 00 00 57 00 00 F7
17:13:11.701  CAN2  124       [8]  88 70 00 15 55 2A A8 00
17:13:11.701  CAN2  1AE       [8]  EA 90 00 01 0F FF 7F F8
17:13:11.701  CAN2  20E       [8]  00 01 00 00 00 13 61 04
17:13:11.701  CAN2  3BD       [8]  00 00 00 00 00 00 00 00
17:13:11.701  CAN2  121       [8]  2E 80 2A A9 6A 8A AA 00
17:13:11.701  CAN2  23A       [8]  70 90 00 00 00 00 00 00
17:13:11.701  CAN2  520       [8]  50 00 32 44 00 00 00 00
17:13:11.701  CAN2  517       [8]  FF 01 0E 00 92 00 4D 41
17:13:11.701  CAN2  518       [8]  00 05 FF 00 00 FF 00 00
17:13:11.701  CAN2  2C1       [8]  00 09 00 00 0F 00 00 00
17:13:11.737  CAN2  117       [8]  82 40 00 00 57 00 00 E7
17:13:11.737  CAN2  124       [8]  21 80 00 15 55 2A A8 00
17:13:11.737  CAN2  1AE       [8]  DA A0 00 01 0F FF 7F F8
17:13:11.737  CAN2  335       [8]  00 02 00 1C FD 8E F0 00
17:13:11.737  CAN2  121       [8]  97 90 2A A9 6A 8A AA 00
17:13:11.737  CAN2  23A       [8]  60 A0 00 00 00 00 00 00
17:13:11.737  CAN2  247       [8]  00 06 00 00 18 09 08 88
17:13:11.737  CAN2  256       [8]  57 10 00 61 25 2B A4 44
17:13:11.737  CAN2  29A       [8]  11 0C 00 00 11 01 01 00
17:13:11.737  CAN2  2AB       [8]  00 00 00 00 00 02 2B FE
17:13:11.737  CAN2  2CD       [8]  C0 00 28 00 00 00 40 03
17:13:11.737  CAN2  632       [8]  04 01 52 01 01 FF FF FF
17:13:11.737  CAN2  636       [8]  04 01 52 01 01 FF FF FF
17:13:11.737  CAN2  117       [8]  92 40 00 00 57 00 00 D7
17:13:11.737  CAN2  124       [8]  98 90 00 15 55 2A A8 00
17:13:11.737  CAN2  1AE       [8]  CA B0 00 01 0F FF 7F F8
17:13:11.737  CAN2  121       [8]  41 A0 2A A9 6A 8A AA 00
17:13:11.737  CAN2  23A       [8]  50 B0 00 00 00 00 00 00
17:13:11.737  CAN2  249       [8]  00 00 00 00 00 00 00 00
17:13:11.737  CAN2  117       [8]  A2 40 00 00 57 00 00 C7
17:13:11.737  CAN2  124       [8]  4E A0 00 15 55 2A A8 00
17:13:11.737  CAN2  1AE       [8]  BA C0 00 01 0F FF 7F F8
17:13:11.737  CAN2  121       [8]  F8 B0 2A A9 6A 8A AA 00
17:13:11.737  CAN2  23A       [8]  40 C0 00 00 00 00 00 00
17:13:11.737  CAN2  3B7       [8]  00 41 41 22 22 F9 00 00
17:13:11.737  CAN2  3B7       [8]  01 3F 7F BF 7F 1E 75 00
17:13:11.737  CAN2  3B7       [8]  02 00 00 00 94 11 00 00
17:13:11.737  CAN2  3B7       [8]  03 00 00 9A 99 99 99 00
17:13:11.737  CAN2  3E5       [8]  10 00 00 00 00 00 00 00
17:13:11.737  CAN2  3B7       [8]  04 07 CB 07 C5 0A F8 00
17:13:11.737  CAN2  3B7       [8]  05 12 01 11 00 00 00 01
17:13:11.737  CAN2  117       [8]  B2 40 00 00 57 00 00 B7
17:13:11.760  CAN2  124       [8]  F7 B0 00 15 55 2A A8 00
17:13:11.760  CAN2  1AE       [8]  AA D0 00 01 0F FF 7F F8
17:13:11.760  CAN2  2B2       [8]  62 50 00 00 41 00 90 41
17:13:11.760  CAN2  3B1       [8]  00 00 00 01 00 00 00 A0
17:13:11.760  CAN2  3B3       [8]  10 20 00 00 00 85 5F 00
17:13:11.760  CAN2  435       [8]  00 00 00 00 00 00 00 00
17:13:11.760  CAN2  42D       [8]  00 08 00 00 00 00 12 40
17:13:11.760  CAN2  121       [8]  F0 C0 2A A9 6A 8A AA 00
17:13:11.760  CAN2  23A       [8]  30 D0 00 00 00 00 00 00
17:13:11.760  CAN2  359       [8]  00 28 5D C0 FF 00 02 00
17:13:11.760  CAN2  583       [8]  51 00 11 2C 6D A0 12 0E
17:13:11.760  CAN2  3E1       [8]  00 00 00 00 00 00 00 00
17:13:11.760  CAN2  117       [8]  C2 40 00 00 57 00 00 A7
17:13:11.760  CAN2  124       [8]  FF C0 00 15 55 2A A8 00
17:13:11.760  CAN2  1AE       [8]  9A E0 00 01 0F FF 7F F8
17:13:11.760  CAN2  20E       [8]  00 01 00 00 00 13 61 04
17:13:11.760  CAN2  3BD       [8]  00 00 00 00 00 00 00 00
17:13:11.760  CAN2  121       [8]  49 D0 2A A9 6A 8A AA 00
17:13:11.760  CAN2  23A       [8]  20 E0 00 00 00 00 00 00
17:13:11.760  CAN2  520       [8]  50 00 32 44 00 00 00 00
17:13:11.760  CAN2  517       [8]  FF 01 0E 00 92 00 4D 41
17:13:11.760  CAN2  518       [8]  00 05 FF 00 00 FF 00 00
17:13:11.760  CAN2  117       [8]  D2 40 00 00 57 00 00 97
17:13:11.760  CAN2  124       [8]  46 D0 00 15 55 2A A8 00
17:13:11.760  CAN2  1AE       [8]  8A F0 00 01 0F FF 7F F8
17:13:11.760  CAN2  335       [8]  00 02 00 1C FD 8E F0 00
17:13:11.760  CAN2  631       [8]  04 03 48 01 01 00 00 00
17:13:11.760  CAN2  121       [8]  9F E0 2A A9 6A 8A AA 00
17:13:11.760  CAN2  23A       [8]  10 F0 00 00 00 00 00 00
17:13:11.760  CAN2  247       [8]  00 06 00 00 18 09 08 88
17:13:11.760  CAN2  2C1       [8]  00 09 00 00 0F 00 00 00
17:13:11.760  CAN2  29A       [8]  11 0C 00 00 11 01 01 00
17:13:11.796  CAN2  2AB       [8]  00 00 00 00 00 03 2B FE
17:13:11.796  CAN2  2CD       [8]  C0 00 28 00 00 00 40 03
17:13:11.796  CAN2  117       [8]  E2 40 00 00 57 00 00 87
17:13:11.796  CAN2  124       [8]  90 E0 00 15 55 2A A8 00
17:13:11.796  CAN2  1AE       [8]  7A 00 00 01 0F FF 7F F8
17:13:11.796  CAN2  121       [8]  26 F0 2A A9 6A 8A AA 00
17:13:11.796  CAN2  23A       [8]  00 00 00 00 00 00 00 00
17:13:11.796  CAN2  249       [8]  00 00 00 00 00 00 00 00
17:13:11.796  CAN2  117       [8]  F2 40 00 00 57 00 00 77
17:13:11.796  CAN2  124       [8]  29 F0 00 15 55 2A A8 00
17:13:11.796  CAN2  1AE       [8]  6A 10 00 01 0F FF 7F F8
17:13:11.796  CAN2  121       [8]  8F 00 2A A9 6A 8A AA 00
17:13:11.796  CAN2  23A       [8]  F0 10 00 00 00 00 00 00
17:13:11.796  CAN2  3B7       [8]  00 41 41 22 22 F9 00 00
17:13:11.796  CAN2  3B7       [8]  01 3F 7F BF 7F 1E 75 00
17:13:11.796  CAN2  3B7       [8]  02 00 00 00 94 11 00 00
17:13:11.796  CAN2  3B7       [8]  03 00 00 9A 99 99 99 00
17:13:11.796  CAN2  402       [8]  06 02 00 00 00 00 00 00
17:13:11.796  CAN2  3B7       [8]  04 07 CB 07 C5 0A F8 00
17:13:11.796  CAN2  3E5       [8]  10 00 00 00 00 00 00 00
17:13:11.796  CAN2  3B7       [8]  05 12 01 11 00 00 00 01
17:13:11.796  CAN2  117       [8]  02 40 00 00 57 00 00 67
17:13:11.796  CAN2  124       [8]  80 00 00 15 55 2A A8 00
17:13:11.796  CAN2  1AE       [8]  5A 20 00 01 0F FF 7F F8
17:13:11.796  CAN2  3B1       [8]  00 00 00 01 00 00 00 A0
17:13:11.796  CAN2  3B3       [8]  10 20 00 00 00 85 5F 00
17:13:11.796  CAN2  121       [8]  36 10 2A A9 6A 8A AA 00
17:13:11.796  CAN2  23A       [8]  E0 20 00 00 00 00 00 00
17:13:11.796  CAN2  583       [8]  51 00 11 2C 6D A0 12 0E
17:13:11.796  CAN2  117       [8]  12 40 00 00 57 00 00 57
17:13:11.796  CAN2  124       [8]  39 10 00 15 55 2A A8 00
17:13:11.796  CAN2  1AE       [8]  4A 30 00 01 0F FF 7F F8
17:13:11.832  CAN2  20E       [8]  00 01 00 00 00 13 61 04
17:13:11.832  CAN2  3E1       [8]  00 00 00 00 00 00 00 00
17:13:11.832  CAN2  3BD       [8]  00 00 00 00 00 00 00 00
17:13:11.832  CAN2  121       [8]  E0 20 2A A9 6A 8A AA 00
17:13:11.832  CAN2  23A       [8]  D0 30 00 00 00 00 00 00
17:13:11.832  CAN2  520       [8]  50 00 32 44 00 00 00 00
17:13:11.832  CAN2  517       [8]  FF 01 0E 00 92 00 4D 41
17:13:11.832  CAN2  518       [8]  00 05 FF 00 00 FF 00 00
17:13:11.832  CAN2  117       [8]  22 40 00 00 57 00 00 47
17:13:11.832  CAN2  124       [8]  EF 20 00 15 55 2A A8 00
17:13:11.832  CAN2  1AE       [8]  3A 40 00 01 0F FF 7F F8
17:13:11.832  CAN2  335       [8]  00 02 00 1C FD 8E F0 00
17:13:11.832  CAN2  121       [8]  59 30 2A A9 6A 8A AA 00
17:13:11.832  CAN2  23A       [8]  C0 40 00 00 00 00 00 00
17:13:11.832  CAN2  247       [8]  00 06 00 00 18 09 08 88
17:13:11.832  CAN2  256       [8]  56 10 00 61 25 2B A5 44
17:13:11.832  CAN2  29A       [8]  11 0C 00 00 11 01 01 00
17:13:11.832  CAN2  2AB       [8]  00 00 00 00 00 03 2B FE
17:13:11.832  CAN2  2CD       [8]  C0 00 28 00 00 00 40 03
17:13:11.832  CAN2  117       [8]  32 40 00 00 57 00 00 37
17:13:11.832  CAN2  124       [8]  56 30 00 15 55 2A A8 00
17:13:11.832  CAN2  1AE       [8]  2A 50 00 01 0F FF 7F F8
17:13:11.832  CAN2  2C1       [8]  00 09 00 00 0F 00 00 00
17:13:11.832  CAN2  121       [8]  51 40 2A A9 6A 8A AA 00
17:13:11.832  CAN2  23A       [8]  B0 50 00 00 00 00 00 00
17:13:11.832  CAN2  249       [8]  00 00 00 00 00 00 00 00
17:13:11.832  CAN2  117       [8]  42 40 00 00 57 00 00 27
17:13:11.832  CAN2  124       [8]  5E 40 00 15 55 2A A8 00
17:13:11.832  CAN2  1AE       [8]  1A 60 00 01 0F FF 7F F8
17:13:11.832  CAN2  121       [8]  E8 50 2A A9 6A 8A AA 00
17:13:11.832  CAN2  23A       [8]  A0 60 00 00 00 00 00 00
17:13:11.832  CAN2  3B7       [8]  00 41 41 22 22 F9 00 00
17:13:11.856  CAN2  3B7       [8]  01 3F 7F BF 7F 1E 75 00
17:13:11.856  CAN2  3B7       [8]  02 00 00 00 94 11 00 00
17:13:11.856  CAN2  3B7       [8]  03 00 00 9A 99 99 99 00
17:13:11.856  CAN2  3E5       [8]  10 00 00 00 00 00 00 00
17:13:11.856  CAN2  3B7       [8]  04 07 CB 07 C5 0A F8 00
17:13:11.856  CAN2  3B7       [8]  05 12 01 11 00 00 00 01
17:13:11.856  CAN2  117       [8]  52 40 00 00 57 00 00 17
17:13:11.856  CAN2  124       [8]  E7 50 00 15 55 2A A8 00
17:13:11.856  CAN2  1AE       [8]  0A 70 00 01 0F FF 7F F8
17:13:11.856  CAN2  2B2       [8]  72 60 00 00 41 00 90 41
17:13:11.856  CAN2  3C2       [8]  00 00 00 42 00 00 00 09
17:13:11.856  CAN2  3B1       [8]  00 00 00 01 00 00 00 A0
17:13:11.856  CAN2  3B3       [8]  10 20 00 00 00 85 5F 00
17:13:11.856  CAN2  435       [8]  00 00 00 00 00 00 00 00
17:13:11.856  CAN2  42D       [8]  00 08 00 00 00 00 12 40
17:13:11.856  CAN2  121       [8]  3E 60 2A A9 6A 8A AA 00
17:13:11.856  CAN2  23A       [8]  90 70 00 00 00 00 00 00
17:13:11.856  CAN2  359       [8]  00 28 5D C0 FF 00 02 00
17:13:11.856  CAN2  583       [8]  51 00 11 2C 6D A0 12 0E
17:13:11.856  CAN2  117       [8]  62 40 00 00 57 00 00 07
17:13:11.856  CAN2  124       [8]  31 60 00 15 55 2A A8 00
17:13:11.856  CAN2  1AE       [8]  FA 80 00 01 0F FF 7F F8
17:13:11.856  CAN2  20E       [8]  00 01 00 00 00 13 61 04
17:13:11.856  CAN2  3E1       [8]  00 00 00 00 00 00 00 00
17:13:11.856  CAN2  3BD       [8]  00 00 00 00 00 00 00 00
17:13:11.856  CAN2  121       [8]  87 70 2A A9 6A 8A AA 00
17:13:11.856  CAN2  23A       [8]  80 80 00 00 00 00 00 00
17:13:11.856  CAN2  520       [8]  50 00 32 44 00 00 00 00
17:13:11.856  CAN2  517       [8]  FF 01 0E 00 92 00 4D 41
17:13:11.856  CAN2  518       [8]  00 05 FF 00 00 FF 00 00
17:13:11.856  CAN2  117       [8]  72 40 00 00 57 00 00 F7
17:13:11.856  CAN2  124       [8]  88 70 00 15 55 2A A8 00
17:13:11.881  CAN2  1AE       [8]  EA 90 00 01 0F FF 7F F8
17:13:11.881  CAN2  335       [8]  00 02 00 1C FD 8E F0 00
17:13:11.881  CAN2  121       [8]  2E 80 2A A9 6A 8A AA 00
17:13:11.881  CAN2  23A       [8]  70 90 00 00 00 00 00 00
17:13:11.881  CAN2  247       [8]  00 06 00 00 18 09 08 88
17:13:11.881  CAN2  29A       [8]  11 0C 00 00 11 01 01 00
17:13:11.881  CAN2  2AB       [8]  00 00 00 00 00 03 2B FE
17:13:11.881  CAN2  2CD       [8]  C8 00 28 00 00 10 40 03
17:13:11.881  CAN2  117       [8]  82 40 00 00 57 00 00 E7
17:13:11.881  CAN2  124       [8]  21 80 00 15 55 2A A8 00
17:13:11.881  CAN2  1AE       [8]  DA A0 00 01 0F FF 7F F8
17:13:11.881  CAN2  121       [8]  97 90 2A A9 6A 8A AA 00
17:13:11.881  CAN2  23A       [8]  60 A0 00 00 00 00 00 00
17:13:11.881  CAN2  249       [8]  00 00 00 00 00 00 00 00
17:13:11.881  CAN2  2C1       [8]  00 09 00 00 0F 00 00 00
17:13:11.881  CAN2  117       [8]  92 40 00 00 57 00 00 D7
17:13:11.881  CAN2  124       [8]  98 90 00 15 55 2A A8 00
17:13:11.881  CAN2  1AE       [8]  CA B0 00 01 0F FF 7F F8
17:13:11.881  CAN2  580       [8]  7E A5 02 13 0D 4C 00 00
17:13:11.881  CAN2  121       [8]  41 A0 2A A9 6A 8A AA 00
17:13:11.881  CAN2  23A       [8]  50 B0 00 00 00 00 00 00
17:13:11.881  CAN2  3B7       [8]  00 41 41 22 22 F9 00 00
17:13:11.881  CAN2  3B7       [8]  01 3F 7F BF 7F 1E 75 00
17:13:11.881  CAN2  3B7       [8]  02 00 00 00 94 11 00 00
17:13:11.881  CAN2  3B7       [8]  03 00 00 9A 99 99 99 00
17:13:11.881  CAN2  3E5       [8]  10 00 00 00 00 00 00 00
17:13:11.881  CAN2  3B7       [8]  04 07 CB 07 C5 0A F9 00
17:13:11.881  CAN2  406       [8]  09 02 00 00 00 00 00 00
17:13:11.881  CAN2  3B7       [8]  05 12 01 11 00 00 00 01
17:13:11.881  CAN2  117       [8]  A2 40 00 00 57 00 00 C7
17:13:11.881  CAN2  124       [8]  4E A0 00 15 55 2A A8 00
17:13:11.881  CAN2  1AE       [8]  BA C0 00 01 0F FF 7F F8
17:13:11.917  CAN2  3B1       [8]  00 00 00 01 00 00 00 A0
17:13:11.917  CAN2  3B3       [8]  10 20 00 00 00 85 5F 00
17:13:11.917  CAN2  121       [8]  F8 B0 2A A9 6A 8A AA 00
17:13:11.917  CAN2  23A       [8]  40 C0 00 00 00 00 00 00
17:13:11.917  CAN2  583       [8]  51 00 11 2C 6D A0 12 0E
17:13:11.917  CAN2  117       [8]  B2 40 00 00 57 00 00 B7
17:13:11.917  CAN2  124       [8]  F7 B0 00 15 55 2A A8 00
17:13:11.917  CAN2  1AE       [8]  AA D0 00 01 0F FF 7F F8
17:13:11.917  CAN2  20E       [8]  00 01 00 00 00 13 61 04
17:13:11.917  CAN2  3BD       [8]  00 00 00 00 00 00 00 00
17:13:11.917  CAN2  3E1       [8]  00 00 00 00 00 00 00 00
17:13:11.917  CAN2  121       [8]  F0 C0 2A A9 6A 8A AA 00
17:13:11.917  CAN2  23A       [8]  30 D0 00 00 00 00 00 00
17:13:11.917  CAN2  520       [8]  50 00 32 44 00 00 00 00
17:13:11.917  CAN2  517       [8]  FF 01 0E 00 92 00 4D 41
17:13:11.917  CAN2  518       [8]  00 05 FF 00 00 FF 00 00
17:13:11.917  CAN2  117       [8]  C2 40 00 00 57 00 00 A7
17:13:11.917  CAN2  124       [8]  FF C0 00 15 55 2A A8 00
17:13:11.917  CAN2  1AE       [8]  9A E0 00 01 0F FF 7F F8
17:13:11.917  CAN2  335       [8]  00 02 00 1C FD 8E F0 00
17:13:11.917  CAN2  632       [8]  04 01 52 01 01 FF FF FF
17:13:11.917  CAN2  636       [8]  04 01 52 01 01 FF FF FF
17:13:11.917  CAN2  121       [8]  49 D0 2A A9 6A 8A AA 00
17:13:11.917  CAN2  23A       [8]  20 E0 00 00 00 00 00 00
17:13:11.917  CAN2  247       [8]  00 06 00 00 18 09 08 88
17:13:11.917  CAN2  256       [8]  55 10 00 61 25 2B A6 44
17:13:11.917  CAN2  29A       [8]  11 0C 00 00 11 01 01 00
17:13:11.917  CAN2  2AB       [8]  00 00 00 00 00 03 2B FE
17:13:11.917  CAN2  2CD       [8]  C8 00 28 00 00 10 40 03
17:13:11.917  CAN2  117       [8]  D2 40 00 00 57 00 00 97
17:13:11.917  CAN2  124       [8]  46 D0 00 15 55 2A A8 00
17:13:11.917  CAN2  1AE       [8]  8A F0 00 01 0F FF 7F F8
17:13:11.942  CAN2  121       [8]  9F E0 2A A9 6A 8A AA 00
17:13:11.942  CAN2  23A       [8]  10 F0 00 00 00 00 00 00
17:13:11.942  CAN2  249       [8]  00 00 00 00 00 00 00 00
17:13:11.942  CAN2  117       [8]  E2 40 00 00 57 00 00 87
17:13:11.942  CAN2  124       [8]  90 E0 00 15 55 2A A8 00
17:13:11.942  CAN2  1AE       [8]  7A 00 00 01 0F FF 7F F8
17:13:11.942  CAN2  2C1       [8]  00 09 00 00 0F 00 00 00
17:13:11.942  CAN2  121       [8]  26 F0 2A A9 6A 8A AA 00
17:13:11.942  CAN2  23A       [8]  00 00 00 00 00 00 00 00
17:13:11.942  CAN2  3B7       [8]  00 41 41 22 22 F9 00 00
17:13:11.942  CAN2  3B7       [8]  01 3F 7F BF 7F 1E 75 00
17:13:11.942  CAN2  3B7       [8]  02 00 00 00 94 11 00 00
17:13:11.942  CAN2  3B7       [8]  03 00 00 9A 99 99 99 00
17:13:11.942  CAN2  3E5       [8]  10 00 00 00 00 00 00 00
17:13:11.942  CAN2  3B7       [8]  04 07 CB 07 C6 0A F8 00
17:13:11.942  CAN2  3B7       [8]  05 12 01 11 00 00 00 01
17:13:11.942  CAN2  117       [8]  F2 40 00 00 57 00 00 77
17:13:11.942  CAN2  124       [8]  29 F0 00 15 55 2A A8 00
17:13:11.942  CAN2  1AE       [8]  6A 10 00 01 0F FF 7F F8
17:13:11.942  CAN2  2B2       [8]  82 70 00 00 41 00 90 41
17:13:11.942  CAN2  3B1       [8]  00 00 00 01 00 00 00 A0
17:13:11.942  CAN2  3B3       [8]  10 20 00 00 00 85 5F 00
17:13:11.942  CAN2  435       [8]  00 00 00 00 00 00 00 00
17:13:11.942  CAN2  42D       [8]  00 08 00 00 00 00 12 40
17:13:11.942  CAN2  121       [8]  8F 00 2A A9 6A 8A AA 00
17:13:11.942  CAN2  23A       [8]  F0 10 00 00 00 00 00 00
17:13:11.942  CAN2  359       [8]  00 28 5D C0 FF 00 02 00
17:13:11.942  CAN2  583       [8]  51 00 11 2C 6D A0 12 0E
17:13:11.942  CAN2  117       [8]  02 40 00 00 57 00 00 67
17:13:11.942  CAN2  124       [8]  80 00 00 15 55 2A A8 00
17:13:11.942  CAN2  1AE       [8]  5A 20 00 01 0F FF 7F F8
17:13:11.942  CAN2  20E       [8]  00 01 00 00 00 13 61 04
17:13:11.979  CAN2  3BD       [8]  00 00 00 00 00 00 00 00
17:13:11.979  CAN2  121       [8]  36 10 2A A9 6A 8A AA 00
17:13:11.979  CAN2  23A       [8]  E0 20 00 00 00 00 00 00
17:13:11.979  CAN2  520       [8]  50 00 32 44 00 00 00 00
17:13:11.979  CAN2  3E1       [8]  00 00 00 00 00 00 00 00
17:13:11.979  CAN2  517       [8]  FF 01 0E 00 92 00 4D 41
17:13:11.979  CAN2  518       [8]  00 05 FF 00 00 FF 00 00
17:13:11.979  CAN2  117       [8]  12 40 00 00 57 00 00 57
17:13:11.979  CAN2  124       [8]  39 10 00 15 55 2A A8 00
17:13:11.979  CAN2  1AE       [8]  4A 30 00 01 0F FF 7F F8
17:13:11.979  CAN2  335       [8]  00 02 00 1C FD 8E F0 00
17:13:11.979  CAN2  631       [8]  04 03 48 01 01 00 00 00
17:13:11.979  CAN2  121       [8]  E0 20 2A A9 6A 8A AA 00
17:13:11.979  CAN2  23A       [8]  D0 30 00 00 00 00 00 00
17:13:11.979  CAN2  247       [8]  00 06 00 00 18 09 08 88
17:13:11.979  CAN2  29A       [8]  11 0C 00 00 11 01 01 00
17:13:11.979  CAN2  2AB       [8]  00 00 00 00 00 03 2B FE
17:13:11.979  CAN2  2CD       [8]  C8 00 28 00 00 10 40 03
17:13:11.979  CAN2  117       [8]  22 40 00 00 57 00 00 47
17:13:11.979  CAN2  124       [8]  EF 20 00 15 55 2A A8 00
17:13:11.979  CAN2  1AE       [8]  3A 40 00 01 0F FF 7F F8
17:13:11.979  CAN2  121       [8]  59 30 2A A9 6A 8A AA 00
17:13:11.979  CAN2  23A       [8]  C0 40 00 00 00 00 00 00
17:13:11.979  CAN2  249       [8]  00 00 00 00 00 00 00 00
17:13:11.979  CAN2  117       [8]  32 40 00 00 57 00 00 37
17:13:11.979  CAN2  124       [8]  56 30 00 15 55 2A A8 00
17:13:11.979  CAN2  1AE       [8]  2A 50 00 01 0F FF 7F F8
17:13:11.979  CAN2  121       [8]  51 40 2A A9 6A 8A AA 00
17:13:11.979  CAN2  23A       [8]  B0 50 00 00 00 00 00 00
17:13:11.979  CAN2  3B7       [8]  00 41 41 22 22 F9 00 00
17:13:11.979  CAN2  3B7       [8]  01 3F 7F BF 7F 1E 75 00
17:13:11.979  CAN2  3B7       [8]  02 00 00 00 94 11 00 00
17:13:12.004  CAN2  2C1       [8]  00 09 00 00 0F 00 00 00
17:13:12.004  CAN2  3B7       [8]  03 00 00 9A 99 99 99 00
17:13:12.004  CAN2  3E5       [8]  10 00 00 00 00 00 00 00
17:13:12.004  CAN2  3B7       [8]  04 07 CB 07 C5 0A F8 00
17:13:12.004  CAN2  409       [8]  0A 02 00 00 00 00 00 00
17:13:12.004  CAN2  3B7       [8]  05 12 01 11 00 00 00 01
17:13:12.004  CAN2  117       [8]  42 40 00 00 57 00 00 27
17:13:12.004  CAN2  124       [8]  5E 40 00 15 55 2A A8 00
17:13:12.004  CAN2  1AE       [8]  1A 60 00 01 0F FF 7F F8
17:13:12.004  CAN2  3B1       [8]  00 00 00 01 00 00 00 A0
17:13:12.004  CAN2  3B3       [8]  10 20 00 00 00 85 5F 00
17:13:12.004  CAN2  121       [8]  E8 50 2A A9 6A 8A AA 00
17:13:12.004  CAN2  23A       [8]  A0 60 00 00 00 00 00 00
17:13:12.004  CAN2  583       [8]  51 00 11 2C 6D A0 12 0E
17:13:12.004  CAN2  117       [8]  52 40 00 00 57 00 00 17
17:13:12.004  CAN2  124       [8]  E7 50 00 15 55 2A A8 00
17:13:12.004  CAN2  1AE       [8]  0A 70 00 01 0F FF 7F F8
17:13:12.004  CAN2  20E       [8]  00 01 00 00 00 13 61 04
17:13:12.004  CAN2  3BD       [8]  00 00 00 00 00 00 00 00
17:13:12.004  CAN2  121       [8]  3E 60 2A A9 6A 8A AA 00
17:13:12.004  CAN2  23A       [8]  90 70 00 00 00 00 00 00
17:13:12.004  CAN2  520       [8]  50 00 32 44 00 00 00 00
17:13:12.004  CAN2  3E1       [8]  00 00 00 00 00 00 00 00
17:13:12.004  CAN2  517       [8]  FF 01 0E 00 92 00 4D 41
17:13:12.004  CAN2  518       [8]  00 05 FF 00 00 FF 00 00
17:13:12.004  CAN2  117       [8]  62 40 00 00 57 00 00 07
17:13:12.004  CAN2  124       [8]  31 60 00 15 55 2A A8 00
17:13:12.004  CAN2  1AE       [8]  FA 80 00 01 0F FF 7F F8
17:13:12.004  CAN2  335       [8]  00 02 00 1C FD 8E F0 00
17:13:12.004  CAN2  121       [8]  87 70 2A A9 6A 8A AA 00
17:13:12.004  CAN2  23A       [8]  80 80 00 00 00 00 00 00
17:13:12.004  CAN2  247       [8]  00 06 00 00 18 09 08 88
17:13:12.039  CAN2  256       [8]  54 10 00 61 25 2B A7 44
17:13:12.039  CAN2  29A       [8]  11 0C 00 00 11 01 01 00
17:13:12.039  CAN2  2AB       [8]  00 00 00 00 00 03 2B FE
17:13:12.039  CAN2  2CD       [8]  C8 00 28 00 00 10 40 03
17:13:12.039  CAN2  117       [8]  72 40 00 00 57 00 00 F7
17:13:12.039  CAN2  124       [8]  88 70 00 15 55 2A A8 00
17:13:12.039  CAN2  1AE       [8]  EA 90 00 01 0F FF 7F F8
17:13:12.039  CAN2  121       [8]  2E 80 2A A9 6A 8A AA 00
17:13:12.039  CAN2  23A       [8]  70 90 00 00 00 00 00 00
17:13:12.039  CAN2  249       [8]  00 00 00 00 00 00 00 00
17:13:12.039  CAN2  117       [8]  82 40 00 00 57 00 00 E7
17:13:12.039  CAN2  124       [8]  21 80 00 15 55 2A A8 00
17:13:12.039  CAN2  1AE       [8]  DA A0 00 01 0F FF 7F F8
17:13:12.039  CAN2  121       [8]  97 90 2A A9 6A 8A AA 00
17:13:12.039  CAN2  23A       [8]  60 A0 00 00 00 00 00 00
17:13:12.039  CAN2  3B7       [8]  00 41 41 22 22 F9 00 00
17:13:12.039  CAN2  3B7       [8]  01 3F 7F BF 7F 1E 75 00
17:13:12.039  CAN2  3B7       [8]  02 00 00 00 94 11 00 00
17:13:12.039  CAN2  3B7       [8]  03 00 00 9A 99 99 99 00
17:13:12.039  CAN2  3E5       [8]  10 00 00 00 00 00 00 00
17:13:12.039  CAN2  3B7       [8]  04 07 CB 07 C5 0A F8 00
17:13:12.039  CAN2  3B7       [8]  05 12 01 11 00 00 00 01
17:13:12.039  CAN2  117       [8]  92 40 00 00 57 00 00 D7
17:13:12.039  CAN2  124       [8]  98 90 00 15 55 2A A8 00
17:13:12.039  CAN2  1AE       [8]  CA B0 00 01 0F FF 7F F8
17:13:12.039  CAN2  2B2       [8]  92 80 00 00 41 00 90 41
17:13:12.039  CAN2  3B1       [8]  00 00 00 01 00 00 00 A0
17:13:12.039  CAN2  3B3       [8]  10 20 00 00 00 85 5F 00
17:13:12.039  CAN2  435       [8]  00 00 00 00 00 00 00 00
17:13:12.039  CAN2  42D       [8]  00 08 00 00 00 00 12 40
17:13:12.039  CAN2  2C1       [8]  00 09 00 00 0F 00 00 00
17:13:12.039  CAN2  121       [8]  41 A0 2A A9 6A 8A AA 00
17:13:12.074  CAN2  23A       [8]  50 B0 00 00 00 00 00 00
17:13:12.074  CAN2  359       [8]  00 28 5D C0 FF 00 02 00
17:13:12.074  CAN2  583       [8]  51 00 11 2C 6D A0 12 0E
17:13:12.074  CAN2  117       [8]  A2 40 00 00 57 00 00 C7
17:13:12.074  CAN2  124       [8]  4E A0 00 15 55 2A A8 00
17:13:12.074  CAN2  1AE       [8]  BA C0 00 01 0F FF 7F F8
17:13:12.074  CAN2  20E       [8]  00 01 00 00 00 13 61 04
17:13:12.074  CAN2  3BD       [8]  00 00 00 00 00 00 00 00
17:13:12.074  CAN2  121       [8]  F8 B0 2A A9 6A 8A AA 00
17:13:12.074  CAN2  23A       [8]  40 C0 00 00 00 00 00 00
17:13:12.074  CAN2  520       [8]  50 00 32 44 00 00 00 00
17:13:12.074  CAN2  517       [8]  FF 01 0E 00 92 00 4D 41
17:13:12.074  CAN2  518       [8]  00 05 FF 00 00 FF 00 00
17:13:12.074  CAN2  117       [8]  B2 40 00 00 57 00 00 B7
17:13:12.074  CAN2  124       [8]  F7 B0 00 15 55 2A A8 00
17:13:12.074  CAN2  1AE       [8]  AA D0 00 01 0F FF 7F F8
17:13:12.074  CAN2  335       [8]  00 02 00 1C FD 8E F0 00
17:13:12.074  CAN2  3E1       [8]  00 00 00 00 00 00 00 00
17:13:12.074  CAN2  121       [8]  F0 C0 2A A9 6A 8A AA 00
17:13:12.074  CAN2  23A       [8]  30 D0 00 00 00 00 00 00
17:13:12.074  CAN2  247       [8]  00 06 00 00 18 09 08 88
17:13:12.074  CAN2  29A       [8]  11 0C 00 00 11 01 01 00
17:13:12.074  CAN2  2AB       [8]  00 00 00 00 00 03 2B FE
17:13:12.074  CAN2  2CD       [8]  C8 00 28 00 00 10 40 03
17:13:12.074  CAN2  117       [8]  C2 40 00 00 57 00 00 A7
17:13:12.074  CAN2  124       [8]  FF C0 00 15 55 2A A8 00
17:13:12.074  CAN2  1AE       [8]  9A E0 00 01 0F FF 7F F8
17:13:12.074  CAN2  121       [8]  49 D0 2A A9 6A 8A AA 00
17:13:12.074  CAN2  23A       [8]  20 E0 00 00 00 00 00 00
17:13:12.074  CAN2  249       [8]  00 00 00 00 00 00 00 00
17:13:12.074  CAN2  117       [8]  D2 40 00 00 57 00 00 97
17:13:12.074  CAN2  124       [8]  46 D0 00 15 55 2A A8 00
17:13:12.098  CAN2  1AE       [8]  8A F0 00 01 0F FF 7F F8
17:13:12.098  CAN2  121       [8]  9F E0 2A A9 6A 8A AA 00
17:13:12.098  CAN2  23A       [8]  10 F0 00 00 00 00 00 00
17:13:12.098  CAN2  3B7       [8]  00 41 41 22 22 F9 00 00
17:13:12.098  CAN2  3B7       [8]  01 3F 7F BF 7F 1E 75 00
17:13:12.098  CAN2  3B7       [8]  02 00 00 00 94 11 00 00
17:13:12.098  CAN2  3B7       [8]  03 00 00 9A 99 99 99 00
17:13:12.098  CAN2  3E5       [8]  10 00 00 00 00 00 00 00
17:13:12.098  CAN2  3B7       [8]  04 07 CB 07 C5 0A F9 00
17:13:12.098  CAN2  3B7       [8]  05 12 01 11 00 00 00 01
17:13:12.098  CAN2  40A       [8]  0D 02 00 00 00 00 00 00
17:13:12.098  CAN2  117       [8]  E2 40 00 00 57 00 00 87
17:13:12.098  CAN2  124       [8]  90 E0 00 15 55 2A A8 00
17:13:12.098  CAN2  1AE       [8]  7A 00 00 01 0F FF 7F F8
17:13:12.098  CAN2  3B1       [8]  00 00 00 01 00 00 00 A0
17:13:12.098  CAN2  3B3       [8]  10 20 00 00 00 85 5F 00
17:13:12.098  CAN2  121       [8]  26 F0 2A A9 6A 8A AA 00
17:13:12.098  CAN2  23A       [8]  00 00 00 00 00 00 00 00
17:13:12.098  CAN2  583       [8]  51 00 11 2C 6D A0 12 0E
17:13:12.098  CAN2  2C1       [8]  00 09 00 00 0F 00 00 00
17:13:12.098  CAN2  117       [8]  F2 40 00 00 57 00 00 77
17:13:12.098  CAN2  124       [8]  29 F0 00 15 55 2A A8 00
17:13:12.098  CAN2  1AE       [8]  6A 10 00 01 0F FF 7F F8
17:13:12.098  CAN2  20E       [8]  00 01 00 00 00 13 61 04
17:13:12.098  CAN2  3BD       [8]  00 00 00 00 00 00 00 00
17:13:12.098  CAN2  121       [8]  8F 00 2A A9 6A 8A AA 00
17:13:12.098  CAN2  23A       [8]  F0 10 00 00 00 00 00 00
17:13:12.098  CAN2  520       [8]  50 00 32 44 00 00 00 00
17:13:12.098  CAN2  517       [8]  FF 01 0E 00 92 00 4D 41
17:13:12.098  CAN2  518       [8]  00 05 FF 00 00 FF 00 00
17:13:12.098  CAN2  117       [8]  02 40 00 00 57 00 00 67
17:13:12.098  CAN2  124       [8]  80 00 00 15 55 2A A8 00
17:13:12.133  CAN2  1AE       [8]  5A 20 00 01 0F FF 7F F8
17:13:12.133  CAN2  335       [8]  00 02 00 1C FD 8E F0 00
17:13:12.133  CAN2  3E1       [8]  00 00 00 00 00 00 00 00
17:13:12.133  CAN2  632       [8]  04 01 52 01 01 FF FF FF
17:13:12.133  CAN2  636       [8]  04 01 52 01 01 FF FF FF
17:13:12.133  CAN2  121       [8]  36 10 2A A9 6A 8A AA 00
17:13:12.133  CAN2  23A       [8]  E0 20 00 00 00 00 00 00
17:13:12.133  CAN2  247       [8]  00 06 00 00 18 09 08 88
17:13:12.133  CAN2  256       [8]  53 10 00 61 25 2B A8 44
17:13:12.133  CAN2  29A       [8]  11 0C 00 00 11 01 01 00
17:13:12.133  CAN2  2AB       [8]  00 00 00 00 00 03 2B FE
17:13:12.133  CAN2  2CD       [8]  C8 00 28 00 00 10 40 03
17:13:12.133  CAN2  117       [8]  12 40 00 00 57 00 00 57
17:13:12.133  CAN2  124       [8]  39 10 00 15 55 2A A8 00
17:13:12.133  CAN2  1AE       [8]  4A 30 00 01 0F FF 7F F8
17:13:12.133  CAN2  121       [8]  E0 20 2A A9 6A 8A AA 00
17:13:12.133  CAN2  23A       [8]  D0 30 00 00 00 00 00 00
17:13:12.133  CAN2  249       [8]  00 00 00 00 00 00 00 00
17:13:12.133  CAN2  117       [8]  22 40 00 00 57 00 00 47
17:13:12.133  CAN2  124       [8]  EF 20 00 15 55 2A A8 00
17:13:12.133  CAN2  1AE       [8]  3A 40 00 01 0F FF 7F F8
17:13:12.133  CAN2  121       [8]  59 30 2A A9 6A 8A AA 00
17:13:12.133  CAN2  23A       [8]  C0 40 00 00 00 00 00 00
17:13:12.133  CAN2  3B7       [8]  00 41 41 22 22 F9 00 00
17:13:12.133  CAN2  3B7       [8]  01 3F 7F BF 7F 1E 75 00
17:13:12.133  CAN2  3B7       [8]  02 00 00 00 94 11 00 00
17:13:12.133  CAN2  3B7       [8]  03 00 00 9A 99 99 99 00
17:13:12.133  CAN2  3E5       [8]  10 00 00 00 00 00 00 00
17:13:12.133  CAN2  3B7       [8]  04 07 CB 07 C5 0A F8 00
17:13:12.133  CAN2  3B7       [8]  05 12 01 11 00 00 00 01
17:13:12.133  CAN2  117       [8]  32 40 00 00 57 00 00 37
17:13:12.133  CAN2  124       [8]  56 30 00 15 55 2A A8 00
17:13:12.157  CAN2  1AE       [8]  2A 50 00 01 0F FF 7F F8
17:13:12.157  CAN2  2B2       [8]  A2 90 00 00 41 00 90 41
17:13:12.157  CAN2  3B1       [8]  00 00 00 01 00 00 00 A0
17:13:12.157  CAN2  3B3       [8]  10 20 00 00 00 85 5F 00
17:13:12.157  CAN2  435       [8]  00 00 00 00 00 00 00 00
17:13:12.157  CAN2  42D       [8]  00 08 00 00 00 00 12 40
17:13:12.157  CAN2  121       [8]  51 40 2A A9 6A 8A AA 00
17:13:12.157  CAN2  23A       [8]  B0 50 00 00 00 00 00 00
17:13:12.157  CAN2  359       [8]  00 28 5D C0 FF 00 02 00
17:13:12.157  CAN2  583       [8]  51 00 11 2C 6D A0 12 0E
17:13:12.157  CAN2  117       [8]  42 40 00 00 57 00 00 27
17:13:12.157  CAN2  124       [8]  5E 40 00 15 55 2A A8 00
17:13:12.157  CAN2  1AE       [8]  1A 60 00 01 0F FF 7F F8
17:13:12.157  CAN2  20E       [8]  00 01 00 00 00 13 61 04
17:13:12.157  CAN2  3BD       [8]  00 00 00 00 00 00 00 00
17:13:12.157  CAN2  2C1       [8]  00 09 00 00 0F 00 00 00
17:13:12.157  CAN2  121       [8]  E8 50 2A A9 6A 8A AA 00
17:13:12.157  CAN2  23A       [8]  A0 60 00 00 00 00 00 00
17:13:12.157  CAN2  520       [8]  50 00 32 44 00 00 00 00
17:13:12.157  CAN2  517       [8]  FF 01 0E 00 92 00 4D 41
17:13:12.157  CAN2  518       [8]  00 05 FF 00 00 FF 00 00
17:13:12.157  CAN2  117       [8]  52 40 00 00 57 00 00 17
17:13:12.157  CAN2  124       [8]  E7 50 00 15 55 2A A8 00
17:13:12.157  CAN2  1AE       [8]  0A 70 00 01 0F FF 7F F8
17:13:12.157  CAN2  335       [8]  00 02 00 1C FD 8E F0 00
17:13:12.157  CAN2  631       [8]  04 03 48 01 01 00 00 00
17:13:12.157  CAN2  3E1       [8]  00 00 00 00 00 00 00 00
17:13:12.157  CAN2  121       [8]  3E 60 2A A9 6A 8A AA 00
17:13:12.157  CAN2  23A       [8]  90 70 00 00 00 00 00 00
17:13:12.157  CAN2  247       [8]  00 06 00 00 18 09 08 88
17:13:12.157  CAN2  29A       [8]  11 0C 00 00 11 01 01 00
17:13:12.157  CAN2  2AB       [8]  00 00 00 00 00 03 2B FE
17:13:12.192  CAN2  2CD       [8]  C8 00 28 00 00 10 40 03
17:13:12.192  CAN2  117       [8]  62 40 00 00 57 00 00 07
17:13:12.192  CAN2  124       [8]  31 60 00 15 55 2A A8 00
17:13:12.192  CAN2  1AE       [8]  FA 80 00 01 0F FF 7F F8
17:13:12.192  CAN2  121       [8]  87 70 2A A9 6A 8A AA 00
17:13:12.192  CAN2  23A       [8]  80 80 00 00 00 00 00 00
17:13:12.192  CAN2  249       [8]  00 00 00 00 00 00 00 00
17:13:12.192  CAN2  117       [8]  72 40 00 00 57 00 00 F7
17:13:12.192  CAN2  124       [8]  88 70 00 15 55 2A A8 00
17:13:12.192  CAN2  1AE       [8]  EA 90 00 01 0F FF 7F F8
17:13:12.192  CAN2  121       [8]  2E 80 2A A9 6A 8A AA 00
17:13:12.192  CAN2  23A       [8]  70 90 00 00 00 00 00 00
17:13:12.192  CAN2  3B7       [8]  00 41 41 22 22 F9 00 00
17:13:12.192  CAN2  3B7       [8]  01 3F 7F BF 7F 1E 75 00
17:13:12.192  CAN2  3B7       [8]  02 00 00 00 94 11 00 00
17:13:12.192  CAN2  3B7       [8]  03 00 00 9A 99 99 99 00
17:13:12.192  CAN2  3E5       [8]  10 00 00 00 00 00 00 00
17:13:12.192  CAN2  3B7       [8]  04 07 CB 07 C5 0A F9 00
17:13:12.192  CAN2  3B7       [8]  05 12 01 11 00 00 00 01
17:13:12.192  CAN2  117       [8]  82 40 00 00 57 00 00 E7
17:13:12.192  CAN2  124       [8]  21 80 00 15 55 2A A8 00
17:13:12.192  CAN2  1AE       [8]  DA A0 00 01 0F FF 7F F8
17:13:12.192  CAN2  3B1       [8]  00 00 00 01 00 00 00 A0
17:13:12.192  CAN2  3B3       [8]  10 20 00 00 00 85 5F 00
17:13:12.192  CAN2  121       [8]  97 90 2A A9 6A 8A AA 00
17:13:12.192  CAN2  23A       [8]  60 A0 00 00 00 00 00 00
17:13:12.192  CAN2  583       [8]  51 00 11 2C 6D A0 12 0E
17:13:12.192  CAN2  40D       [8]  01 02 00 00 00 00 00 00
17:13:12.192  CAN2  117       [8]  92 40 00 00 57 00 00 D7
17:13:12.192  CAN2  124       [8]  98 90 00 15 55 2A A8 00
17:13:12.192  CAN2  1AE       [8]  CA B0 00 01 0F FF 7F F8
17:13:12.192  CAN2  20E       [8]  00 01 00 00 00 13 61 04
17:13:12.227  CAN2  3BD       [8]  00 00 00 00 00 00 00 00
17:13:12.227  CAN2  121       [8]  41 A0 2A A9 6A 8A AA 00
17:13:12.227  CAN2  23A       [8]  50 B0 00 00 00 00 00 00
17:13:12.227  CAN2  520       [8]  50 00 32 44 00 00 00 00
17:13:12.227  CAN2  517       [8]  FF 01 0E 00 92 00 4D 41
17:13:12.227  CAN2  518       [8]  00 05 FF 00 00 FF 00 00
17:13:12.227  CAN2  2C1       [8]  00 09 00 00 0F 00 00 00
17:13:12.227  CAN2  117       [8]  A2 40 00 00 57 00 00 C7
17:13:12.227  CAN2  124       [8]  4E A0 00 15 55 2A A8 00
17:13:12.227  CAN2  1AE       [8]  BA C0 00 01 0F FF 7F F8
17:13:12.227  CAN2  335       [8]  00 02 00 1C FD 8E F0 00
17:13:12.227  CAN2  121       [8]  F8 B0 2A A9 6A 8A AA 00
17:13:12.227  CAN2  23A       [8]  40 C0 00 00 00 00 00 00
17:13:12.227  CAN2  247       [8]  00 06 00 00 18 09 08 88
17:13:12.227  CAN2  256       [8]  52 10 00 61 25 2B A9 44
17:13:12.227  CAN2  3E1       [8]  00 00 00 00 00 00 00 00
17:13:12.227  CAN2  29A       [8]  11 0C 00 00 11 01 01 00
17:13:12.227  CAN2  2AB       [8]  00 00 00 00 00 03 2B FE
17:13:12.227  CAN2  2CD       [8]  C8 00 28 00 00 10 40 03
17:13:12.227  CAN2  117       [8]  B2 40 00 00 57 00 00 B7
17:13:12.227  CAN2  124       [8]  F7 B0 00 15 55 2A A8 00
17:13:12.227  CAN2  1AE       [8]  AA D0 00 01 0F FF 7F F8
17:13:12.227  CAN2  121       [8]  F0 C0 2A A9 6A 8A AA 00
17:13:12.227  CAN2  23A       [8]  30 D0 00 00 00 00 00 00
17:13:12.227  CAN2  249       [8]  00 00 00 00 00 00 00 00
17:13:12.227  CAN2  117       [8]  C2 40 00 00 57 00 00 A7
17:13:12.227  CAN2  124       [8]  FF C0 00 15 55 2A A8 00
17:13:12.227  CAN2  1AE       [8]  9A E0 00 01 0F FF 7F F8
17:13:12.227  CAN2  121       [8]  49 D0 2A A9 6A 8A AA 00
17:13:12.227  CAN2  23A       [8]  20 E0 00 00 00 00 00 00
17:13:12.227  CAN2  3B7       [8]  00 41 41 22 22 F9 00 00
17:13:12.227  CAN2  3B7       [8]  01 3F 7F BF 7F 1E 75 00
17:13:12.251  CAN2  3B7       [8]  02 00 00 00 94 11 00 00
17:13:12.251  CAN2  3B7       [8]  03 00 00 9A 99 99 99 00
17:13:12.251  CAN2  3E5       [8]  10 00 00 00 00 00 00 00
17:13:12.251  CAN2  3B7       [8]  04 07 CB 07 C6 0A F8 00
17:13:12.251  CAN2  3B7       [8]  05 12 01 11 00 00 00 01
17:13:12.251  CAN2  117       [8]  D2 40 00 00 57 00 00 97
17:13:12.251  CAN2  124       [8]  46 D0 00 15 55 2A A8 00
17:13:12.251  CAN2  1AE       [8]  8A F0 00 01 0F FF 7F F8
17:13:12.251  CAN2  2B2       [8]  B2 A0 00 00 41 00 90 41
17:13:12.251  CAN2  3B1       [8]  00 00 00 01 00 00 00 A0
17:13:12.251  CAN2  3B3       [8]  10 20 00 00 00 85 5F 00
17:13:12.251  CAN2  435       [8]  00 00 00 00 00 00 00 00
17:13:12.251  CAN2  42D       [8]  00 08 00 00 00 00 12 40
17:13:12.251  CAN2  121       [8]  9F E0 2A A9 6A 8A AA 00
17:13:12.251  CAN2  23A       [8]  10 F0 00 00 00 00 00 00
17:13:12.251  CAN2  359       [8]  00 28 5D C0 FF 00 02 00
17:13:12.251  CAN2  583       [8]  51 00 11 2C 6D A0 12 0E
17:13:12.251  CAN2  117       [8]  E2 40 00 00 57 00 00 87
17:13:12.251  CAN2  124       [8]  90 E0 00 15 55 2A A8 00
17:13:12.251  CAN2  1AE       [8]  7A 00 00 01 0F FF 7F F8
17:13:12.251  CAN2  20E       [8]  00 01 00 00 00 13 61 04
17:13:12.251  CAN2  3BD       [8]  00 00 00 00 00 00 00 00
17:13:12.251  CAN2  121       [8]  26 F0 2A A9 6A 8A AA 00
17:13:12.251  CAN2  23A       [8]  00 00 00 00 00 00 00 00
17:13:12.251  CAN2  520       [8]  50 00 32 44 00 00 00 00
17:13:12.251  CAN2  517       [8]  FF 01 0E 00 92 00 4D 41
17:13:12.251  CAN2  518       [8]  00 05 FF 00 00 FF 00 00
17:13:12.251  CAN2  117       [8]  F2 40 00 00 57 00 00 77
17:13:12.251  CAN2  124       [8]  29 F0 00 15 55 2A A8 00
17:13:12.251  CAN2  1AE       [8]  6A 10 00 01 0F FF 7F F8
17:13:12.251  CAN2  335       [8]  00 02 00 1C FD 8E F0 00
17:13:12.251  CAN2  121       [8]  8F 00 2A A9 6A 8A AA 00
17:13:12.288  CAN2  23A       [8]  F0 10 00 00 00 00 00 00
17:13:12.288  CAN2  247       [8]  00 06 00 00 18 09 08 88
17:13:12.288  CAN2  2C1       [8]  00 09 00 00 0F 00 00 00
17:13:12.288  CAN2  29A       [8]  11 0C 00 00 11 01 01 00
17:13:12.288  CAN2  2AB       [8]  00 00 00 00 00 03 2B FE
17:13:12.288  CAN2  2CD       [8]  C8 00 28 00 00 10 40 03
17:13:12.288  CAN2  3E1       [8]  00 00 00 00 00 00 00 00
17:13:12.288  CAN2  117       [8]  02 40 00 00 57 00 00 67
17:13:12.288  CAN2  124       [8]  80 00 00 15 55 2A A8 00
17:13:12.288  CAN2  1AE       [8]  5A 20 00 01 0F FF 7F F8
17:13:12.288  CAN2  121       [8]  36 10 2A A9 6A 8A AA 00
17:13:12.288  CAN2  23A       [8]  E0 20 00 00 00 00 00 00
17:13:12.288  CAN2  249       [8]  00 00 00 00 00 00 00 00
17:13:12.288  CAN2  117       [8]  12 40 00 00 57 00 00 57
17:13:12.288  CAN2  124       [8]  39 10 00 15 55 2A A8 00
17:13:12.288  CAN2  1AE       [8]  4A 30 00 01 0F FF 7F F8
17:13:12.288  CAN2  121       [8]  E0 20 2A A9 6A 8A AA 00
17:13:12.288  CAN2  23A       [8]  D0 30 00 00 00 00 00 00
17:13:12.288  CAN2  3B7       [8]  00 41 41 22 22 F9 00 00
17:13:12.288  CAN2  3B7       [8]  01 3F 7F BF 7F 1E 75 00
17:13:12.288  CAN2  3B7       [8]  02 00 00 00 94 11 00 00
17:13:12.288  CAN2  3B7       [8]  03 00 00 9A 99 99 99 00
17:13:12.288  CAN2  3E5       [8]  10 00 00 00 00 00 00 00
17:13:12.288  CAN2  3B7       [8]  04 07 CB 07 C5 0A F8 00
17:13:12.288  CAN2  3B7       [8]  05 12 01 11 00 00 00 01
17:13:12.288  CAN2  117       [8]  22 40 00 00 57 00 00 47
17:13:12.288  CAN2  124       [8]  EF 20 00 15 55 2A A8 00
17:13:12.288  CAN2  1AE       [8]  3A 40 00 01 0F FF 7F F8
17:13:12.288  CAN2  3B1       [8]  00 00 00 01 00 00 00 A0
17:13:12.288  CAN2  3B3       [8]  10 20 00 00 00 85 5F 00
17:13:12.288  CAN2  121       [8]  59 30 2A A9 6A 8A AA 00
17:13:12.288  CAN2  23A       [8]  C0 40 00 00 00 00 00 00
17:13:12.315  CAN2  583       [8]  51 00 11 2C 6D A0 12 0E
17:13:12.315  CAN2  117       [8]  32 40 00 00 57 00 00 37
17:13:12.315  CAN2  124       [8]  56 30 00 15 55 2A A8 00
17:13:12.315  CAN2  1AE       [8]  2A 50 00 01 0F FF 7F F8
17:13:12.315  CAN2  20E       [8]  00 01 00 00 00 13 61 04
17:13:12.315  CAN2  3BD       [8]  00 00 00 00 00 00 00 00
17:13:12.315  CAN2  121       [8]  51 40 2A A9 6A 8A AA 00
17:13:12.315  CAN2  23A       [8]  B0 50 00 00 00 00 00 00
17:13:12.315  CAN2  520       [8]  50 00 32 44 00 00 00 00
17:13:12.315  CAN2  401       [8]  02 02 00 00 00 00 00 00
17:13:12.315  CAN2  517       [8]  FF 01 0E 00 92 00 4D 41
17:13:12.315  CAN2  518       [8]  00 05 FF 00 00 FF 00 00
17:13:12.315  CAN2  117       [8]  42 40 00 00 57 00 00 27
17:13:12.315  CAN2  124       [8]  5E 40 00 15 55 2A A8 00
17:13:12.315  CAN2  1AE       [8]  1A 60 00 01 0F FF 7F F8
17:13:12.315  CAN2  335       [8]  00 02 00 1C FD 8E F0 00
17:13:12.315  CAN2  121       [8]  E8 50 2A A9 6A 8A AA 00
17:13:12.315  CAN2  23A       [8]  A0 60 00 00 00 00 00 00
17:13:12.315  CAN2  247       [8]  00 06 00 00 18 09 08 88
17:13:12.315  CAN2  256       [8]  51 10 00 61 25 2B AA 44
17:13:12.315  CAN2  29A       [8]  11 0C 00 00 11 01 01 00
17:13:12.315  CAN2  2AB       [8]  00 00 00 00 00 03 2B FE
17:13:12.315  CAN2  2CD       [8]  C8 00 28 00 00 10 40 03
17:13:12.315  CAN2  632       [8]  04 01 52 01 01 FF FF FF
17:13:12.315  CAN2  636       [8]  04 01 52 01 01 FF FF FF
17:13:12.315  CAN2  117       [8]  52 40 00 00 57 00 00 17
17:13:12.315  CAN2  124       [8]  E7 50 00 15 55 2A A8 00
17:13:12.315  CAN2  1AE       [8]  0A 70 00 01 0F FF 7F F8
17:13:12.315  CAN2  3E1       [8]  00 00 00 00 00 00 00 00
17:13:12.315  CAN2  2C1       [8]  00 09 00 00 0F 00 00 00
17:13:12.315  CAN2  121       [8]  3E 60 2A A9 6A 8A AA 00
17:13:12.315  CAN2  23A       [8]  90 70 00 00 00 00 00 00
17:13:12.350  CAN2  249       [8]  00 00 00 00 00 00 00 00
17:13:12.350  CAN2  117       [8]  62 40 00 00 57 00 00 07
17:13:12.350  CAN2  124       [8]  31 60 00 15 55 2A A8 00
17:13:12.350  CAN2  1AE       [8]  FA 80 00 01 0F FF 7F F8
17:13:12.350  CAN2  121       [8]  87 70 2A A9 6A 8A AA 00
17:13:12.350  CAN2  23A       [8]  80 80 00 00 00 00 00 00
17:13:12.350  CAN2  3B7       [8]  00 41 41 22 22 F9 00 00
17:13:12.350  CAN2  3B7       [8]  01 3F 7F BF 7F 1E 75 00
17:13:12.350  CAN2  3B7       [8]  02 00 00 00 94 11 00 00
17:13:12.350  CAN2  3B7       [8]  03 00 00 9A 99 99 99 00
17:13:12.350  CAN2  3E5       [8]  10 00 00 00 00 00 00 00
17:13:12.350  CAN2  3B7       [8]  04 07 CB 07 C6 0A F8 00
17:13:12.350  CAN2  3B7       [8]  05 12 01 11 00 00 00 01
17:13:12.350  CAN2  117       [8]  72 40 00 00 57 00 00 F7
17:13:12.350  CAN2  124       [8]  88 70 00 15 55 2A A8 00
17:13:12.350  CAN2  1AE       [8]  EA 90 00 01 0F FF 7F F8
17:13:12.350  CAN2  2B2       [8]  C2 B0 00 00 41 00 90 41
17:13:12.350  CAN2  3C2       [8]  00 00 00 42 00 00 00 09
17:13:12.350  CAN2  699       [8]  00 00 00 00 00 00 00 00
17:13:12.350  CAN2  3B1       [8]  00 00 00 01 00 00 00 A0
17:13:12.350  CAN2  3B3       [8]  10 20 00 00 00 85 5F 00
17:13:12.350  CAN2  435       [8]  00 00 00 00 00 00 00 00
17:13:12.350  CAN2  121       [8]  2E 80 2A A9 6A 8A AA 00
17:13:12.350  CAN2  23A       [8]  70 90 00 00 00 00 00 00
17:13:12.350  CAN2  359       [8]  00 28 5D C0 FF 00 02 00
17:13:12.350  CAN2  42D       [8]  00 08 00 00 00 00 12 40
17:13:12.350  CAN2  583       [8]  51 00 11 2C 6D A0 12 0E
17:13:12.350  CAN2  117       [8]  82 40 00 00 57 00 00 E7
17:13:12.350  CAN2  124       [8]  21 80 00 15 55 2A A8 00
17:13:12.350  CAN2  1AE       [8]  DA A0 00 01 0F FF 7F F8
17:13:12.350  CAN2  20E       [8]  00 01 00 00 00 13 61 04
17:13:12.350  CAN2  3BD       [8]  00 00 00 00 00 00 00 00
17:13:12.375  CAN2  121       [8]  97 90 2A A9 6A 8A AA 00
17:13:12.375  CAN2  23A       [8]  60 A0 00 00 00 00 00 00
17:13:12.375  CAN2  520       [8]  50 00 32 44 00 00 00 00
17:13:12.375  CAN2  517       [8]  FF 01 0E 00 92 00 4D 41
17:13:12.375  CAN2  518       [8]  00 05 FF 00 00 FF 00 00
17:13:12.375  CAN2  117       [8]  92 40 00 00 57 00 00 D7
17:13:12.375  CAN2  124       [8]  98 90 00 15 55 2A A8 00
17:13:12.375  CAN2  1AE       [8]  CA B0 00 01 0F FF 7F F8
17:13:12.375  CAN2  335       [8]  00 02 00 1C FD 8E F0 00
17:13:12.375  CAN2  631       [8]  04 03 48 01 01 00 00 00
17:13:12.375  CAN2  121       [8]  41 A0 2A A9 6A 8A AA 00
17:13:12.375  CAN2  23A       [8]  50 B0 00 00 00 00 00 00
17:13:12.375  CAN2  247       [8]  00 06 00 00 18 09 08 88
17:13:12.375  CAN2  29A       [8]  11 0C 00 00 11 01 01 00
17:13:12.375  CAN2  2AB       [8]  00 00 00 00 00 03 2B FE
17:13:12.375  CAN2  2CD       [8]  C8 00 28 00 00 10 40 03
17:13:12.375  CAN2  117       [8]  A2 40 00 00 57 00 00 C7
17:13:12.375  CAN2  124       [8]  4E A0 00 15 55 2A A8 00
17:13:12.375  CAN2  1AE       [8]  BA C0 00 01 0F FF 7F F8
17:13:12.375  CAN2  3E1       [8]  00 00 00 00 00 00 00 00
17:13:12.375  CAN2  121       [8]  F8 B0 2A A9 6A 8A AA 00
17:13:12.375  CAN2  23A       [8]  40 C0 00 00 00 00 00 00
17:13:12.375  CAN2  249       [8]  00 00 00 00 00 00 00 00
17:13:12.375  CAN2  2C1       [8]  00 09 00 00 0F 00 00 00
17:13:12.375  CAN2  117       [8]  B2 40 00 00 57 00 00 B7
17:13:12.375  CAN2  124       [8]  F7 B0 00 15 55 2A A8 00
17:13:12.375  CAN2  1AE       [8]  AA D0 00 01 0F FF 7F F8
17:13:12.375  CAN2  580       [8]  7E A5 02 13 0D 4C 00 00
17:13:12.375  CAN2  121       [8]  F0 C0 2A A9 6A 8A AA 00
17:13:12.375  CAN2  23A       [8]  30 D0 00 00 00 00 00 00
17:13:12.375  CAN2  3B7       [8]  00 41 41 22 22 F9 00 00
17:13:12.375  CAN2  3B7       [8]  01 3F 7F BF 7F 1E 75 00
17:13:12.411  CAN2  3B7       [8]  02 00 00 00 94 11 00 00
17:13:12.411  CAN2  3B7       [8]  03 00 00 9A 99 99 99 00
17:13:12.411  CAN2  3B7       [8]  04 07 CB 07 C5 0A F8 00
17:13:12.411  CAN2  3E5       [8]  10 00 00 00 00 00 00 00
17:13:12.411  CAN2  3B7       [8]  05 12 01 11 00 00 00 01
17:13:12.411  CAN2  117       [8]  C2 40 00 00 57 00 00 A7
17:13:12.411  CAN2  124       [8]  FF C0 00 15 55 2A A8 00
17:13:12.411  CAN2  1AE       [8]  9A E0 00 01 0F FF 7F F8
17:13:12.411  CAN2  3B1       [8]  00 00 00 01 00 00 00 A0
17:13:12.411  CAN2  3B3       [8]  10 20 00 00 00 85 5F 00
17:13:12.411  CAN2  121       [8]  49 D0 2A A9 6A 8A AA 00
17:13:12.411  CAN2  23A       [8]  20 E0 00 00 00 00 00 00
17:13:12.411  CAN2  583       [8]  51 00 11 2C 6D A0 12 0E
17:13:12.411  CAN2  402       [8]  06 02 00 00 00 00 00 00
17:13:12.411  CAN2  117       [8]  D2 40 00 00 57 00 00 97
17:13:12.411  CAN2  124       [8]  46 D0 00 15 55 2A A8 00
17:13:12.411  CAN2  1AE       [8]  8A F0 00 01 0F FF 7F F8
17:13:12.411  CAN2  20E       [8]  00 01 00 00 00 13 61 04
17:13:12.411  CAN2  3BD       [8]  00 00 00 00 00 00 00 00
17:13:12.411  CAN2  121       [8]  9F E0 2A A9 6A 8A AA 00
17:13:12.411  CAN2  23A       [8]  10 F0 00 00 00 00 00 00
17:13:12.411  CAN2  520       [8]  50 00 32 44 00 00 00 00
17:13:12.411  CAN2  517       [8]  FF 01 0E 00 92 00 4D 41
17:13:12.411  CAN2  518       [8]  00 05 FF 00 00 FF 00 00
17:13:12.411  CAN2  117       [8]  E2 40 00 00 57 00 00 87
17:13:12.411  CAN2  124       [8]  90 E0 00 15 55 2A A8 00
17:13:12.411  CAN2  1AE       [8]  7A 00 00 01 0F FF 7F F8
17:13:12.411  CAN2  335       [8]  00 02 00 1C FD 8E F0 00
17:13:12.411  CAN2  121       [8]  26 F0 2A A9 6A 8A AA 00
17:13:12.411  CAN2  23A       [8]  00 00 00 00 00 00 00 00
17:13:12.411  CAN2  247       [8]  00 06 00 00 18 09 08 88
17:13:12.411  CAN2  256       [8]  50 10 00 61 25 2B AB 44
17:13:12.436  CAN2  29A       [8]  11 0C 00 00 11 01 01 00
17:13:12.436  CAN2  2AB       [8]  00 00 00 00 00 03 2B FE
17:13:12.436  CAN2  2CD       [8]  C8 00 28 00 00 10 40 03
17:13:12.436  CAN2  117       [8]  F2 40 00 00 57 00 00 77
17:13:12.436  CAN2  124       [8]  29 F0 00 15 55 2A A8 00
17:13:12.436  CAN2  1AE       [8]  6A 10 00 01 0F FF 7F F8
17:13:12.436  CAN2  3E1       [8]  00 00 00 00 00 00 00 00
17:13:12.436  CAN2  121       [8]  8F 00 2A A9 6A 8A AA 00
17:13:12.436  CAN2  23A       [8]  F0 10 00 00 00 00 00 00
17:13:12.436  CAN2  249       [8]  00 00 00 00 00 00 00 00
17:13:12.436  CAN2  117       [8]  02 40 00 00 57 00 00 67
17:13:12.436  CAN2  124       [8]  80 00 00 15 55 2A A8 00
17:13:12.436  CAN2  1AE       [8]  5A 20 00 01 0F FF 7F F8
17:13:12.436  CAN2  2C1       [8]  00 09 00 00 0F 00 00 00
17:13:12.436  CAN2  121       [8]  36 10 2A A9 6A 8A AA 00
17:13:12.436  CAN2  23A       [8]  E0 20 00 00 00 00 00 00
17:13:12.436  CAN2  3B7       [8]  00 41 41 22 22 F9 00 00
17:13:12.436  CAN2  3B7       [8]  01 3F 7F BF 7F 1E 75 00
17:13:12.436  CAN2  3B7       [8]  02 00 00 00 94 11 00 00
17:13:12.436  CAN2  3B7       [8]  03 00 00 9A 99 99 99 00
17:13:12.436  CAN2  3E5       [8]  10 00 00 00 00 00 00 00
17:13:12.436  CAN2  3B7       [8]  04 07 CB 07 C5 0A F9 00
17:13:12.436  CAN2  3B7       [8]  05 12 01 11 00 00 00 01
17:13:12.436  CAN2  117       [8]  12 40 00 00 57 00 00 57
17:13:12.436  CAN2  124       [8]  39 10 00 15 55 2A A8 00
17:13:12.436  CAN2  1AE       [8]  4A 30 00 01 0F FF 7F F8
17:13:12.436  CAN2  2B2       [8]  D2 C0 00 00 41 00 90 41
17:13:12.436  CAN2  3B1       [8]  00 00 00 01 00 00 00 A0
17:13:12.436  CAN2  3B3       [8]  10 20 00 00 00 85 5F 00
17:13:12.436  CAN2  435       [8]  00 00 00 00 00 00 00 00
17:13:12.436  CAN2  42D       [8]  00 08 00 00 00 00 12 40
17:13:12.436  CAN2  121       [8]  E0 20 2A A9 6A 8A AA 00
17:13:12.470  CAN2  23A       [8]  D0 30 00 00 00 00 00 00
17:13:12.470  CAN2  359       [8]  00 28 5D C0 FF 00 02 00
17:13:12.470  CAN2  583       [8]  51 00 11 2C 6D A0 12 0E
17:13:12.470  CAN2  117       [8]  22 40 00 00 57 00 00 47
17:13:12.470  CAN2  124       [8]  EF 20 00 15 55 2A A8 00
17:13:12.470  CAN2  1AE       [8]  3A 40 00 01 0F FF 7F F8
17:13:12.470  CAN2  20E       [8]  00 01 00 00 00 13 61 04
17:13:12.470  CAN2  3BD       [8]  00 00 00 00 00 00 00 00
17:13:12.470  CAN2  121       [8]  59 30 2A A9 6A 8A AA 00
17:13:12.470  CAN2  23A       [8]  C0 40 00 00 00 00 00 00
17:13:12.470  CAN2  520       [8]  50 00 32 44 00 00 00 00
17:13:12.470  CAN2  517       [8]  FF 01 0E 00 92 00 4D 41
17:13:12.470  CAN2  518       [8]  00 05 FF 00 00 FF 00 00
17:13:12.470  CAN2  117       [8]  32 40 00 00 57 00 00 37
17:13:12.470  CAN2  124       [8]  56 30 00 15 55 2A A8 00
17:13:12.470  CAN2  1AE       [8]  2A 50 00 01 0F FF 7F F8
17:13:12.470  CAN2  335       [8]  00 02 00 1C FD 8E F0 00
17:13:12.470  CAN2  121       [8]  51 40 2A A9 6A 8A AA 00
17:13:12.470  CAN2  23A       [8]  B0 50 00 00 00 00 00 00
17:13:12.470  CAN2  247       [8]  00 06 00 00 18 09 08 88
17:13:12.470  CAN2  29A       [8]  11 0C 00 00 11 01 01 00
17:13:12.470  CAN2  2AB       [8]  00 00 00 00 00 03 2B FE
17:13:12.470  CAN2  2CD       [8]  C8 00 28 00 00 10 40 03
17:13:12.470  CAN2  117       [8]  42 40 00 00 57 00 00 27
17:13:12.470  CAN2  124       [8]  5E 40 00 15 55 2A A8 00
17:13:12.470  CAN2  1AE       [8]  1A 60 00 01 0F FF 7F F8
17:13:12.470  CAN2  121       [8]  E8 50 2A A9 6A 8A AA 00
17:13:12.470  CAN2  23A       [8]  A0 60 00 00 00 00 00 00
17:13:12.470  CAN2  249       [8]  00 00 00 00 00 00 00 00
17:13:12.470  CAN2  3E1       [8]  00 00 00 00 00 00 00 00
17:13:12.470  CAN2  117       [8]  52 40 00 00 57 00 00 17
17:13:12.470  CAN2  124       [8]  E7 50 00 15 55 2A A8 00
17:13:12.507  CAN2  1AE       [8]  0A 70 00 01 0F FF 7F F8
17:13:12.507  CAN2  121       [8]  3E 60 2A A9 6A 8A AA 00
17:13:12.507  CAN2  23A       [8]  90 70 00 00 00 00 00 00
17:13:12.507  CAN2  3B7       [8]  00 41 41 22 22 F9 00 00
17:13:12.507  CAN2  3B7       [8]  01 3F 7F BF 7F 1E 75 00
17:13:12.507  CAN2  3B7       [8]  02 00 00 00 94 11 00 00
17:13:12.507  CAN2  2C1       [8]  00 09 00 00 0F 00 00 00
17:13:12.507  CAN2  3B7       [8]  03 00 00 9A 99 99 99 00
17:13:12.507  CAN2  3E5       [8]  10 00 00 00 00 00 00 00
17:13:12.507  CAN2  3B7       [8]  04 07 CB 07 C5 0A F8 00
17:13:12.507  CAN2  3B7       [8]  05 12 01 11 00 00 00 01
17:13:12.507  CAN2  117       [8]  62 40 00 00 57 00 00 07
17:13:12.507  CAN2  124       [8]  31 60 00 15 55 2A A8 00
17:13:12.507  CAN2  1AE       [8]  FA 80 00 01 0F FF 7F F8
17:13:12.507  CAN2  3B1       [8]  00 00 00 01 00 00 00 A0
17:13:12.507  CAN2  3B3       [8]  10 20 00 00 00 85 5F 00
17:13:12.507  CAN2  406       [8]  09 02 00 00 00 00 00 00
17:13:12.507  CAN2  121       [8]  87 70 2A A9 6A 8A AA 00
17:13:12.507  CAN2  23A       [8]  80 80 00 00 00 00 00 00
17:13:12.507  CAN2  583       [8]  51 00 11 2C 6D A0 12 0E
17:13:12.507  CAN2  117       [8]  72 40 00 00 57 00 00 F7
17:13:12.507  CAN2  124       [8]  88 70 00 15 55 2A A8 00
17:13:12.507  CAN2  1AE       [8]  EA 90 00 01 0F FF 7F F8
17:13:12.507  CAN2  20E       [8]  00 01 00 00 00 13 61 04
17:13:12.507  CAN2  3BD       [8]  00 00 00 00 00 00 00 00
17:13:12.507  CAN2  121       [8]  2E 80 2A A9 6A 8A AA 00
17:13:12.507  CAN2  23A       [8]  70 90 00 00 00 00 00 00
17:13:12.507  CAN2  520       [8]  50 00 32 44 00 00 00 00
17:13:12.507  CAN2  517       [8]  FF 01 0E 00 92 00 4D 41
17:13:12.507  CAN2  518       [8]  00 05 FF 00 00 FF 00 00
17:13:12.507  CAN2  117       [8]  82 40 00 00 57 00 00 E7
17:13:12.507  CAN2  124       [8]  21 80 00 15 55 2A A8 00
17:13:12.530  CAN2  1AE       [8]  DA A0 00 01 0F FF 7F F8
17:13:12.530  CAN2  335       [8]  00 02 00 1C FD 8E F0 00
17:13:12.530  CAN2  632       [8]  04 01 52 01 01 FF FF FF
17:13:12.530  CAN2  121       [8]  97 90 2A A9 6A 8A AA 00
17:13:12.530  CAN2  23A       [8]  60 A0 00 00 00 00 00 00
17:13:12.530  CAN2  247       [8]  00 06 00 00 18 09 08 88
17:13:12.530  CAN2  256       [8]  4F 10 00 61 25 2B AC 44
17:13:12.530  CAN2  29A       [8]  11 0C 00 00 11 01 01 00
17:13:12.530  CAN2  2AB       [8]  00 00 00 00 00 03 2B FE
17:13:12.530  CAN2  2CD       [8]  C8 00 28 00 00 10 40 03
17:13:12.530  CAN2  636       [8]  04 01 52 01 01 FF FF FF
17:13:12.530  CAN2  117       [8]  92 40 00 00 57 00 00 D7
17:13:12.530  CAN2  124       [8]  98 90 00 15 55 2A A8 00
17:13:12.530  CAN2  1AE       [8]  CA B0 00 01 0F FF 7F F8
17:13:12.530  CAN2  121       [8]  41 A0 2A A9 6A 8A AA 00
17:13:12.530  CAN2  23A       [8]  50 B0 00 00 00 00 00 00
17:13:12.530  CAN2  249       [8]  00 00 00 00 00 00 00 00
17:13:12.530  CAN2  3E1       [8]  00 00 00 00 00 00 00 00
17:13:12.530  CAN2  117       [8]  A2 40 00 00 57 00 00 C7
17:13:12.530  CAN2  124       [8]  4E A0 00 15 55 2A A8 00
17:13:12.530  CAN2  1AE       [8]  BA C0 00 01 0F FF 7F F8
17:13:12.530  CAN2  121       [8]  F8 B0 2A A9 6A 8A AA 00
17:13:12.530  CAN2  23A       [8]  40 C0 00 00 00 00 00 00
17:13:12.530  CAN2  3B7       [8]  00 41 41 22 22 F9 00 00
17:13:12.530  CAN2  3B7       [8]  01 3F 7F BF 7F 1E 75 00
17:13:12.530  CAN2  3B7       [8]  02 00 00 00 94 11 00 00
17:13:12.530  CAN2  3B7       [8]  03 00 00 9A 99 99 99 00
17:13:12.530  CAN2  3B7       [8]  04 07 CB 07 C6 0A F8 00
17:13:12.530  CAN2  3E5       [8]  10 00 00 00 00 00 00 00
17:13:12.530  CAN2  3B7       [8]  05 12 01 11 00 00 00 01
17:13:12.530  CAN2  117       [8]  B2 40 00 00 57 00 00 B7
17:13:12.530  CAN2  124       [8]  F7 B0 00 15 55 2A A8 00
17:13:12.553  CAN2  1AE       [8]  AA D0 00 01 0F FF 7F F8
17:13:12.553  CAN2  2B2       [8]  E2 D0 00 00 41 00 90 41
17:13:12.553  CAN2  3B1       [8]  00 00 00 01 00 00 00 A0
17:13:12.553  CAN2  3B3       [8]  10 20 00 00 00 85 5F 00
17:13:12.553  CAN2  435       [8]  00 00 00 00 00 00 00 00
17:13:12.553  CAN2  2C1       [8]  00 09 00 00 0F 00 00 00
17:13:12.553  CAN2  42D       [8]  00 08 00 00 00 00 12 40
17:13:12.553  CAN2  121       [8]  F0 C0 2A A9 6A 8A AA 00
17:13:12.553  CAN2  23A       [8]  30 D0 00 00 00 00 00 00
17:13:12.553  CAN2  359       [8]  00 28 5D C0 FF 00 02 00
17:13:12.553  CAN2  583       [8]  51 00 11 2C 6D A0 12 0E
17:13:12.553  CAN2  117       [8]  C2 40 00 00 57 00 00 A7
17:13:12.553  CAN2  124       [8]  FF C0 00 15 55 2A A8 00
17:13:12.553  CAN2  1AE       [8]  9A E0 00 01 0F FF 7F F8
17:13:12.553  CAN2  20E       [8]  00 01 00 00 00 13 61 04
17:13:12.553  CAN2  3BD       [8]  00 00 00 00 00 00 00 00
17:13:12.553  CAN2  121       [8]  49 D0 2A A9 6A 8A AA 00
17:13:12.553  CAN2  23A       [8]  20 E0 00 00 00 00 00 00
17:13:12.553  CAN2  520       [8]  50 00 32 44 00 00 00 00
17:13:12.553  CAN2  517       [8]  FF 01 0E 00 92 00 4D 41
17:13:12.553  CAN2  518       [8]  00 05 FF 00 00 FF 00 00
17:13:12.553  CAN2  117       [8]  D2 40 00 00 57 00 00 97
17:13:12.553  CAN2  124       [8]  46 D0 00 15 55 2A A8 00
17:13:12.553  CAN2  1AE       [8]  8A F0 00 01 0F FF 7F F8
17:13:12.553  CAN2  335       [8]  00 02 00 1C FD 8E F0 00
17:13:12.553  CAN2  631       [8]  04 03 48 01 01 00 00 00
17:13:12.553  CAN2  121       [8]  9F E0 2A A9 6A 8A AA 00
17:13:12.553  CAN2  23A       [8]  10 F0 00 00 00 00 00 00
17:13:12.553  CAN2  247       [8]  00 06 00 00 18 09 08 88
17:13:12.553  CAN2  29A       [8]  11 0C 00 00 11 01 01 00
17:13:12.553  CAN2  2AB       [8]  00 00 00 00 00 03 2B FE
17:13:12.553  CAN2  2CD       [8]  C8 00 28 00 00 10 40 03
17:13:12.589  CAN2  117       [8]  E2 40 00 00 57 00 00 87
17:13:12.589  CAN2  124       [8]  90 E0 00 15 55 2A A8 00
17:13:12.589  CAN2  1AE       [8]  7A 00 00 01 0F FF 7F F8
17:13:12.589  CAN2  121       [8]  26 F0 2A A9 6A 8A AA 00
17:13:12.589  CAN2  23A       [8]  00 00 00 00 00 00 00 00
17:13:12.589  CAN2  249       [8]  00 00 00 00 00 00 00 00
17:13:12.589  CAN2  117       [8]  F2 40 00 00 57 00 00 77
17:13:12.589  CAN2  124       [8]  29 F0 00 15 55 2A A8 00
17:13:12.589  CAN2  1AE       [8]  6A 10 00 01 0F FF 7F F8
17:13:12.589  CAN2  3E1       [8]  00 00 00 00 00 00 00 00
17:13:12.589  CAN2  121       [8]  8F 00 2A A9 6A 8A AA 00
17:13:12.589  CAN2  23A       [8]  F0 10 00 00 00 00 00 00
17:13:12.589  CAN2  3B7       [8]  00 41 41 22 22 F9 00 00
17:13:12.589  CAN2  3B7       [8]  01 3F 7F BF 7F 1E 75 00
17:13:12.589  CAN2  3B7       [8]  02 00 00 00 94 11 00 00
17:13:12.589  CAN2  3B7       [8]  03 00 00 9A 99 99 99 00
17:13:12.589  CAN2  3E5       [8]  10 00 00 00 00 00 00 00
17:13:12.589  CAN2  3B7       [8]  04 07 CB 07 C5 0A F8 00
17:13:12.589  CAN2  3B7       [8]  05 12 01 11 00 00 00 01
17:13:12.589  CAN2  117       [8]  02 40 00 00 57 00 00 67
17:13:12.589  CAN2  124       [8]  80 00 00 15 55 2A A8 00
17:13:12.589  CAN2  1AE       [8]  5A 20 00 01 0F FF 7F F8
17:13:12.589  CAN2  3B1       [8]  00 00 00 01 00 00 00 A0
17:13:12.589  CAN2  3B3       [8]  10 20 00 00 00 85 5F 00
17:13:12.589  CAN2  409       [8]  0A 02 00 00 00 00 00 00
17:13:12.589  CAN2  121       [8]  36 10 2A A9 6A 8A AA 00
17:13:12.589  CAN2  23A       [8]  E0 20 00 00 00 00 00 00
17:13:12.589  CAN2  583       [8]  51 00 11 2C 6D A0 12 0E
17:13:12.589  CAN2  2C1       [8]  00 09 00 00 0F 00 00 00
17:13:12.589  CAN2  117       [8]  12 40 00 00 57 00 00 57
17:13:12.589  CAN2  124       [8]  39 10 00 15 55 2A A8 00
17:13:12.589  CAN2  1AE       [8]  4A 30 00 01 0F FF 7F F8
17:13:12.625  CAN2  20E       [8]  00 01 00 00 00 13 61 04
17:13:12.625  CAN2  3BD       [8]  00 00 00 00 00 00 00 00
17:13:12.625  CAN2  121       [8]  E0 20 2A A9 6A 8A AA 00
17:13:12.625  CAN2  23A       [8]  D0 30 00 00 00 00 00 00
17:13:12.625  CAN2  520       [8]  50 00 32 44 00 00 00 00
17:13:12.625  CAN2  517       [8]  FF 01 0E 00 92 00 4D 41
17:13:12.625  CAN2  518       [8]  00 05 FF 00 00 FF 00 00
17:13:12.625  CAN2  117       [8]  22 40 00 00 57 00 00 47
17:13:12.625  CAN2  124       [8]  EF 20 00 15 55 2A A8 00
17:13:12.625  CAN2  1AE       [8]  3A 40 00 01 0F FF 7F F8
17:13:12.625  CAN2  335       [8]  00 02 00 1C FD 8E F0 00
17:13:12.625  CAN2  121       [8]  59 30 2A A9 6A 8A AA 00
17:13:12.625  CAN2  23A       [8]  C0 40 00 00 00 00 00 00
17:13:12.625  CAN2  247       [8]  00 06 00 00 18 09 08 88
17:13:12.625  CAN2  256       [8]  4E 10 00 61 25 2B AD 44
17:13:12.625  CAN2  29A       [8]  11 0C 00 00 11 01 01 00
17:13:12.625  CAN2  2AB       [8]  00 00 00 00 00 03 2B FE
17:13:12.625  CAN2  2CD       [8]  C8 00 28 00 00 10 40 03
17:13:12.625  CAN2  117       [8]  32 40 00 00 57 00 00 37
17:13:12.625  CAN2  124       [8]  56 30 00 15 55 2A A8 00
17:13:12.625  CAN2  1AE       [8]  2A 50 00 01 0F FF 7F F8
17:13:12.625  CAN2  121       [8]  51 40 2A A9 6A 8A AA 00
17:13:12.625  CAN2  23A       [8]  B0 50 00 00 00 00 00 00
17:13:12.625  CAN2  249       [8]  00 00 00 00 00 00 00 00
17:13:12.625  CAN2  117       [8]  42 40 00 00 57 00 00 27
17:13:12.625  CAN2  124       [8]  5E 40 00 15 55 2A A8 00
17:13:12.625  CAN2  1AE       [8]  1A 60 00 01 0F FF 7F F8
17:13:12.625  CAN2  3E1       [8]  00 00 00 00 00 00 00 00
17:13:12.625  CAN2  121       [8]  E8 50 2A A9 6A 8A AA 00
17:13:12.625  CAN2  23A       [8]  A0 60 00 00 00 00 00 00
17:13:12.625  CAN2  3B7       [8]  00 41 41 22 22 F9 00 00
17:13:12.625  CAN2  3B7       [8]  01 3F 7F BF 7F 1E 75 00
17:13:12.650  CAN2  3B7       [8]  02 00 00 00 94 11 00 00
17:13:12.650  CAN2  3B7       [8]  03 00 00 9A 99 99 99 00
17:13:12.650  CAN2  3E5       [8]  10 00 00 00 00 00 00 00
17:13:12.650  CAN2  3B7       [8]  04 07 CB 07 C5 0A F8 00
17:13:12.650  CAN2  3B7       [8]  05 12 01 11 00 00 00 01
17:13:12.650  CAN2  117       [8]  52 40 00 00 57 00 00 17
17:13:12.650  CAN2  124       [8]  E7 50 00 15 55 2A A8 00
17:13:12.650  CAN2  1AE       [8]  0A 70 00 01 0F FF 7F F8
17:13:12.650  CAN2  2B2       [8]  F2 E0 00 00 41 00 90 41
17:13:12.650  CAN2  3B1       [8]  00 00 00 01 00 00 00 A0
17:13:12.650  CAN2  3B3       [8]  10 20 00 00 00 85 5F 00
17:13:12.650  CAN2  435       [8]  00 00 00 00 00 00 00 00
17:13:12.650  CAN2  42D       [8]  00 08 00 00 00 00 12 40
17:13:12.650  CAN2  121       [8]  3E 60 2A A9 6A 8A AA 00
17:13:12.650  CAN2  23A       [8]  90 70 00 00 00 00 00 00
17:13:12.650  CAN2  359       [8]  00 28 5D C0 FF 00 02 00
17:13:12.650  CAN2  583       [8]  51 00 11 2C 6D A0 12 0E
17:13:12.650  CAN2  117       [8]  62 40 00 00 57 00 00 07
17:13:12.650  CAN2  124       [8]  31 60 00 15 55 2A A8 00
17:13:12.650  CAN2  1AE       [8]  FA 80 00 01 0F FF 7F F8
17:13:12.650  CAN2  20E       [8]  00 01 00 00 00 13 61 04
17:13:12.650  CAN2  2C1       [8]  00 09 00 00 0F 00 00 00
17:13:12.650  CAN2  3BD       [8]  00 00 00 00 00 00 00 00
17:13:12.650  CAN2  121       [8]  87 70 2A A9 6A 8A AA 00
17:13:12.650  CAN2  23A       [8]  80 80 00 00 00 00 00 00
17:13:12.650  CAN2  520       [8]  50 00 32 44 00 00 00 00
17:13:12.650  CAN2  517       [8]  FF 01 0E 00 92 00 4D 41
17:13:12.650  CAN2  518       [8]  00 05 FF 00 00 FF 00 00
17:13:12.650  CAN2  117       [8]  72 40 00 00 57 00 00 F7
17:13:12.650  CAN2  124       [8]  88 70 00 15 55 2A A8 00
17:13:12.650  CAN2  1AE       [8]  EA 90 00 01 0F FF 7F F8
17:13:12.650  CAN2  335       [8]  00 02 00 1C FD 8E F0 00
17:13:12.686  CAN2  121       [8]  2E 80 2A A9 6A 8A AA 00
17:13:12.686  CAN2  23A       [8]  70 90 00 00 00 00 00 00
17:13:12.686  CAN2  247       [8]  00 06 00 00 18 09 08 88
17:13:12.686  CAN2  29A       [8]  11 0C 00 00 11 01 01 00
17:13:12.686  CAN2  2AB       [8]  00 00 00 00 00 03 2B FE
17:13:12.686  CAN2  2CD       [8]  C8 00 28 00 00 10 40 03
17:13:12.686  CAN2  117       [8]  82 40 00 00 57 00 00 E7
17:13:12.686  CAN2  124       [8]  21 80 00 15 55 2A A8 00
17:13:12.686  CAN2  1AE       [8]  DA A0 00 01 0F FF 7F F8
17:13:12.686  CAN2  121       [8]  97 90 2A A9 6A 8A AA 00
17:13:12.686  CAN2  23A       [8]  60 A0 00 00 00 00 00 00
17:13:12.686  CAN2  249       [8]  00 00 00 00 00 00 00 00
17:13:12.686  CAN2  117       [8]  92 40 00 00 57 00 00 D7
17:13:12.686  CAN2  124       [8]  98 90 00 15 55 2A A8 00
17:13:12.686  CAN2  1AE       [8]  CA B0 00 01 0F FF 7F F8
17:13:12.686  CAN2  3E1       [8]  00 00 00 00 00 00 00 00
17:13:12.686  CAN2  121       [8]  41 A0 2A A9 6A 8A AA 00
17:13:12.686  CAN2  23A       [8]  50 B0 00 00 00 00 00 00
17:13:12.686  CAN2  3B7       [8]  00 41 41 22 22 F9 00 00
17:13:12.686  CAN2  3B7       [8]  01 3F 7F BF 7F 1E 75 00
17:13:12.686  CAN2  3B7       [8]  02 00 00 00 94 11 00 00
17:13:12.686  CAN2  3B7       [8]  03 00 00 9A 99 99 99 00
17:13:12.686  CAN2  3B7       [8]  04 07 CB 07 C5 0A F8 00
17:13:12.686  CAN2  3E5       [8]  10 00 00 00 00 00 00 00
17:13:12.686  CAN2  3B7       [8]  05 12 01 11 00 00 00 01
17:13:12.686  CAN2  117       [8]  A2 40 00 00 57 00 00 C7
17:13:12.686  CAN2  124       [8]  4E A0 00 15 55 2A A8 00
17:13:12.686  CAN2  1AE       [8]  BA C0 00 01 0F FF 7F F8
17:13:12.686  CAN2  3B1       [8]  00 00 00 01 00 00 00 A0
17:13:12.686  CAN2  3B3       [8]  10 20 00 00 00 85 5F 00
17:13:12.686  CAN2  40A       [8]  0D 02 00 00 00 00 00 00
17:13:12.686  CAN2  121       [8]  F8 B0 2A A9 6A 8A AA 00
17:13:12.712  CAN2  23A       [8]  40 C0 00 00 00 00 00 00
17:13:12.712  CAN2  583       [8]  51 00 11 2C 6D A0 12 0E
17:13:12.712  CAN2  117       [8]  B2 40 00 00 57 00 00 B7
17:13:12.712  CAN2  124       [8]  F7 B0 00 15 55 2A A8 00
17:13:12.712  CAN2  1AE       [8]  AA D0 00 01 0F FF 7F F8
17:13:12.712  CAN2  20E       [8]  00 01 00 00 00 13 61 04
17:13:12.712  CAN2  3BD       [8]  00 00 00 00 00 00 00 00
17:13:12.712  CAN2  121       [8]  F0 C0 2A A9 6A 8A AA 00
17:13:12.712  CAN2  23A       [8]  30 D0 00 00 00 00 00 00
17:13:12.712  CAN2  520       [8]  50 00 32 44 00 00 00 00
17:13:12.712  CAN2  2C1       [8]  00 09 00 00 0F 00 00 00
17:13:12.712  CAN2  517       [8]  FF 01 0E 00 92 00 4D 41
17:13:12.712  CAN2  518       [8]  00 05 FF 00 00 FF 00 00
17:13:12.712  CAN2  117       [8]  C2 40 00 00 57 00 00 A7
17:13:12.712  CAN2  124       [8]  FF C0 00 15 55 2A A8 00
17:13:12.712  CAN2  1AE       [8]  9A E0 00 01 0F FF 7F F8
17:13:12.712  CAN2  335       [8]  00 02 00 1C FD 8E F0 00
17:13:12.712  CAN2  632       [8]  04 01 52 01 01 FF FF FF
17:13:12.712  CAN2  121       [8]  49 D0 2A A9 6A 8A AA 00
17:13:12.712  CAN2  23A       [8]  20 E0 00 00 00 00 00 00
17:13:12.712  CAN2  247       [8]  00 06 00 00 18 09 08 88
17:13:12.712  CAN2  256       [8]  4D 10 00 61 25 2B AE 44
17:13:12.712  CAN2  29A       [8]  11 0C 00 00 11 01 01 00
17:13:12.712  CAN2  2AB       [8]  00 00 00 00 00 03 2B FE
17:13:12.712  CAN2  2CD       [8]  C8 00 28 00 00 10 40 03
17:13:12.712  CAN2  636       [8]  04 01 52 01 01 FF FF FF
17:13:12.712  CAN2  117       [8]  D2 40 00 00 57 00 00 97
17:13:12.712  CAN2  124       [8]  46 D0 00 15 55 2A A8 00
17:13:12.712  CAN2  1AE       [8]  8A F0 00 01 0F FF 7F F8
17:13:12.712  CAN2  121       [8]  9F E0 2A A9 6A 8A AA 00
17:13:12.712  CAN2  23A       [8]  10 F0 00 00 00 00 00 00
17:13:12.712  CAN2  249       [8]  00 00 00 00 00 00 00 00
17:13:12.748  CAN2  117       [8]  E2 40 00 00 57 00 00 87
17:13:12.748  CAN2  124       [8]  90 E0 00 15 55 2A A8 00
17:13:12.748  CAN2  1AE       [8]  7A 00 00 01 0F FF 7F F8
17:13:12.748  CAN2  121       [8]  26 F0 2A A9 6A 8A AA 00
17:13:12.748  CAN2  23A       [8]  00 00 00 00 00 00 00 00
17:13:12.748  CAN2  3B7       [8]  00 41 41 22 22 F9 00 00
17:13:12.748  CAN2  3B7       [8]  01 3F 7F BF 7F 1E 75 00
17:13:12.748  CAN2  3E1       [8]  00 00 00 00 00 00 00 00
17:13:12.748  CAN2  3B7       [8]  02 00 00 00 94 11 00 00
17:13:12.748  CAN2  3B7       [8]  03 00 00 9A 99 99 99 00
17:13:12.748  CAN2  3E5       [8]  10 00 00 00 00 00 00 00
17:13:12.748  CAN2  3B7       [8]  04 07 CB 07 C6 0A F8 00
17:13:12.748  CAN2  3B7       [8]  05 12 01 11 00 00 00 01
17:13:12.748  CAN2  117       [8]  F2 40 00 00 57 00 00 77
17:13:12.748  CAN2  124       [8]  29 F0 00 15 55 2A A8 00
17:13:12.748  CAN2  1AE       [8]  6A 10 00 01 0F FF 7F F8
17:13:12.748  CAN2  2B2       [8]  02 F0 00 00 41 00 90 41
17:13:12.748  CAN2  3B1       [8]  00 00 00 01 00 00 00 A0
17:13:12.748  CAN2  3B3       [8]  10 20 00 00 00 85 5F 00
17:13:12.748  CAN2  435       [8]  00 00 00 00 00 00 00 00
17:13:12.748  CAN2  42D       [8]  00 08 00 00 00 00 12 40
17:13:12.748  CAN2  121       [8]  8F 00 2A A9 6A 8A AA 00
17:13:12.748  CAN2  23A       [8]  F0 10 00 00 00 00 00 00
17:13:12.748  CAN2  359       [8]  00 28 5D C0 FF 00 02 00
17:13:12.748  CAN2  583       [8]  51 00 11 2C 6D A0 12 0E
17:13:12.748  CAN2  117       [8]  02 40 00 00 57 00 00 67
17:13:12.748  CAN2  124       [8]  80 00 00 15 55 2A A8 00
17:13:12.748  CAN2  1AE       [8]  5A 20 00 01 0F FF 7F F8
17:13:12.748  CAN2  20E       [8]  00 01 00 00 00 13 61 04
17:13:12.748  CAN2  3BD       [8]  00 00 00 00 00 00 00 00
17:13:12.748  CAN2  121       [8]  36 10 2A A9 6A 8A AA 00
17:13:12.748  CAN2  23A       [8]  E0 20 00 00 00 00 00 00
17:13:12.784  CAN2  520       [8]  50 00 32 44 00 00 00 00
17:13:12.784  CAN2  517       [8]  FF 01 0E 00 92 00 4D 41
17:13:12.784  CAN2  518       [8]  00 05 FF 00 00 FF 00 00
17:13:12.784  CAN2  117       [8]  12 40 00 00 57 00 00 57
17:13:12.784  CAN2  124       [8]  39 10 00 15 55 2A A8 00
17:13:12.784  CAN2  1AE       [8]  4A 30 00 01 0F FF 7F F8
17:13:12.784  CAN2  335       [8]  00 02 00 1C FD 8E F0 00
17:13:12.784  CAN2  631       [8]  04 03 48 01 01 00 00 00
17:13:12.784  CAN2  2C1       [8]  00 09 00 00 0F 00 00 00
17:13:12.784  CAN2  121       [8]  E0 20 2A A9 6A 8A AA 00
17:13:12.784  CAN2  23A       [8]  D0 30 00 00 00 00 00 00
17:13:12.784  CAN2  247       [8]  00 06 00 00 18 09 08 88
17:13:12.784  CAN2  602       [8]  00 00 00 00 00 00 00 00
17:13:12.784  CAN2  29A       [8]  11 0C 00 00 11 01 01 00
17:13:12.784  CAN2  2AB       [8]  00 00 00 00 00 03 2B FE
17:13:12.784  CAN2  2CD       [8]  C8 00 28 00 00 10 40 03
17:13:12.784  CAN2  117       [8]  22 40 00 00 57 00 00 47
17:13:12.784  CAN2  124       [8]  EF 20 00 15 55 2A A8 00
17:13:12.784  CAN2  1AE       [8]  3A 40 00 01 0F FF 7F F8
17:13:12.784  CAN2  121       [8]  59 30 2A A9 6A 8A AA 00
17:13:12.784  CAN2  23A       [8]  C0 40 00 00 00 00 00 00
17:13:12.784  CAN2  249       [8]  00 00 00 00 00 00 00 00
17:13:12.784  CAN2  117       [8]  32 40 00 00 57 00 00 37
17:13:12.784  CAN2  124       [8]  56 30 00 15 55 2A A8 00
17:13:12.784  CAN2  1AE       [8]  2A 50 00 01 0F FF 7F F8
17:13:12.784  CAN2  121       [8]  51 40 2A A9 6A 8A AA 00
17:13:12.784  CAN2  23A       [8]  B0 50 00 00 00 00 00 00
17:13:12.784  CAN2  3B7       [8]  00 41 41 22 22 F9 00 00
17:13:12.784  CAN2  3B7       [8]  01 3F 7F BF 7F 1E 75 00
17:13:12.784  CAN2  3B7       [8]  02 00 00 00 94 11 00 00
17:13:12.784  CAN2  3B7       [8]  03 00 00 9A 99 99 99 00
17:13:12.784  CAN2  3E1       [8]  00 00 00 00 00 00 00 00
17:13:12.808  CAN2  3B7       [8]  04 07 CB 07 C5 0A F8 00
17:13:12.808  CAN2  3E5       [8]  10 00 00 00 00 00 00 00
17:13:12.808  CAN2  3B7       [8]  05 12 01 11 00 00 00 01
17:13:12.808  CAN2  117       [8]  42 40 00 00 57 00 00 27
17:13:12.808  CAN2  124       [8]  5E 40 00 15 55 2A A8 00
17:13:12.808  CAN2  1AE       [8]  1A 60 00 01 0F FF 7F F8
17:13:12.808  CAN2  3B1       [8]  00 00 00 01 00 00 00 A0
17:13:12.808  CAN2  3B3       [8]  10 20 00 00 00 85 5F 00
17:13:12.808  CAN2  121       [8]  E8 50 2A A9 6A 8A AA 00
17:13:12.808  CAN2  23A       [8]  A0 60 00 00 00 00 00 00
17:13:12.808  CAN2  583       [8]  51 00 11 2C 6D A0 12 0E
17:13:12.808  CAN2  40D       [8]  01 02 00 00 00 00 00 00
17:13:12.808  CAN2  117       [8]  52 40 00 00 57 00 00 17
17:13:12.808  CAN2  124       [8]  E7 50 00 15 55 2A A8 00
17:13:12.808  CAN2  1AE       [8]  0A 70 00 01 0F FF 7F F8
17:13:12.808  CAN2  20E       [8]  00 01 00 00 00 13 61 04
17:13:12.808  CAN2  3BD       [8]  00 00 00 00 00 00 00 00
17:13:12.808  CAN2  121       [8]  3E 60 2A A9 6A 8A AA 00
17:13:12.808  CAN2  23A       [8]  90 70 00 00 00 00 00 00
17:13:12.808  CAN2  520       [8]  50 00 32 44 00 00 00 00
17:13:12.808  CAN2  517       [8]  FF 01 0E 00 92 00 4D 41
17:13:12.808  CAN2  518       [8]  00 05 FF 00 00 FF 00 00
17:13:12.808  CAN2  117       [8]  62 40 00 00 57 00 00 07
17:13:12.808  CAN2  124       [8]  31 60 00 15 55 2A A8 00
17:13:12.808  CAN2  1AE       [8]  FA 80 00 01 0F FF 7F F8
17:13:12.808  CAN2  335       [8]  00 02 00 1C FD 8E F0 00
17:13:12.808  CAN2  121       [8]  87 70 2A A9 6A 8A AA 00
17:13:12.808  CAN2  23A       [8]  80 80 00 00 00 00 00 00
17:13:12.808  CAN2  247       [8]  00 06 00 00 18 09 08 88
17:13:12.808  CAN2  256       [8]  4C 10 00 61 25 2B AF 44
17:13:12.808  CAN2  29A       [8]  11 0C 00 00 11 01 01 00
17:13:12.808  CAN2  2AB       [8]  00 00 00 00 00 03 2B FE
17:13:12.832  CAN2  2CD       [8]  C8 00 28 00 00 10 40 03
17:13:12.832  CAN2  117       [8]  72 40 00 00 57 00 00 F7
17:13:12.832  CAN2  124       [8]  88 70 00 15 55 2A A8 00
17:13:12.832  CAN2  1AE       [8]  EA 90 00 01 0F FF 7F F8
17:13:12.832  CAN2  2C1       [8]  00 09 00 00 0F 00 00 00
17:13:12.832  CAN2  121       [8]  2E 80 2A A9 6A 8A AA 00
17:13:12.832  CAN2  23A       [8]  70 90 00 00 00 00 00 00
17:13:12.832  CAN2  249       [8]  00 00 00 00 00 00 00 00
17:13:12.832  CAN2  117       [8]  82 40 00 00 57 00 00 E7
17:13:12.832  CAN2  124       [8]  21 80 00 15 55 2A A8 00
17:13:12.832  CAN2  1AE       [8]  DA A0 00 01 0F FF 7F F8
17:13:12.832  CAN2  121       [8]  97 90 2A A9 6A 8A AA 00
17:13:12.832  CAN2  23A       [8]  60 A0 00 00 00 00 00 00
17:13:12.832  CAN2  3B7       [8]  00 41 41 22 22 F9 00 00
17:13:12.832  CAN2  3B7       [8]  01 3F 7F BF 7F 1E 75 00
17:13:12.832  CAN2  3B7       [8]  02 00 00 00 94 11 00 00
17:13:12.832  CAN2  3B7       [8]  03 00 00 9A 99 99 99 00
17:13:12.832  CAN2  3E5       [8]  10 00 00 00 00 00 00 00
17:13:12.832  CAN2  3B7       [8]  04 07 CB 07 C6 0A F9 00
17:13:12.832  CAN2  3B7       [8]  05 12 01 11 00 00 00 01
17:13:12.832  CAN2  117       [8]  92 40 00 00 57 00 00 D7
17:13:12.832  CAN2  124       [8]  98 90 00 15 55 2A A8 00
17:13:12.832  CAN2  1AE       [8]  CA B0 00 01 0F FF 7F F8
17:13:12.832  CAN2  2B2       [8]  12 00 00 00 41 00 90 41
17:13:12.832  CAN2  3E1       [8]  00 00 00 00 00 00 00 00
17:13:12.832  CAN2  3C2       [8]  00 00 00 42 00 00 00 09
17:13:12.832  CAN2  3B1       [8]  00 00 00 01 00 00 00 A0
17:13:12.832  CAN2  3B3       [8]  10 20 00 00 00 85 5F 00
17:13:12.832  CAN2  435       [8]  00 00 00 00 00 00 00 00
17:13:12.832  CAN2  42D       [8]  00 08 00 00 00 00 12 40
17:13:12.832  CAN2  121       [8]  41 A0 2A A9 6A 8A AA 00
17:13:12.832  CAN2  23A       [8]  50 B0 00 00 00 00 00 00
17:13:12.867  CAN2  359       [8]  00 28 5D C0 FF 00 02 00
17:13:12.867  CAN2  583       [8]  51 00 11 2C 6D A0 12 0E
17:13:12.867  CAN2  117       [8]  A2 40 00 00 57 00 00 C7
17:13:12.867  CAN2  124       [8]  4E A0 00 15 55 2A A8 00
17:13:12.867  CAN2  1AE       [8]  BA C0 00 01 0F FF 7F F8
17:13:12.867  CAN2  20E       [8]  00 01 00 00 00 13 61 04
17:13:12.867  CAN2  3BD       [8]  00 00 00 00 00 00 00 00
17:13:12.867  CAN2  121       [8]  F8 B0 2A A9 6A 8A AA 00
17:13:12.867  CAN2  23A       [8]  40 C0 00 00 00 00 00 00
17:13:12.867  CAN2  520       [8]  50 00 32 44 00 00 00 00
17:13:12.867  CAN2  517       [8]  FF 01 0E 00 92 00 4D 41
17:13:12.867  CAN2  518       [8]  00 05 FF 00 00 FF 00 00
17:13:12.867  CAN2  117       [8]  B2 40 00 00 57 00 00 B7
17:13:12.867  CAN2  124       [8]  F7 B0 00 15 55 2A A8 00
17:13:12.867  CAN2  1AE       [8]  AA D0 00 01 0F FF 7F F8
17:13:12.867  CAN2  335       [8]  00 02 00 1C FD 8E F0 00
17:13:12.867  CAN2  121       [8]  F0 C0 2A A9 6A 8A AA 00
17:13:12.867  CAN2  23A       [8]  30 D0 00 00 00 00 00 00
17:13:12.867  CAN2  247       [8]  00 06 00 00 18 09 08 88
17:13:12.867  CAN2  29A       [8]  11 0C 00 00 11 01 01 00
17:13:12.867  CAN2  2AB       [8]  00 00 00 00 00 03 2B FE
17:13:12.867  CAN2  2CD       [8]  C8 00 28 00 00 10 40 03
17:13:12.867  CAN2  117       [8]  C2 40 00 00 57 00 00 A7
17:13:12.867  CAN2  124       [8]  FF C0 00 15 55 2A A8 00
17:13:12.867  CAN2  1AE       [8]  9A E0 00 01 0F FF 7F F8
17:13:12.867  CAN2  121       [8]  49 D0 2A A9 6A 8A AA 00
17:13:12.867  CAN2  23A       [8]  20 E0 00 00 00 00 00 00
17:13:12.867  CAN2  249       [8]  00 00 00 00 00 00 00 00
17:13:12.867  CAN2  2C1       [8]  00 09 00 00 0F 00 00 00
17:13:12.867  CAN2  117       [8]  D2 40 00 00 57 00 00 97
17:13:12.867  CAN2  124       [8]  46 D0 00 15 55 2A A8 00
17:13:12.867  CAN2  1AE       [8]  8A F0 00 01 0F FF 7F F8
17:13:12.902  CAN2  580       [8]  7E A5 02 13 0D 4D 00 00
17:13:12.902  CAN2  121       [8]  9F E0 2A A9 6A 8A AA 00
17:13:12.902  CAN2  23A       [8]  10 F0 00 00 00 00 00 00
17:13:12.902  CAN2  3B7       [8]  00 41 41 22 22 F9 00 00
17:13:12.902  CAN2  3B7       [8]  01 3F 7F BF 7F 1E 75 00
17:13:12.902  CAN2  3B7       [8]  02 00 00 00 94 11 00 00
17:13:12.902  CAN2  3B7       [8]  03 00 00 9A 99 99 99 00
17:13:12.902  CAN2  3E5       [8]  10 00 00 00 00 00 00 00
17:13:12.902  CAN2  3B7       [8]  04 07 CB 07 C5 0A F9 00
17:13:12.902  CAN2  3B7       [8]  05 12 01 11 00 00 00 01
17:13:12.902  CAN2  117       [8]  E2 40 00 00 57 00 00 87
17:13:12.902  CAN2  124       [8]  90 E0 00 15 55 2A A8 00
17:13:12.902  CAN2  1AE       [8]  7A 00 00 01 0F FF 7F F8
17:13:12.902  CAN2  3B1       [8]  00 00 00 01 00 00 00 A0
17:13:12.902  CAN2  3B3       [8]  10 20 00 00 00 85 5F 00
17:13:12.902  CAN2  3E1       [8]  00 00 00 00 00 00 00 00
17:13:12.902  CAN2  121       [8]  26 F0 2A A9 6A 8A AA 00
17:13:12.902  CAN2  23A       [8]  00 00 00 00 00 00 00 00
17:13:12.902  CAN2  583       [8]  51 00 11 2C 6D A0 12 0E
17:13:12.902  CAN2  117       [8]  F2 40 00 00 57 00 00 77
17:13:12.902  CAN2  124       [8]  29 F0 00 15 55 2A A8 00
17:13:12.902  CAN2  1AE       [8]  6A 10 00 01 0F FF 7F F8
17:13:12.902  CAN2  20E       [8]  00 01 00 00 00 13 61 04
17:13:12.902  CAN2  3BD       [8]  00 00 00 00 00 00 00 00
17:13:12.902  CAN2  121       [8]  8F 00 2A A9 6A 8A AA 00
17:13:12.902  CAN2  23A       [8]  F0 10 00 00 00 00 00 00
17:13:12.902  CAN2  520       [8]  50 00 32 44 00 00 00 00
17:13:12.902  CAN2  401       [8]  02 02 00 00 00 00 00 00
17:13:12.902  CAN2  517       [8]  FF 01 0E 00 92 00 4D 41
17:13:12.902  CAN2  518       [8]  00 05 FF 00 00 FF 00 00
17:13:12.902  CAN2  117       [8]  02 40 00 00 57 00 00 67
17:13:12.902  CAN2  124       [8]  80 00 00 15 55 2A A8 00
17:13:12.937  CAN2  1AE       [8]  5A 20 00 01 0F FF 7F F8
17:13:12.937  CAN2  335       [8]  00 02 00 1C FD 8E F0 00
17:13:12.937  CAN2  121       [8]  36 10 2A A9 6A 8A AA 00
17:13:12.937  CAN2  23A       [8]  E0 20 00 00 00 00 00 00
17:13:12.937  CAN2  247       [8]  00 06 00 00 18 09 08 88
17:13:12.937  CAN2  256       [8]  5B 10 00 61 25 2B A0 44
17:13:12.937  CAN2  29A       [8]  11 0C 00 00 11 01 01 00
17:13:12.937  CAN2  2AB       [8]  00 00 00 00 00 03 2B FE
17:13:12.937  CAN2  2CD       [8]  C8 00 28 00 00 10 40 03
17:13:12.937  CAN2  632       [8]  04 01 52 01 01 FF FF FF
17:13:12.937  CAN2  636       [8]  04 01 52 01 01 FF FF FF
17:13:12.937  CAN2  117       [8]  12 40 00 00 57 00 00 57
17:13:12.937  CAN2  124       [8]  39 10 00 15 55 2A A8 00
17:13:12.937  CAN2  1AE       [8]  4A 30 00 01 0F FF 7F F8
17:13:12.937  CAN2  121       [8]  E0 20 2A A9 6A 8A AA 00
17:13:12.937  CAN2  23A       [8]  D0 30 00 00 00 00 00 00
17:13:12.937  CAN2  249       [8]  00 00 00 00 00 00 00 00
17:13:12.937  CAN2  117       [8]  22 40 00 00 57 00 00 47
17:13:12.937  CAN2  124       [8]  EF 20 00 15 55 2A A8 00
17:13:12.937  CAN2  1AE       [8]  3A 40 00 01 0F FF 7F F8
17:13:12.937  CAN2  2C1       [8]  00 09 00 00 0F 00 00 00
17:13:12.937  CAN2  121       [8]  59 30 2A A9 6A 8A AA 00
17:13:12.937  CAN2  23A       [8]  C0 40 00 00 00 00 00 00
17:13:12.937  CAN2  3B7       [8]  00 41 41 22 22 F9 00 00
17:13:12.937  CAN2  3B7       [8]  01 3F 7F BF 7F 1E 75 00
17:13:12.937  CAN2  3B7       [8]  02 00 00 00 94 11 00 00
17:13:12.937  CAN2  3B7       [8]  03 00 00 9A 99 99 99 00
17:13:12.937  CAN2  3E5       [8]  10 00 00 00 00 00 00 00
17:13:12.937  CAN2  3B7       [8]  04 07 CB 07 C6 0A F8 00
17:13:12.937  CAN2  3B7       [8]  05 12 01 11 00 00 00 01
17:13:12.937  CAN2  117       [8]  32 40 00 00 57 00 00 37
17:13:12.937  CAN2  124       [8]  56 30 00 15 55 2A A8 00
17:13:12.960  CAN2  1AE       [8]  2A 50 00 01 0F FF 7F F8
17:13:12.960  CAN2  2B2       [8]  22 10 00 00 41 00 90 41
17:13:12.960  CAN2  3B1       [8]  00 00 00 01 00 00 00 A0
17:13:12.960  CAN2  3B3       [8]  10 20 00 00 00 85 5F 00
17:13:12.960  CAN2  435       [8]  00 00 00 00 00 00 00 00
17:13:12.960  CAN2  42D       [8]  00 08 00 00 00 00 12 40
17:13:12.960  CAN2  3E1       [8]  00 00 00 00 00 00 00 00
17:13:12.960  CAN2  121       [8]  51 40 2A A9 6A 8A AA 00
17:13:12.960  CAN2  23A       [8]  B0 50 00 00 00 00 00 00
17:13:12.960  CAN2  359       [8]  00 28 5D C0 FF 00 02 00
17:13:12.960  CAN2  583       [8]  51 00 11 2C 6D A0 12 0E
17:13:12.960  CAN2  117       [8]  42 40 00 00 57 00 00 27
17:13:12.960  CAN2  124       [8]  5E 40 00 15 55 2A A8 00
17:13:12.960  CAN2  1AE       [8]  1A 60 00 01 0F FF 7F F8
17:13:12.960  CAN2  20E       [8]  00 01 00 00 00 13 61 04
17:13:12.960  CAN2  3BD       [8]  00 00 00 00 00 00 00 00
17:13:12.960  CAN2  121       [8]  E8 50 2A A9 6A 8A AA 00
17:13:12.960  CAN2  23A       [8]  A0 60 00 00 00 00 00 00
17:13:12.960  CAN2  520       [8]  50 00 32 44 00 00 00 00
17:13:12.960  CAN2  517       [8]  FF 01 0E 00 92 00 4D 41
17:13:12.960  CAN2  518       [8]  00 05 FF 00 00 FF 00 00
17:13:12.960  CAN2  117       [8]  52 40 00 00 57 00 00 17
17:13:12.960  CAN2  124       [8]  E7 50 00 15 55 2A A8 00
17:13:12.960  CAN2  1AE       [8]  0A 70 00 01 0F FF 7F F8
17:13:12.960  CAN2  335       [8]  00 02 00 1C FD 8E F0 00
17:13:12.960  CAN2  631       [8]  04 03 48 01 01 00 00 00
17:13:12.960  CAN2  121       [8]  3E 60 2A A9 6A 8A AA 00
17:13:12.960  CAN2  23A       [8]  90 70 00 00 00 00 00 00
17:13:12.960  CAN2  247       [8]  00 06 00 00 18 09 08 88
17:13:12.960  CAN2  29A       [8]  11 0C 00 00 11 01 01 00
17:13:12.960  CAN2  2AB       [8]  00 00 00 00 00 03 2B FE
17:13:12.960  CAN2  2CD       [8]  C8 00 28 00 00 10 40 03
17:13:12.997  CAN2  117       [8]  62 40 00 00 57 00 00 07
17:13:12.997  CAN2  124       [8]  31 60 00 15 55 2A A8 00
17:13:12.997  CAN2  1AE       [8]  FA 80 00 01 0F FF 7F F8
17:13:12.997  CAN2  121       [8]  87 70 2A A9 6A 8A AA 00
17:13:12.997  CAN2  23A       [8]  80 80 00 00 00 00 00 00
17:13:12.997  CAN2  249       [8]  00 00 00 00 00 00 00 00
17:13:12.997  CAN2  117       [8]  72 40 00 00 57 00 00 F7
17:13:12.997  CAN2  124       [8]  88 70 00 15 55 2A A8 00
17:13:12.997  CAN2  1AE       [8]  EA 90 00 01 0F FF 7F F8
17:13:12.997  CAN2  121       [8]  2E 80 2A A9 6A 8A AA 00
17:13:12.997  CAN2  23A       [8]  70 90 00 00 00 00 00 00
17:13:12.997  CAN2  3B7       [8]  00 41 41 22 22 F9 00 00
17:13:12.997  CAN2  2C1       [8]  00 09 00 00 0F 00 00 00
17:13:12.997  CAN2  3B7       [8]  01 3F 7F BF 7F 1E 75 00
17:13:12.997  CAN2  3B7       [8]  02 00 00 00 94 11 00 00
17:13:12.997  CAN2  3B7       [8]  03 00 00 9A 99 99 99 00
17:13:12.997  CAN2  3E5       [8]  10 00 00 00 00 00 00 00
17:13:12.997  CAN2  3B7       [8]  04 07 CB 07 C5 0A F9 00
17:13:12.997  CAN2  3B7       [8]  05 12 01 11 00 00 00 01
17:13:12.997  CAN2  117       [8]  82 40 00 00 57 00 00 E7
17:13:12.997  CAN2  124       [8]  21 80 00 15 55 2A A8 00
17:13:12.997  CAN2  1AE       [8]  DA A0 00 01 0F FF 7F F8
17:13:12.997  CAN2  3B1       [8]  00 00 00 01 00 00 00 A0
17:13:12.997  CAN2  3B3       [8]  10 20 00 00 00 85 5F 00
17:13:12.997  CAN2  121       [8]  97 90 2A A9 6A 8A AA 00
17:13:12.997  CAN2  23A       [8]  60 A0 00 00 00 00 00 00
17:13:12.997  CAN2  583       [8]  51 00 11 2C 6D A0 12 0E
17:13:12.997  CAN2  3E1       [8]  00 00 00 00 00 00 00 00
17:13:12.997  CAN2  402       [8]  06 02 00 00 00 00 00 00
17:13:12.997  CAN2  117       [8]  92 40 00 00 57 00 00 D7
17:13:12.997  CAN2  124       [8]  98 90 00 15 55 2A A8 00
17:13:12.997  CAN2  1AE       [8]  CA B0 00 01 0F FF 7F F8
17:13:13.031  CAN2  20E       [8]  00 01 00 00 00 13 61 04
17:13:13.031  CAN2  3BD       [8]  00 00 00 00 00 00 00 00
17:13:13.031  CAN2  121       [8]  41 A0 2A A9 6A 8A AA 00
17:13:13.031  CAN2  23A       [8]  50 B0 00 00 00 00 00 00
17:13:13.031  CAN2  520       [8]  50 00 32 44 00 00 00 00
17:13:13.031  CAN2  517       [8]  FF 01 0E 00 92 00 4D 41
17:13:13.031  CAN2  518       [8]  00 05 FF 00 00 FF 00 00
17:13:13.031  CAN2  117       [8]  A2 40 00 00 57 00 00 C7
17:13:13.031  CAN2  124       [8]  4E A0 00 15 55 2A A8 00
17:13:13.031  CAN2  1AE       [8]  BA C0 00 01 0F FF 7F F8
17:13:13.031  CAN2  335       [8]  00 02 00 1C FD 8E F0 00
17:13:13.031  CAN2  121       [8]  F8 B0 2A A9 6A 8A AA 00
17:13:13.031  CAN2  23A       [8]  40 C0 00 00 00 00 00 00
17:13:13.031  CAN2  247       [8]  00 06 00 00 18 09 08 88
17:13:13.031  CAN2  256       [8]  5A 10 00 61 25 2B A1 44
17:13:13.031  CAN2  29A       [8]  11 0C 00 00 11 01 01 00
17:13:13.031  CAN2  2AB       [8]  00 00 00 00 00 03 2B FE
17:13:13.031  CAN2  2CD       [8]  C8 00 28 00 00 10 40 03
17:13:13.031  CAN2  117       [8]  B2 40 00 00 57 00 00 B7
17:13:13.031  CAN2  124       [8]  F7 B0 00 15 55 2A A8 00
17:13:13.031  CAN2  1AE       [8]  AA D0 00 01 0F FF 7F F8
17:13:13.031  CAN2  121       [8]  F0 C0 2A A9 6A 8A AA 00
17:13:13.031  CAN2  23A       [8]  30 D0 00 00 00 00 00 00
17:13:13.031  CAN2  249       [8]  00 00 00 00 00 00 00 00
17:13:13.031  CAN2  117       [8]  C2 40 00 00 57 00 00 A7
17:13:13.031  CAN2  124       [8]  FF C0 00 15 55 2A A8 00
17:13:13.031  CAN2  1AE       [8]  9A E0 00 01 0F FF 7F F8
17:13:13.031  CAN2  121       [8]  49 D0 2A A9 6A 8A AA 00
17:13:13.031  CAN2  23A       [8]  20 E0 00 00 00 00 00 00
17:13:13.031  CAN2  3B7       [8]  00 41 41 22 22 F9 00 00
17:13:13.031  CAN2  3B7       [8]  01 3F 7F BF 7F 1E 75 00
17:13:13.031  CAN2  3B7       [8]  02 00 00 00 94 11 00 00
17:13:13.055  CAN2  3B7       [8]  03 00 00 9A 99 99 99 00
17:13:13.055  CAN2  3B7       [8]  04 07 CB 07 C5 0A F8 00
17:13:13.055  CAN2  3E5       [8]  10 00 00 00 00 00 00 00
17:13:13.055  CAN2  3B7       [8]  05 12 01 11 00 00 00 01
17:13:13.055  CAN2  117       [8]  D2 40 00 00 57 00 00 97
17:13:13.055  CAN2  124       [8]  46 D0 00 15 55 2A A8 00
17:13:13.055  CAN2  1AE       [8]  8A F0 00 01 0F FF 7F F8
17:13:13.055  CAN2  2B2       [8]  32 20 00 00 41 00 90 41
17:13:13.055  CAN2  3B1       [8]  00 00 00 01 00 00 00 A0
17:13:13.055  CAN2  3B3       [8]  10 20 00 00 00 85 5F 00
17:13:13.055  CAN2  2C1       [8]  00 09 00 00 0F 00 00 00
17:13:13.055  CAN2  435       [8]  00 00 00 00 00 00 00 00
17:13:13.055  CAN2  42D       [8]  00 08 00 00 00 00 12 40
17:13:13.055  CAN2  121       [8]  9F E0 2A A9 6A 8A AA 00
17:13:13.055  CAN2  23A       [8]  10 F0 00 00 00 00 00 00
17:13:13.055  CAN2  359       [8]  00 28 5D C0 FF 00 02 00
17:13:13.055  CAN2  583       [8]  51 00 11 2C 6D A0 12 0E
17:13:13.055  CAN2  3E1       [8]  00 00 00 00 00 00 00 00
17:13:13.055  CAN2  117       [8]  E2 40 00 00 57 00 00 87
17:13:13.055  CAN2  124       [8]  90 E0 00 15 55 2A A8 00
17:13:13.055  CAN2  1AE       [8]  7A 00 00 01 0F FF 7F F8
17:13:13.055  CAN2  20E       [8]  00 01 00 00 00 13 61 04
17:13:13.055  CAN2  3BD       [8]  00 00 00 00 00 00 00 00
17:13:13.055  CAN2  121       [8]  26 F0 2A A9 6A 8A AA 00
17:13:13.055  CAN2  23A       [8]  00 00 00 00 00 00 00 00
17:13:13.055  CAN2  520       [8]  50 00 32 44 00 00 00 00
17:13:13.055  CAN2  517       [8]  FF 01 0E 00 92 00 4D 41
17:13:13.055  CAN2  518       [8]  00 05 FF 00 00 FF 00 00
17:13:13.055  CAN2  117       [8]  F2 40 00 00 57 00 00 77
17:13:13.055  CAN2  124       [8]  29 F0 00 15 55 2A A8 00
17:13:13.055  CAN2  1AE       [8]  6A 10 00 01 0F FF 7F F8
17:13:13.055  CAN2  335       [8]  00 02 00 1C FD 8E F0 00
17:13:13.090  CAN2  121       [8]  8F 00 2A A9 6A 8A AA 00
17:13:13.090  CAN2  23A       [8]  F0 10 00 00 00 00 00 00
17:13:13.090  CAN2  247       [8]  00 06 00 00 18 09 08 88
17:13:13.090  CAN2  29A       [8]  11 0C 00 00 11 01 01 00
17:13:13.090  CAN2  2AB       [8]  00 00 00 00 00 03 2B FE
17:13:13.090  CAN2  2CD       [8]  C8 00 28 00 00 10 40 03
17:13:13.090  CAN2  117       [8]  02 40 00 00 57 00 00 67
17:13:13.090  CAN2  124       [8]  80 00 00 15 55 2A A8 00
17:13:13.090  CAN2  1AE       [8]  5A 20 00 01 0F FF 7F F8
17:13:13.090  CAN2  121       [8]  36 10 2A A9 6A 8A AA 00
17:13:13.090  CAN2  23A       [8]  E0 20 00 00 00 00 00 00
17:13:13.090  CAN2  249       [8]  00 00 00 00 00 00 00 00
17:13:13.090  CAN2  117       [8]  12 40 00 00 57 00 00 57
17:13:13.090  CAN2  124       [8]  39 10 00 15 55 2A A8 00
17:13:13.090  CAN2  1AE       [8]  4A 30 00 01 0F FF 7F F8
17:13:13.090  CAN2  121       [8]  E0 20 2A A9 6A 8A AA 00
17:13:13.090  CAN2  23A       [8]  D0 30 00 00 00 00 00 00
17:13:13.090  CAN2  3B7       [8]  00 41 41 22 22 F9 00 00
17:13:13.090  CAN2  3B7       [8]  01 3F 7F BF 7F 1E 75 00
17:13:13.090  CAN2  3B7       [8]  02 00 00 00 94 11 00 00
17:13:13.090  CAN2  3B7       [8]  03 00 00 9A 99 99 99 00
17:13:13.090  CAN2  3E5       [8]  10 00 00 00 00 00 00 00
17:13:13.090  CAN2  3B7       [8]  04 07 CB 07 C5 0A F9 00
17:13:13.090  CAN2  3B7       [8]  05 12 01 11 00 00 00 01
17:13:13.090  CAN2  117       [8]  22 40 00 00 57 00 00 47
17:13:13.090  CAN2  124       [8]  EF 20 00 15 55 2A A8 00
17:13:13.090  CAN2  1AE       [8]  3A 40 00 01 0F FF 7F F8
17:13:13.090  CAN2  3B1       [8]  00 00 00 01 00 00 00 A0
17:13:13.090  CAN2  3B3       [8]  10 20 00 00 00 85 5F 00
17:13:13.090  CAN2  121       [8]  59 30 2A A9 6A 8A AA 00
17:13:13.090  CAN2  23A       [8]  C0 40 00 00 00 00 00 00
17:13:13.090  CAN2  406       [8]  09 02 00 00 00 00 00 00
17:13:13.115  CAN2  583       [8]  51 00 11 2C 6D A0 12 0E
17:13:13.115  CAN2  2C1       [8]  00 09 00 00 0F 00 00 00
17:13:13.115  CAN2  117       [8]  32 40 00 00 57 00 00 37
17:13:13.115  CAN2  124       [8]  56 30 00 15 55 2A A8 00
17:13:13.115  CAN2  1AE       [8]  2A 50 00 01 0F FF 7F F8
17:13:13.115  CAN2  20E       [8]  00 01 00 00 00 13 61 04
17:13:13.115  CAN2  3E1       [8]  00 00 00 00 00 00 00 00
17:13:13.115  CAN2  3BD       [8]  00 00 00 00 00 00 00 00
17:13:13.115  CAN2  121       [8]  51 40 2A A9 6A 8A AA 00
17:13:13.115  CAN2  23A       [8]  B0 50 00 00 00 00 00 00
17:13:13.115  CAN2  520       [8]  50 00 32 44 00 00 00 00
17:13:13.115  CAN2  517       [8]  FF 01 0E 00 92 00 4D 41
17:13:13.115  CAN2  518       [8]  00 05 FF 00 00 FF 00 00
17:13:13.115  CAN2  117       [8]  42 40 00 00 57 00 00 27
17:13:13.115  CAN2  124       [8]  5E 40 00 15 55 2A A8 00
17:13:13.115  CAN2  1AE       [8]  1A 60 00 01 0F FF 7F F8
17:13:13.115  CAN2  335       [8]  00 02 00 1C FD 8E F0 00
17:13:13.115  CAN2  632       [8]  04 01 52 01 01 FF FF FF
17:13:13.115  CAN2  121       [8]  E8 50 2A A9 6A 8A AA 00
17:13:13.115  CAN2  23A       [8]  A0 60 00 00 00 00 00 00
17:13:13.115  CAN2  247       [8]  00 06 00 00 18 09 08 88
17:13:13.115  CAN2  256       [8]  59 10 00 61 25 2B A2 44
17:13:13.115  CAN2  29A       [8]  11 0C 00 00 11 01 01 00
17:13:13.115  CAN2  2AB       [8]  00 00 00 00 00 03 2B FE
17:13:13.115  CAN2  2CD       [8]  C8 00 28 00 00 10 40 03
17:13:13.115  CAN2  636       [8]  04 01 52 01 01 FF FF FF
17:13:13.115  CAN2  117       [8]  52 40 00 00 57 00 00 17
17:13:13.115  CAN2  124       [8]  E7 50 00 15 55 2A A8 00
17:13:13.115  CAN2  1AE       [8]  0A 70 00 01 0F FF 7F F8
17:13:13.115  CAN2  121       [8]  3E 60 2A A9 6A 8A AA 00
17:13:13.115  CAN2  23A       [8]  90 70 00 00 00 00 00 00
17:13:13.115  CAN2  249       [8]  00 00 00 00 00 00 00 00
17:13:13.152  CAN2  117       [8]  62 40 00 00 57 00 00 07
17:13:13.152  CAN2  124       [8]  31 60 00 15 55 2A A8 00
17:13:13.152  CAN2  1AE       [8]  FA 80 00 01 0F FF 7F F8
17:13:13.152  CAN2  121       [8]  87 70 2A A9 6A 8A AA 00
17:13:13.152  CAN2  23A       [8]  80 80 00 00 00 00 00 00
17:13:13.152  CAN2  3B7       [8]  00 41 41 22 22 F9 00 00
17:13:13.152  CAN2  3B7       [8]  01 3F 7F BF 7F 1E 75 00
17:13:13.152  CAN2  3B7       [8]  02 00 00 00 94 11 00 00
17:13:13.152  CAN2  3B7       [8]  03 00 00 9A 99 99 99 00
17:13:13.152  CAN2  3B7       [8]  04 07 CB 07 C5 0A F8 00
17:13:13.152  CAN2  3B7       [8]  05 12 01 11 00 00 00 01
17:13:13.152  CAN2  3E5       [8]  10 00 00 00 00 00 00 00
17:13:13.152  CAN2  117       [8]  72 40 00 00 57 00 00 F7
17:13:13.152  CAN2  124       [8]  88 70 00 15 55 2A A8 00
17:13:13.152  CAN2  1AE       [8]  EA 90 00 01 0F FF 7F F8
17:13:13.152  CAN2  2B2       [8]  42 30 00 00 41 00 90 41
17:13:13.152  CAN2  3B1       [8]  00 00 00 01 00 00 00 A0
17:13:13.152  CAN2  3B3       [8]  10 20 00 00 00 85 5F 00
17:13:13.152  CAN2  435       [8]  00 00 00 00 00 00 00 00
17:13:13.152  CAN2  42D       [8]  00 08 00 00 00 00 12 40
17:13:13.152  CAN2  121       [8]  2E 80 2A A9 6A 8A AA 00
17:13:13.152  CAN2  23A       [8]  70 90 00 00 00 00 00 00
17:13:13.152  CAN2  359       [8]  00 28 5D C0 FF 00 02 00
17:13:13.152  CAN2  583       [8]  51 00 11 2C 6D A0 12 0E
17:13:13.152  CAN2  2C1       [8]  00 09 00 00 0F 00 00 00
17:13:13.152  CAN2  117       [8]  82 40 00 00 57 00 00 E7
17:13:13.152  CAN2  124       [8]  21 80 00 15 55 2A A8 00
17:13:13.152  CAN2  1AE       [8]  DA A0 00 01 0F FF 7F F8
17:13:13.152  CAN2  20E       [8]  00 01 00 00 00 13 61 04
17:13:13.152  CAN2  3E1       [8]  00 00 00 00 00 00 00 00
17:13:13.152  CAN2  3BD       [8]  00 00 00 00 00 00 00 00
17:13:13.152  CAN2  121       [8]  97 90 2A A9 6A 8A AA 00
17:13:13.178  CAN2  23A       [8]  60 A0 00 00 00 00 00 00
17:13:13.178  CAN2  520       [8]  50 00 32 44 00 00 00 00
17:13:13.178  CAN2  517       [8]  FF 01 0E 00 92 00 4D 41
17:13:13.178  CAN2  518       [8]  00 05 FF 00 00 FF 00 00
17:13:13.178  CAN2  117       [8]  92 40 00 00 57 00 00 D7
17:13:13.178  CAN2  124       [8]  98 90 00 15 55 2A A8 00
17:13:13.178  CAN2  1AE       [8]  CA B0 00 01 0F FF 7F F8
17:13:13.178  CAN2  335       [8]  00 02 00 1C FD 8E F0 00
17:13:13.178  CAN2  631       [8]  04 03 48 01 01 00 00 00
17:13:13.178  CAN2  121       [8]  41 A0 2A A9 6A 8A AA 00
17:13:13.178  CAN2  23A       [8]  50 B0 00 00 00 00 00 00
17:13:13.178  CAN2  247       [8]  00 06 00 00 18 09 08 88
17:13:13.178  CAN2  29A       [8]  11 0C 00 00 11 01 01 00
17:13:13.178  CAN2  2AB       [8]  00 00 00 00 00 03 2B FE
17:13:13.178  CAN2  2CD       [8]  C8 00 28 00 00 10 40 03
17:13:13.178  CAN2  117       [8]  A2 40 00 00 57 00 00 C7
17:13:13.178  CAN2  124       [8]  4E A0 00 15 55 2A A8 00
17:13:13.178  CAN2  1AE       [8]  BA C0 00 01 0F FF 7F F8
17:13:13.178  CAN2  121       [8]  F8 B0 2A A9 6A 8A AA 00
17:13:13.178  CAN2  23A       [8]  40 C0 00 00 00 00 00 00
17:13:13.178  CAN2  249       [8]  00 00 00 00 00 00 00 00
17:13:13.178  CAN2  117       [8]  B2 40 00 00 57 00 00 B7
17:13:13.178  CAN2  124       [8]  F7 B0 00 15 55 2A A8 00
17:13:13.178  CAN2  1AE       [8]  AA D0 00 01 0F FF 7F F8
17:13:13.178  CAN2  121       [8]  F0 C0 2A A9 6A 8A AA 00
17:13:13.178  CAN2  23A       [8]  30 D0 00 00 00 00 00 00
17:13:13.178  CAN2  3B7       [8]  00 41 41 22 22 F9 00 00
17:13:13.178  CAN2  3B7       [8]  01 3F 7F BF 7F 1E 75 00
17:13:13.178  CAN2  3B7       [8]  02 00 00 00 94 11 00 00
17:13:13.178  CAN2  3B7       [8]  03 00 00 9A 99 99 99 00
17:13:13.178  CAN2  3B7       [8]  04 07 CB 07 C5 0A F8 00
17:13:13.178  CAN2  3B7       [8]  05 12 01 11 00 00 00 01
17:13:13.203  CAN2  3E5       [8]  10 00 00 00 00 00 00 00
17:13:13.203  CAN2  117       [8]  C2 40 00 00 57 00 00 A7
17:13:13.203  CAN2  124       [8]  FF C0 00 15 55 2A A8 00
17:13:13.203  CAN2  1AE       [8]  9A E0 00 01 0F FF 7F F8
17:13:13.203  CAN2  3B1       [8]  00 00 00 01 00 00 00 A0
17:13:13.203  CAN2  3B3       [8]  10 20 00 00 00 85 5F 00
17:13:13.203  CAN2  121       [8]  49 D0 2A A9 6A 8A AA 00
17:13:13.203  CAN2  23A       [8]  20 E0 00 00 00 00 00 00
17:13:13.203  CAN2  583       [8]  51 00 11 2C 6D A0 12 0E
17:13:13.203  CAN2  409       [8]  0A 02 00 00 00 00 00 00
17:13:13.203  CAN2  117       [8]  D2 40 00 00 57 00 00 97
17:13:13.203  CAN2  124       [8]  46 D0 00 15 55 2A A8 00
17:13:13.203  CAN2  1AE       [8]  8A F0 00 01 0F FF 7F F8
17:13:13.203  CAN2  20E       [8]  00 01 00 00 00 13 61 04
17:13:13.203  CAN2  2C1       [8]  00 09 00 00 0F 00 00 00
17:13:13.203  CAN2  3E1       [8]  00 00 00 00 00 00 00 00
17:13:13.203  CAN2  3BD       [8]  00 00 00 00 00 00 00 00
17:13:13.203  CAN2  121       [8]  9F E0 2A A9 6A 8A AA 00
17:13:13.203  CAN2  23A       [8]  10 F0 00 00 00 00 00 00
17:13:13.203  CAN2  520       [8]  50 00 32 44 00 00 00 00
17:13:13.203  CAN2  517       [8]  FF 01 0E 00 92 00 4D 41
17:13:13.203  CAN2  518       [8]  00 05 FF 00 00 FF 00 00
17:13:13.203  CAN2  117       [8]  E2 40 00 00 57 00 00 87
17:13:13.203  CAN2  124       [8]  90 E0 00 15 55 2A A8 00
17:13:13.203  CAN2  1AE       [8]  7A 00 00 01 0F FF 7F F8
17:13:13.203  CAN2  335       [8]  00 02 00 1C FD 8E F0 00
17:13:13.203  CAN2  121       [8]  26 F0 2A A9 6A 8A AA 00
17:13:13.203  CAN2  23A       [8]  00 00 00 00 00 00 00 00
17:13:13.203  CAN2  247       [8]  00 06 00 00 18 09 08 88
17:13:13.203  CAN2  256       [8]  58 10 00 61 25 2B A3 44
17:13:13.203  CAN2  29A       [8]  11 0C 00 00 11 01 01 00
17:13:13.203  CAN2  2AB       [8]  00 00 00 00 00 03 2B FE
17:13:13.239  CAN2  2CD       [8]  C8 00 28 00 00 10 40 03
17:13:13.239  CAN2  117       [8]  F2 40 00 00 57 00 00 77
17:13:13.239  CAN2  124       [8]  29 F0 00 15 55 2A A8 00
17:13:13.239  CAN2  1AE       [8]  6A 10 00 01 0F FF 7F F8
17:13:13.239  CAN2  121       [8]  8F 00 2A A9 6A 8A AA 00
17:13:13.239  CAN2  23A       [8]  F0 10 00 00 00 00 00 00
17:13:13.239  CAN2  249       [8]  00 00 00 00 00 00 00 00
17:13:13.239  CAN2  117       [8]  02 40 00 00 57 00 00 67
17:13:13.239  CAN2  124       [8]  80 00 00 15 55 2A A8 00
17:13:13.239  CAN2  1AE       [8]  5A 20 00 01 0F FF 7F F8
17:13:13.239  CAN2  121       [8]  36 10 2A A9 6A 8A AA 00
17:13:13.239  CAN2  23A       [8]  E0 20 00 00 00 00 00 00
17:13:13.239  CAN2  3B7       [8]  00 41 41 22 22 F9 00 00
17:13:13.239  CAN2  3B7       [8]  01 3F 7F BF 7F 1E 75 00
17:13:13.239  CAN2  3B7       [8]  02 00 00 00 94 11 00 00
17:13:13.239  CAN2  3B7       [8]  03 00 00 9A 99 99 99 00
17:13:13.239  CAN2  3B7       [8]  04 07 CB 07 C5 0A F8 00
17:13:13.239  CAN2  3B7       [8]  05 12 01 11 00 00 00 01
17:13:13.239  CAN2  3E5       [8]  10 00 00 00 00 00 00 00
17:13:13.239  CAN2  117       [8]  12 40 00 00 57 00 00 57
17:13:13.239  CAN2  124       [8]  39 10 00 15 55 2A A8 00
17:13:13.239  CAN2  1AE       [8]  4A 30 00 01 0F FF 7F F8
17:13:13.239  CAN2  2B2       [8]  52 40 00 00 41 00 90 41
17:13:13.239  CAN2  3B1       [8]  00 00 00 01 00 00 00 A0
17:13:13.239  CAN2  3B3       [8]  10 20 00 00 00 85 5F 00
17:13:13.239  CAN2  435       [8]  00 00 00 00 00 00 00 00
17:13:13.239  CAN2  42D       [8]  00 08 00 00 00 00 12 40
17:13:13.239  CAN2  121       [8]  E0 20 2A A9 6A 8A AA 00
17:13:13.239  CAN2  23A       [8]  D0 30 00 00 00 00 00 00
17:13:13.239  CAN2  359       [8]  00 28 5D C0 FF 00 02 00
17:13:13.239  CAN2  583       [8]  51 00 11 2C 6D A0 12 0E
17:13:13.239  CAN2  117       [8]  22 40 00 00 57 00 00 47
17:13:13.275  CAN2  124       [8]  EF 20 00 15 55 2A A8 00
17:13:13.275  CAN2  1AE       [8]  3A 40 00 01 0F FF 7F F8
17:13:13.275  CAN2  20E       [8]  00 01 00 00 00 13 61 04
17:13:13.275  CAN2  3BD       [8]  00 00 00 00 00 00 00 00
17:13:13.275  CAN2  121       [8]  59 30 2A A9 6A 8A AA 00
17:13:13.275  CAN2  23A       [8]  C0 40 00 00 00 00 00 00
17:13:13.275  CAN2  520       [8]  50 00 32 44 00 00 00 00
17:13:13.275  CAN2  3E1       [8]  00 00 00 00 00 00 00 00
17:13:13.275  CAN2  2C1       [8]  00 09 00 00 0F 00 00 00
17:13:13.275  CAN2  517       [8]  FF 01 0E 00 92 00 4D 41
17:13:13.275  CAN2  518       [8]  00 05 FF 00 00 FF 00 00
17:13:13.275  CAN2  117       [8]  32 40 00 00 57 00 00 37
17:13:13.275  CAN2  124       [8]  56 30 00 15 55 2A A8 00
17:13:13.275  CAN2  1AE       [8]  2A 50 00 01 0F FF 7F F8
17:13:13.275  CAN2  335       [8]  00 02 00 1C FD 8E F0 00
17:13:13.275  CAN2  121       [8]  51 40 2A A9 6A 8A AA 00
17:13:13.275  CAN2  23A       [8]  B0 50 00 00 00 00 00 00
17:13:13.275  CAN2  247       [8]  00 06 00 00 18 09 08 88
17:13:13.275  CAN2  29A       [8]  11 0C 00 00 11 01 01 00
17:13:13.275  CAN2  2AB       [8]  00 00 00 00 00 03 2B FE
17:13:13.275  CAN2  2CD       [8]  C8 00 28 00 00 10 40 03
17:13:13.275  CAN2  117       [8]  42 40 00 00 57 00 00 27
17:13:13.275  CAN2  124       [8]  5E 40 00 15 55 2A A8 00
17:13:13.275  CAN2  1AE       [8]  1A 60 00 01 0F FF 7F F8
17:13:13.275  CAN2  121       [8]  E8 50 2A A9 6A 8A AA 00
17:13:13.275  CAN2  23A       [8]  A0 60 00 00 00 00 00 00
17:13:13.275  CAN2  249       [8]  00 00 00 00 00 00 00 00
17:13:13.275  CAN2  117       [8]  52 40 00 00 57 00 00 17
17:13:13.275  CAN2  124       [8]  E7 50 00 15 55 2A A8 00
17:13:13.275  CAN2  1AE       [8]  0A 70 00 01 0F FF 7F F8
17:13:13.275  CAN2  121       [8]  3E 60 2A A9 6A 8A AA 00
17:13:13.275  CAN2  23A       [8]  90 70 00 00 00 00 00 00
17:13:13.301  CAN2  3B7       [8]  00 41 41 22 22 F9 00 00
17:13:13.301  CAN2  3B7       [8]  01 3F 7F BF 7F 1E 75 00
17:13:13.301  CAN2  3B7       [8]  02 00 00 00 94 11 00 00
17:13:13.301  CAN2  3B7       [8]  03 00 00 9A 99 99 99 00
17:13:13.301  CAN2  3B7       [8]  04 07 CB 07 C5 0A F8 00
17:13:13.301  CAN2  3B7       [8]  05 12 01 11 00 00 00 01
17:13:13.301  CAN2  3E5       [8]  10 00 00 00 00 00 00 00
17:13:13.301  CAN2  117       [8]  62 40 00 00 57 00 00 07
17:13:13.301  CAN2  124       [8]  31 60 00 15 55 2A A8 00
17:13:13.301  CAN2  1AE       [8]  FA 80 00 01 0F FF 7F F8
17:13:13.301  CAN2  3B1       [8]  00 00 00 01 00 00 00 A0
17:13:13.301  CAN2  3B3       [8]  10 20 00 00 00 85 5F 00
17:13:13.301  CAN2  121       [8]  87 70 2A A9 6A 8A AA 00
17:13:13.301  CAN2  23A       [8]  80 80 00 00 00 00 00 00
17:13:13.301  CAN2  583       [8]  51 00 11 2C 6D A0 12 0E
17:13:13.301  CAN2  40A       [8]  0D 02 00 00 00 00 00 00
17:13:13.301  CAN2  117       [8]  72 40 00 00 57 00 00 F7
17:13:13.301  CAN2  124       [8]  88 70 00 15 55 2A A8 00
17:13:13.301  CAN2  1AE       [8]  EA 90 00 01 0F FF 7F F8
17:13:13.301  CAN2  20E       [8]  00 01 00 00 00 13 61 04
17:13:13.301  CAN2  3BD       [8]  00 00 00 00 00 00 00 00
17:13:13.301  CAN2  121       [8]  2E 80 2A A9 6A 8A AA 00
17:13:13.301  CAN2  23A       [8]  70 90 00 00 00 00 00 00
17:13:13.301  CAN2  520       [8]  50 00 32 44 00 00 00 00
17:13:13.301  CAN2  3E1       [8]  00 00 00 00 00 00 00 00
17:13:13.301  CAN2  517       [8]  FF 01 0E 00 92 00 4D 41
17:13:13.301  CAN2  518       [8]  00 05 FF 00 00 FF 00 00
17:13:13.301  CAN2  117       [8]  82 40 00 00 57 00 00 E7
17:13:13.301  CAN2  124       [8]  21 80 00 15 55 2A A8 00
17:13:13.301  CAN2  1AE       [8]  DA A0 00 01 0F FF 7F F8
17:13:13.301  CAN2  335       [8]  00 02 00 1C FD 8E F0 00
17:13:13.301  CAN2  2C1       [8]  00 09 00 00 0F 00 00 00
17:13:13.328  CAN2  121       [8]  97 90 2A A9 6A 8A AA 00
17:13:13.328  CAN2  23A       [8]  60 A0 00 00 00 00 00 00
17:13:13.328  CAN2  247       [8]  00 06 00 00 18 09 08 88
17:13:13.328  CAN2  256       [8]  57 10 00 61 25 2B A4 44
17:13:13.328  CAN2  29A       [8]  11 0C 00 00 11 01 01 00
17:13:13.328  CAN2  2AB       [8]  00 00 00 00 00 03 2B FE
17:13:13.328  CAN2  2CD       [8]  C8 00 28 00 00 10 40 03
17:13:13.328  CAN2  632       [8]  04 01 52 01 01 FF FF FF
17:13:13.328  CAN2  636       [8]  04 01 52 01 01 FF FF FF
17:13:13.328  CAN2  117       [8]  92 40 00 00 57 00 00 D7
17:13:13.328  CAN2  124       [8]  98 90 00 15 55 2A A8 00
17:13:13.328  CAN2  1AE       [8]  CA B0 00 01 0F FF 7F F8
17:13:13.328  CAN2  121       [8]  41 A0 2A A9 6A 8A AA 00
17:13:13.328  CAN2  23A       [8]  50 B0 00 00 00 00 00 00
17:13:13.328  CAN2  249       [8]  00 00 00 00 00 00 00 00
17:13:13.328  CAN2  117       [8]  A2 40 00 00 57 00 00 C7
17:13:13.328  CAN2  124       [8]  4E A0 00 15 55 2A A8 00
17:13:13.328  CAN2  1AE       [8]  BA C0 00 01 0F FF 7F F8
17:13:13.328  CAN2  121       [8]  F8 B0 2A A9 6A 8A AA 00
17:13:13.328  CAN2  23A       [8]  40 C0 00 00 00 00 00 00
17:13:13.328  CAN2  3B7       [8]  00 41 41 22 22 F9 00 00
17:13:13.328  CAN2  3B7       [8]  01 3F 7F BF 7F 1E 75 00
17:13:13.328  CAN2  3B7       [8]  02 00 00 00 94 11 00 00
17:13:13.328  CAN2  3B7       [8]  03 00 00 9A 99 99 99 00
17:13:13.328  CAN2  3B7       [8]  04 07 CB 07 C5 0A F8 00
17:13:13.328  CAN2  3B7       [8]  05 12 01 11 00 00 00 01
17:13:13.328  CAN2  3E5       [8]  10 00 00 00 00 00 00 00
17:13:13.328  CAN2  117       [8]  B2 40 00 00 57 00 00 B7
17:13:13.328  CAN2  124       [8]  F7 B0 00 15 55 2A A8 00
17:13:13.328  CAN2  1AE       [8]  AA D0 00 01 0F FF 7F F8
17:13:13.328  CAN2  2B2       [8]  62 50 00 00 41 00 90 41
17:13:13.328  CAN2  3C2       [8]  00 00 00 42 00 00 00 09
17:13:13.365  CAN2  699       [8]  00 00 00 00 00 00 00 00
17:13:13.365  CAN2  3B1       [8]  00 00 00 01 00 00 00 A0
17:13:13.365  CAN2  3B3       [8]  10 20 00 00 00 85 5F 00
17:13:13.365  CAN2  435       [8]  00 00 00 00 00 00 00 00
17:13:13.365  CAN2  121       [8]  F0 C0 2A A9 6A 8A AA 00
17:13:13.365  CAN2  23A       [8]  30 D0 00 00 00 00 00 00
17:13:13.365  CAN2  359       [8]  00 28 5D C0 FF 00 02 00
17:13:13.365  CAN2  42D       [8]  00 08 00 00 00 00 12 40
17:13:13.365  CAN2  583       [8]  51 00 11 2C 6D A0 12 0E
17:13:13.365  CAN2  117       [8]  C2 40 00 00 57 00 00 A7
17:13:13.365  CAN2  124       [8]  FF C0 00 15 55 2A A8 00
17:13:13.365  CAN2  1AE       [8]  9A E0 00 01 0F FF 7F F8
17:13:13.365  CAN2  20E       [8]  00 01 00 00 00 13 61 04
17:13:13.365  CAN2  3BD       [8]  00 00 00 00 00 00 00 00
17:13:13.365  CAN2  121       [8]  49 D0 2A A9 6A 8A AA 00
17:13:13.365  CAN2  23A       [8]  20 E0 00 00 00 00 00 00
17:13:13.365  CAN2  520       [8]  50 00 32 44 00 00 00 00
17:13:13.365  CAN2  517       [8]  FF 01 0E 00 92 00 4D 41
17:13:13.365  CAN2  518       [8]  00 05 FF 00 00 FF 00 00
17:13:13.365  CAN2  117       [8]  D2 40 00 00 57 00 00 97
17:13:13.365  CAN2  124       [8]  46 D0 00 15 55 2A A8 00
17:13:13.365  CAN2  1AE       [8]  8A F0 00 01 0F FF 7F F8
17:13:13.365  CAN2  335       [8]  00 02 00 1C FD 8E F0 00
17:13:13.365  CAN2  3E1       [8]  00 00 00 00 00 00 00 00
17:13:13.365  CAN2  631       [8]  04 03 48 01 01 00 00 00
17:13:13.365  CAN2  121       [8]  9F E0 2A A9 6A 8A AA 00
17:13:13.365  CAN2  23A       [8]  10 F0 00 00 00 00 00 00
17:13:13.365  CAN2  247       [8]  00 06 00 00 18 09 08 88
17:13:13.365  CAN2  29A       [8]  11 0C 00 00 11 01 01 00
17:13:13.365  CAN2  2AB       [8]  00 00 00 00 00 03 2B FE
17:13:13.365  CAN2  2CD       [8]  C8 00 28 00 00 10 40 03
17:13:13.365  CAN2  2C1       [8]  00 09 00 00 0F 00 00 00
17:13:13.401  CAN2  117       [8]  E2 40 00 00 57 00 00 87
17:13:13.401  CAN2  124       [8]  90 E0 00 15 55 2A A8 00
17:13:13.401  CAN2  1AE       [8]  7A 00 00 01 0F FF 7F F8
17:13:13.401  CAN2  121       [8]  26 F0 2A A9 6A 8A AA 00
17:13:13.401  CAN2  23A       [8]  00 00 00 00 00 00 00 00
17:13:13.401  CAN2  249       [8]  00 00 00 00 00 00 00 00
17:13:13.401  CAN2  117       [8]  F2 40 00 00 57 00 00 77
17:13:13.401  CAN2  124       [8]  29 F0 00 15 55 2A A8 00
17:13:13.401  CAN2  1AE       [8]  6A 10 00 01 0F FF 7F F8
17:13:13.401  CAN2  580       [8]  7E A5 02 13 0D 4D 00 00
17:13:13.401  CAN2  121       [8]  8F 00 2A A9 6A 8A AA 00
17:13:13.401  CAN2  23A       [8]  F0 10 00 00 00 00 00 00
17:13:13.401  CAN2  3B7       [8]  00 41 41 22 22 F9 00 00
17:13:13.401  CAN2  3B7       [8]  01 3F 7F BF 7F 1E 75 00
17:13:13.401  CAN2  3B7       [8]  02 00 00 00 94 11 00 00
17:13:13.401  CAN2  3B7       [8]  03 00 00 9A 99 99 99 00
17:13:13.401  CAN2  3B7       [8]  04 07 CB 07 C5 0A F9 00
17:13:13.401  CAN2  3E5       [8]  10 00 00 00 00 00 00 00
17:13:13.401  CAN2  3B7       [8]  05 12 01 11 00 00 00 01
17:13:13.401  CAN2  117       [8]  02 40 00 00 57 00 00 67
17:13:13.401  CAN2  124       [8]  80 00 00 15 55 2A A8 00
17:13:13.401  CAN2  1AE       [8]  5A 20 00 01 0F FF 7F F8
17:13:13.401  CAN2  3B1       [8]  00 00 00 01 00 00 00 A0
17:13:13.401  CAN2  3B3       [8]  10 20 00 00 00 85 5F 00
17:13:13.401  CAN2  121       [8]  36 10 2A A9 6A 8A AA 00
17:13:13.401  CAN2  23A       [8]  E0 20 00 00 00 00 00 00
17:13:13.401  CAN2  583       [8]  51 00 11 2C 6D A0 12 0E
17:13:13.401  CAN2  117       [8]  12 40 00 00 57 00 00 57
17:13:13.401  CAN2  124       [8]  39 10 00 15 55 2A A8 00
17:13:13.401  CAN2  1AE       [8]  4A 30 00 01 0F FF 7F F8
17:13:13.401  CAN2  20E       [8]  00 01 00 00 00 13 61 04
17:13:13.401  CAN2  3BD       [8]  00 00 00 00 00 00 00 00
17:13:13.426  CAN2  121       [8]  E0 20 2A A9 6A 8A AA 00
17:13:13.426  CAN2  23A       [8]  D0 30 00 00 00 00 00 00
17:13:13.426  CAN2  520       [8]  50 00 32 44 00 00 00 00
17:13:13.426  CAN2  40D       [8]  01 02 00 00 00 00 00 00
17:13:13.426  CAN2  517       [8]  FF 01 0E 00 92 00 4D 41
17:13:13.426  CAN2  518       [8]  00 05 FF 00 00 FF 00 00
17:13:13.426  CAN2  117       [8]  22 40 00 00 57 00 00 47
17:13:13.426  CAN2  124       [8]  EF 20 00 15 55 2A A8 00
17:13:13.426  CAN2  1AE       [8]  3A 40 00 01 0F FF 7F F8
17:13:13.426  CAN2  335       [8]  00 02 00 1C FD 8E F0 00
17:13:13.426  CAN2  3E1       [8]  00 00 00 00 00 00 00 00
17:13:13.426  CAN2  121       [8]  59 30 2A A9 6A 8A AA 00
17:13:13.426  CAN2  23A       [8]  C0 40 00 00 00 00 00 00
17:13:13.426  CAN2  247       [8]  00 06 00 00 18 09 08 88
17:13:13.426  CAN2  256       [8]  56 10 00 61 25 2B A5 44
17:13:13.426  CAN2  29A       [8]  11 0C 00 00 11 01 01 00
17:13:13.426  CAN2  2AB       [8]  00 00 00 00 00 03 2B FE
17:13:13.426  CAN2  2CD       [8]  C8 00 28 00 00 10 40 03
17:13:13.426  CAN2  117       [8]  32 40 00 00 57 00 00 37
17:13:13.426  CAN2  124       [8]  56 30 00 15 55 2A A8 00
17:13:13.426  CAN2  1AE       [8]  2A 50 00 01 0F FF 7F F8
17:13:13.426  CAN2  2C1       [8]  00 09 00 00 0F 00 00 00
17:13:13.426  CAN2  121       [8]  51 40 2A A9 6A 8A AA 00
17:13:13.426  CAN2  23A       [8]  B0 50 00 00 00 00 00 00
17:13:13.426  CAN2  249       [8]  00 00 00 00 00 00 00 00
17:13:13.426  CAN2  117       [8]  42 40 00 00 57 00 00 27
17:13:13.426  CAN2  124       [8]  5E 40 00 15 55 2A A8 00
17:13:13.426  CAN2  1AE       [8]  1A 60 00 01 0F FF 7F F8
17:13:13.426  CAN2  121       [8]  E8 50 2A A9 6A 8A AA 00
17:13:13.426  CAN2  23A       [8]  A0 60 00 00 00 00 00 00
17:13:13.426  CAN2  3B7       [8]  00 41 41 22 22 F9 00 00
17:13:13.426  CAN2  3B7       [8]  01 3F 7F BF 7F 1E 75 00
17:13:13.451  CAN2  3B7       [8]  02 00 00 00 94 11 00 00
17:13:13.451  CAN2  3B7       [8]  03 00 00 9A 99 99 99 00
17:13:13.451  CAN2  3B7       [8]  04 07 CC 07 C5 0A F8 00
17:13:13.451  CAN2  3B7       [8]  05 12 01 11 00 00 00 01
17:13:13.451  CAN2  3E5       [8]  10 00 00 00 00 00 00 00
17:13:13.451  CAN2  117       [8]  52 40 00 00 57 00 00 17
17:13:13.451  CAN2  124       [8]  E7 50 00 15 55 2A A8 00
17:13:13.451  CAN2  1AE       [8]  0A 70 00 01 0F FF 7F F8
17:13:13.451  CAN2  2B2       [8]  72 60 00 00 41 00 90 41
17:13:13.451  CAN2  3B1       [8]  00 00 00 01 00 00 00 A0
17:13:13.451  CAN2  3B3       [8]  10 20 00 00 00 85 5F 00
17:13:13.451  CAN2  435       [8]  00 00 00 00 00 00 00 00
17:13:13.451  CAN2  42D       [8]  00 08 00 00 00 00 12 40
17:13:13.451  CAN2  121       [8]  3E 60 2A A9 6A 8A AA 00
17:13:13.451  CAN2  23A       [8]  90 70 00 00 00 00 00 00
17:13:13.451  CAN2  359       [8]  00 28 5D C0 FF 00 02 00
17:13:13.451  CAN2  583       [8]  51 00 11 2C 6D A0 12 0E
17:13:13.451  CAN2  117       [8]  62 40 00 00 57 00 00 07
17:13:13.451  CAN2  124       [8]  31 60 00 15 55 2A A8 00
17:13:13.451  CAN2  1AE       [8]  FA 80 00 01 0F FF 7F F8
17:13:13.451  CAN2  20E       [8]  00 01 00 00 00 13 61 04
17:13:13.451  CAN2  3BD       [8]  00 00 00 00 00 00 00 00
17:13:13.451  CAN2  121       [8]  87 70 2A A9 6A 8A AA 00
17:13:13.451  CAN2  23A       [8]  80 80 00 00 00 00 00 00
17:13:13.451  CAN2  520       [8]  50 00 32 44 00 00 00 00
17:13:13.451  CAN2  517       [8]  FF 01 0E 00 92 00 4D 41
17:13:13.451  CAN2  518       [8]  00 05 FF 00 00 FF 00 00
17:13:13.451  CAN2  117       [8]  72 40 00 00 57 00 00 F7
17:13:13.451  CAN2  124       [8]  88 70 00 15 55 2A A8 00
17:13:13.451  CAN2  1AE       [8]  EA 90 00 01 0F FF 7F F8
17:13:13.451  CAN2  335       [8]  00 02 00 1C FD 8E F0 00
17:13:13.451  CAN2  3E1       [8]  00 00 00 00 00 00 00 00
17:13:13.489  CAN2  121       [8]  2E 80 2A A9 6A 8A AA 00
17:13:13.489  CAN2  23A       [8]  70 90 00 00 00 00 00 00
17:13:13.489  CAN2  247       [8]  00 06 00 00 18 09 08 88
17:13:13.489  CAN2  29A       [8]  11 0C 00 00 11 01 01 00
17:13:13.489  CAN2  2AB       [8]  00 00 00 00 00 03 2B FE
17:13:13.489  CAN2  2CD       [8]  C8 00 28 00 00 10 40 03
17:13:13.489  CAN2  117       [8]  82 40 00 00 57 00 00 E7
17:13:13.489  CAN2  124       [8]  21 80 00 15 55 2A A8 00
17:13:13.489  CAN2  1AE       [8]  DA A0 00 01 0F FF 7F F8
17:13:13.489  CAN2  121       [8]  97 90 2A A9 6A 8A AA 00
17:13:13.489  CAN2  23A       [8]  60 A0 00 00 00 00 00 00
17:13:13.489  CAN2  249       [8]  00 00 00 00 00 00 00 00
17:13:13.489  CAN2  2C1       [8]  00 09 00 00 0F 00 00 00
17:13:13.489  CAN2  117       [8]  92 40 00 00 57 00 00 D7
17:13:13.489  CAN2  124       [8]  98 90 00 15 55 2A A8 00
17:13:13.489  CAN2  1AE       [8]  CA B0 00 01 0F FF 7F F8
17:13:13.489  CAN2  121       [8]  41 A0 2A A9 6A 8A AA 00
17:13:13.489  CAN2  23A       [8]  50 B0 00 00 00 00 00 00
17:13:13.489  CAN2  3B7       [8]  00 41 41 22 22 F9 00 00
17:13:13.489  CAN2  3B7       [8]  01 3F 7F BF 7F 1E 75 00
17:13:13.489  CAN2  3B7       [8]  02 00 00 00 94 11 00 00
17:13:13.489  CAN2  3B7       [8]  03 00 00 9A 99 99 99 00
17:13:13.489  CAN2  3B7       [8]  04 07 CB 07 C5 0A F9 00
17:13:13.489  CAN2  3E5       [8]  10 00 00 00 00 00 00 00
17:13:13.489  CAN2  3B7       [8]  05 12 01 11 00 00 00 01
17:13:13.489  CAN2  117       [8]  A2 40 00 00 57 00 00 C7
17:13:13.489  CAN2  124       [8]  4E A0 00 15 55 2A A8 00
17:13:13.489  CAN2  1AE       [8]  BA C0 00 01 0F FF 7F F8
17:13:13.489  CAN2  3B1       [8]  00 00 00 01 00 00 00 A0
17:13:13.489  CAN2  3B3       [8]  10 20 00 00 00 85 5F 00
17:13:13.489  CAN2  121       [8]  F8 B0 2A A9 6A 8A AA 00
17:13:13.489  CAN2  23A       [8]  40 C0 00 00 00 00 00 00
17:13:13.515  CAN2  583       [8]  51 00 11 2C 6D A0 12 0E
17:13:13.515  CAN2  117       [8]  B2 40 00 00 57 00 00 B7
17:13:13.515  CAN2  124       [8]  F7 B0 00 15 55 2A A8 00
17:13:13.515  CAN2  1AE       [8]  AA D0 00 01 0F FF 7F F8
17:13:13.515  CAN2  20E       [8]  00 01 00 00 00 13 61 04
17:13:13.515  CAN2  3BD       [8]  00 00 00 00 00 00 00 00
17:13:13.515  CAN2  121       [8]  F0 C0 2A A9 6A 8A AA 00
17:13:13.515  CAN2  23A       [8]  30 D0 00 00 00 00 00 00
17:13:13.515  CAN2  520       [8]  50 00 32 44 00 00 00 00
17:13:13.515  CAN2  517       [8]  FF 01 0E 00 92 00 4D 41
17:13:13.515  CAN2  518       [8]  00 05 FF 00 00 FF 00 00
17:13:13.515  CAN2  117       [8]  C2 40 00 00 57 00 00 A7
17:13:13.515  CAN2  124       [8]  FF C0 00 15 55 2A A8 00
17:13:13.515  CAN2  1AE       [8]  9A E0 00 01 0F FF 7F F8
17:13:13.515  CAN2  335       [8]  00 02 00 1C FD 8E F0 00
17:13:13.515  CAN2  121       [8]  49 D0 2A A9 6A 8A AA 00
17:13:13.515  CAN2  23A       [8]  20 E0 00 00 00 00 00 00
17:13:13.515  CAN2  247       [8]  00 06 00 00 18 09 08 88
17:13:13.515  CAN2  256       [8]  55 10 00 61 25 2B A6 44
17:13:13.515  CAN2  29A       [8]  11 0C 00 00 11 01 01 00
17:13:13.515  CAN2  2AB       [8]  00 00 00 00 00 03 2B FE
17:13:13.515  CAN2  2CD       [8]  C8 00 28 00 00 10 40 03
17:13:13.515  CAN2  3E1       [8]  00 00 00 00 00 00 00 00
17:13:13.515  CAN2  401       [8]  02 02 00 00 00 00 00 00
17:13:13.515  CAN2  632       [8]  04 01 52 01 01 FF FF FF
17:13:13.515  CAN2  636       [8]  04 01 52 01 01 FF FF FF
17:13:13.515  CAN2  117       [8]  D2 40 00 00 57 00 00 97
17:13:13.515  CAN2  124       [8]  46 D0 00 15 55 2A A8 00
17:13:13.515  CAN2  1AE       [8]  8A F0 00 01 0F FF 7F F8
17:13:13.515  CAN2  121       [8]  9F E0 2A A9 6A 8A AA 00
17:13:13.515  CAN2  23A       [8]  10 F0 00 00 00 00 00 00
17:13:13.515  CAN2  249       [8]  00 00 00 00 00 00 00 00
17:13:13.550  CAN2  117       [8]  E2 40 00 00 57 00 00 87
17:13:13.550  CAN2  124       [8]  90 E0 00 15 55 2A A8 00
17:13:13.550  CAN2  1AE       [8]  7A 00 00 01 0F FF 7F F8
17:13:13.550  CAN2  2C1       [8]  00 09 00 00 0F 00 00 00
17:13:13.550  CAN2  121       [8]  26 F0 2A A9 6A 8A AA 00
17:13:13.550  CAN2  23A       [8]  00 00 00 00 00 00 00 00
17:13:13.550  CAN2  3B7       [8]  00 41 41 22 22 F9 00 00
17:13:13.550  CAN2  3B7       [8]  01 3F 7F BF 7F 1E 75 00
17:13:13.550  CAN2  3B7       [8]  02 00 00 00 94 11 00 00
17:13:13.550  CAN2  3B7       [8]  03 00 00 9A 99 99 99 00
17:13:13.550  CAN2  3B7       [8]  04 07 CB 07 C5 0A F8 00
17:13:13.550  CAN2  3B7       [8]  05 12 01 11 00 00 00 01
17:13:13.550  CAN2  3E5       [8]  10 00 00 00 00 00 00 00
17:13:13.550  CAN2  117       [8]  F2 40 00 00 57 00 00 77
17:13:13.550  CAN2  124       [8]  29 F0 00 15 55 2A A8 00
17:13:13.550  CAN2  1AE       [8]  6A 10 00 01 0F FF 7F F8
17:13:13.550  CAN2  2B2       [8]  82 70 00 00 41 00 90 41
17:13:13.550  CAN2  3B1       [8]  00 00 00 01 00 00 00 A0
17:13:13.550  CAN2  3B3       [8]  10 20 00 00 00 85 5F 00
17:13:13.550  CAN2  435       [8]  00 00 00 00 00 00 00 00
17:13:13.550  CAN2  42D       [8]  00 08 00 00 00 00 12 40
17:13:13.550  CAN2  121       [8]  8F 00 2A A9 6A 8A AA 00
17:13:13.550  CAN2  23A       [8]  F0 10 00 00 00 00 00 00
17:13:13.550  CAN2  359       [8]  00 28 5D C0 FF 00 02 00
17:13:13.550  CAN2  583       [8]  51 00 11 2C 6D A0 12 0E
17:13:13.550  CAN2  117       [8]  02 40 00 00 57 00 00 67
17:13:13.550  CAN2  124       [8]  80 00 00 15 55 2A A8 00
17:13:13.550  CAN2  1AE       [8]  5A 20 00 01 0F FF 7F F8
17:13:13.550  CAN2  20E       [8]  00 01 00 00 00 13 61 04
17:13:13.550  CAN2  3BD       [8]  00 00 00 00 00 00 00 00
17:13:13.550  CAN2  121       [8]  36 10 2A A9 6A 8A AA 00
17:13:13.550  CAN2  23A       [8]  E0 20 00 00 00 00 00 00
17:13:13.575  CAN2  520       [8]  50 00 32 44 00 00 00 00
17:13:13.575  CAN2  517       [8]  FF 01 0E 00 92 00 4D 41
17:13:13.575  CAN2  518       [8]  00 05 FF 00 00 FF 00 00
17:13:13.575  CAN2  117       [8]  12 40 00 00 57 00 00 57
17:13:13.575  CAN2  124       [8]  39 10 00 15 55 2A A8 00
17:13:13.575  CAN2  1AE       [8]  4A 30 00 01 0F FF 7F F8
17:13:13.575  CAN2  335       [8]  00 02 06 1C FC 8E F0 00
17:13:13.575  CAN2  631       [8]  04 03 48 01 01 00 00 00
17:13:13.575  CAN2  121       [8]  E0 20 2A A9 6A 8A AA 00
17:13:13.575  CAN2  23A       [8]  D0 30 00 00 00 00 00 00
17:13:13.575  CAN2  247       [8]  00 06 00 00 18 09 08 88
17:13:13.575  CAN2  29A       [8]  11 0C 00 00 11 01 01 00
17:13:13.575  CAN2  2AB       [8]  00 00 00 00 00 03 2B FE
17:13:13.575  CAN2  2CD       [8]  C8 00 28 00 00 10 40 03
17:13:13.575  CAN2  3E1       [8]  00 00 00 00 00 00 00 00
17:13:13.575  CAN2  117       [8]  22 40 00 00 57 00 00 47
17:13:13.575  CAN2  124       [8]  EF 20 00 15 55 2A A8 00
17:13:13.575  CAN2  1AE       [8]  3A 40 00 01 0F FF 7F F8
17:13:13.575  CAN2  121       [8]  59 30 2A A9 6A 8A AA 00
17:13:13.575  CAN2  23A       [8]  C0 40 00 00 00 00 00 00
17:13:13.575  CAN2  249       [8]  00 00 00 00 00 00 00 00
17:13:13.575  CAN2  117       [8]  32 40 00 00 57 00 00 37
17:13:13.575  CAN2  124       [8]  56 30 00 15 55 2A A8 00
17:13:13.575  CAN2  1AE       [8]  2A 50 00 01 0F FF 7F F8
17:13:13.575  CAN2  121       [8]  51 40 2A A9 6A 8A AA 00
17:13:13.575  CAN2  23A       [8]  B0 50 00 00 00 00 00 00
17:13:13.575  CAN2  3B7       [8]  00 41 41 22 22 F9 00 00
17:13:13.575  CAN2  3B7       [8]  01 3F 7F BF 7F 1E 75 00
17:13:13.575  CAN2  3B7       [8]  02 00 00 00 94 11 00 00
17:13:13.575  CAN2  3B7       [8]  03 00 00 9A 99 99 99 00
17:13:13.575  CAN2  3B7       [8]  04 07 CB 07 C5 0A F9 00
17:13:13.575  CAN2  2C1       [8]  00 09 00 00 0F 00 00 00
17:13:13.611  CAN2  3B7       [8]  05 12 01 11 00 00 00 01
17:13:13.611  CAN2  3E5       [8]  10 00 00 00 00 00 00 00
17:13:13.611  CAN2  117       [8]  42 40 00 00 57 00 00 27
17:13:13.611  CAN2  124       [8]  5E 40 00 15 55 2A A8 00
17:13:13.611  CAN2  1AE       [8]  1A 60 00 01 0F FF 7F F8
17:13:13.611  CAN2  3B1       [8]  00 00 00 01 00 00 00 A0
17:13:13.611  CAN2  3B3       [8]  10 20 00 00 00 85 5F 00
17:13:13.611  CAN2  121       [8]  E8 50 2A A9 6A 8A AA 00
17:13:13.611  CAN2  23A       [8]  A0 60 00 00 00 00 00 00
17:13:13.611  CAN2  583       [8]  51 00 11 2C 6D A0 12 0E
17:13:13.611  CAN2  117       [8]  52 40 00 00 57 00 00 17
17:13:13.611  CAN2  124       [8]  E7 50 00 15 55 2A A8 00
17:13:13.611  CAN2  1AE       [8]  0A 70 00 01 0F FF 7F F8
17:13:13.611  CAN2  20E       [8]  00 01 00 00 00 13 61 04
17:13:13.611  CAN2  121       [8]  3E 60 2A A9 6A 8A AA 00
17:13:13.611  CAN2  23A       [8]  90 70 00 00 00 00 00 00
17:13:13.611  CAN2  3BD       [8]  00 00 00 00 00 00 00 00
17:13:13.611  CAN2  520       [8]  50 00 32 44 00 00 00 00
17:13:13.611  CAN2  402       [8]  06 02 00 00 00 00 00 00
17:13:13.611  CAN2  517       [8]  FF 01 0E 00 92 00 4D 41
17:13:13.611  CAN2  518       [8]  00 05 FF 00 00 FF 00 00
17:13:13.611  CAN2  117       [8]  62 40 00 00 57 00 00 07
17:13:13.611  CAN2  124       [8]  31 60 00 15 55 2A A8 00
17:13:13.611  CAN2  1AE       [8]  FA 80 00 01 0F FF 7F F8
17:13:13.611  CAN2  335       [8]  00 02 00 1C FD 8E F0 00
17:13:13.611  CAN2  121       [8]  87 70 2A A9 6A 8A AA 00
17:13:13.611  CAN2  23A       [8]  80 80 00 00 00 00 00 00
17:13:13.611  CAN2  247       [8]  00 06 00 00 18 09 08 88
17:13:13.611  CAN2  256       [8]  54 10 00 61 25 2B A7 44
17:13:13.611  CAN2  29A       [8]  11 0C 00 00 11 01 01 00
17:13:13.611  CAN2  2AB       [8]  00 00 00 00 00 03 2B FE
17:13:13.611  CAN2  2CD       [8]  C8 00 28 00 00 10 40 03
17:13:13.635  CAN2  3E1       [8]  00 00 00 00 00 00 00 00
17:13:13.635  CAN2  117       [8]  72 40 00 00 57 00 00 F7
17:13:13.635  CAN2  124       [8]  88 70 00 15 55 2A A8 00
17:13:13.635  CAN2  1AE       [8]  EA 90 00 01 0F FF 7F F8
17:13:13.635  CAN2  121       [8]  2E 80 2A A9 6A 8A AA 00
17:13:13.635  CAN2  23A       [8]  70 90 00 00 00 00 00 00
17:13:13.635  CAN2  249       [8]  00 00 00 00 00 00 00 00
17:13:13.635  CAN2  117       [8]  82 40 00 00 57 00 00 E7
17:13:13.635  CAN2  124       [8]  21 80 00 15 55 2A A8 00
17:13:13.635  CAN2  1AE       [8]  DA A0 00 01 0F FF 7F F8
17:13:13.635  CAN2  121       [8]  97 90 2A A9 6A 8A AA 00
17:13:13.635  CAN2  23A       [8]  60 A0 00 00 00 00 00 00
17:13:13.635  CAN2  3B7       [8]  00 41 41 22 22 F9 00 00
17:13:13.635  CAN2  3B7       [8]  01 3F 7F BF 7F 1E 75 00
17:13:13.635  CAN2  3B7       [8]  02 00 00 00 94 11 00 00
17:13:13.635  CAN2  3B7       [8]  03 00 00 9A 99 99 99 00
17:13:13.635  CAN2  3B7       [8]  04 07 CC 07 C6 0A F8 00
17:13:13.635  CAN2  3B7       [8]  05 12 01 11 00 00 00 01
17:13:13.635  CAN2  3E5       [8]  10 00 00 00 00 00 00 00
17:13:13.635  CAN2  117       [8]  92 40 00 00 57 00 00 D7
17:13:13.635  CAN2  124       [8]  98 90 00 15 55 2A A8 00
17:13:13.635  CAN2  1AE       [8]  CA B0 00 01 0F FF 7F F8
17:13:13.635  CAN2  2B2       [8]  92 80 00 00 41 00 90 41
17:13:13.635  CAN2  3B1       [8]  00 00 00 01 00 00 00 A0
17:13:13.635  CAN2  3B3       [8]  10 20 00 00 00 85 5F 00
17:13:13.635  CAN2  435       [8]  00 00 00 00 00 00 00 00
17:13:13.635  CAN2  42D       [8]  00 08 00 00 00 00 12 40
17:13:13.635  CAN2  121       [8]  41 A0 2A A9 6A 8A AA 00
17:13:13.635  CAN2  23A       [8]  50 B0 00 00 00 00 00 00
17:13:13.635  CAN2  2C1       [8]  00 09 00 00 0F 00 00 00
17:13:13.635  CAN2  359       [8]  00 28 5D C0 FF 00 02 00
17:13:13.635  CAN2  583       [8]  51 00 11 2C 6D A0 12 0E
17:13:13.672  CAN2  117       [8]  A2 40 00 00 57 00 00 C7
17:13:13.672  CAN2  124       [8]  4E A0 00 15 55 2A A8 00
17:13:13.672  CAN2  1AE       [8]  BA C0 00 01 0F FF 7F F8
17:13:13.672  CAN2  20E       [8]  00 01 00 00 00 13 61 04
17:13:13.672  CAN2  121       [8]  F8 B0 2A A9 6A 8A AA 00
17:13:13.672  CAN2  23A       [8]  40 C0 00 00 00 00 00 00
17:13:13.672  CAN2  3BD       [8]  00 00 00 00 00 00 00 00
17:13:13.672  CAN2  520       [8]  50 00 32 44 00 00 00 00
17:13:13.672  CAN2  517       [8]  FF 01 0E 00 92 00 4D 41
17:13:13.672  CAN2  518       [8]  00 05 FF 00 00 FF 00 00
17:13:13.672  CAN2  117       [8]  B2 40 00 00 57 00 00 B7
17:13:13.672  CAN2  124       [8]  F7 B0 00 15 55 2A A8 00
17:13:13.672  CAN2  1AE       [8]  AA D0 00 01 0F FF 7F F8
17:13:13.672  CAN2  335       [8]  00 02 00 1C FD 8E F0 00
17:13:13.672  CAN2  121       [8]  F0 C0 2A A9 6A 8A AA 00
17:13:13.672  CAN2  23A       [8]  30 D0 00 00 00 00 00 00
17:13:13.672  CAN2  247       [8]  00 06 00 00 18 09 08 88
17:13:13.672  CAN2  29A       [8]  11 0C 00 00 11 01 01 00
17:13:13.672  CAN2  2AB       [8]  00 00 00 00 00 03 2B FE
17:13:13.672  CAN2  2CD       [8]  C8 00 28 00 00 10 40 03
17:13:13.672  CAN2  117       [8]  C2 40 00 00 57 00 00 A7
17:13:13.672  CAN2  124       [8]  FF C0 00 15 55 2A A8 00
17:13:13.672  CAN2  1AE       [8]  9A E0 00 01 0F FF 7F F8
17:13:13.672  CAN2  3E1       [8]  00 00 00 00 00 00 00 00
17:13:13.672  CAN2  121       [8]  49 D0 2A A9 6A 8A AA 00
17:13:13.672  CAN2  23A       [8]  20 E0 00 00 00 00 00 00
17:13:13.672  CAN2  249       [8]  00 00 00 00 00 00 00 00
17:13:13.672  CAN2  117       [8]  D2 40 00 00 57 00 00 97
17:13:13.672  CAN2  124       [8]  46 D0 00 15 55 2A A8 00
17:13:13.672  CAN2  1AE       [8]  8A F0 00 01 0F FF 7F F8
17:13:13.672  CAN2  121       [8]  9F E0 2A A9 6A 8A AA 00
17:13:13.672  CAN2  23A       [8]  10 F0 00 00 00 00 00 00
17:13:13.709  CAN2  3B7       [8]  00 41 41 22 22 F9 00 00
17:13:13.709  CAN2  3B7       [8]  01 3F 7F BF 7F 1E 75 00
17:13:13.709  CAN2  3B7       [8]  02 00 00 00 94 11 00 00
17:13:13.709  CAN2  3B7       [8]  03 00 00 9A 99 99 99 00
17:13:13.709  CAN2  3B7       [8]  04 07 CB 07 C5 0A F9 00
17:13:13.709  CAN2  3B7       [8]  05 12 01 11 00 00 00 01
17:13:13.709  CAN2  3E5       [8]  10 00 00 00 00 00 00 00
17:13:13.709  CAN2  117       [8]  E2 40 00 00 57 00 00 87
17:13:13.709  CAN2  124       [8]  90 E0 00 15 55 2A A8 00
17:13:13.709  CAN2  1AE       [8]  7A 00 00 01 0F FF 7F F8
17:13:13.709  CAN2  3B1       [8]  00 00 00 01 00 00 00 A0
17:13:13.709  CAN2  3B3       [8]  10 20 00 00 00 85 5F 00
17:13:13.709  CAN2  121       [8]  26 F0 2A A9 6A 8A AA 00
17:13:13.709  CAN2  23A       [8]  00 00 00 00 00 00 00 00
17:13:13.709  CAN2  583       [8]  51 00 11 2C 6D A0 12 0E
17:13:13.709  CAN2  2C1       [8]  00 09 00 00 0F 00 00 00
17:13:13.709  CAN2  117       [8]  F2 40 00 00 57 00 00 77
17:13:13.709  CAN2  124       [8]  29 F0 00 15 55 2A A8 00
17:13:13.709  CAN2  1AE       [8]  6A 10 00 01 0F FF 7F F8
17:13:13.709  CAN2  20E       [8]  00 01 00 00 00 13 61 04
17:13:13.709  CAN2  121       [8]  8F 00 2A A9 6A 8A AA 00
17:13:13.709  CAN2  23A       [8]  F0 10 00 00 00 00 00 00
17:13:13.709  CAN2  3BD       [8]  00 00 00 00 00 00 00 00
17:13:13.709  CAN2  520       [8]  50 00 32 44 00 00 00 00
17:13:13.709  CAN2  517       [8]  FF 01 0E 00 92 00 4D 41
17:13:13.709  CAN2  518       [8]  00 05 FF 00 00 FF 00 00
17:13:13.709  CAN2  117       [8]  02 40 00 00 57 00 00 67
17:13:13.709  CAN2  124       [8]  80 00 00 15 55 2A A8 00
17:13:13.709  CAN2  1AE       [8]  5A 20 00 01 0F FF 7F F8
17:13:13.709  CAN2  335       [8]  00 02 00 1C FD 8E F0 00
17:13:13.709  CAN2  406       [8]  09 02 00 00 00 00 00 00
17:13:13.709  CAN2  121       [8]  36 10 2A A9 6A 8A AA 00
17:13:13.736  CAN2  23A       [8]  E0 20 00 00 00 00 00 00
17:13:13.736  CAN2  247       [8]  00 06 00 00 18 09 08 88
17:13:13.736  CAN2  256       [8]  53 10 00 61 25 2B A8 44
17:13:13.736  CAN2  29A       [8]  11 0C 00 00 11 01 01 00
17:13:13.736  CAN2  2AB       [8]  00 00 00 00 00 03 2B FE
17:13:13.736  CAN2  2CD       [8]  C8 00 28 00 00 10 40 03
17:13:13.736  CAN2  632       [8]  04 01 52 01 01 FF FF FF
17:13:13.736  CAN2  636       [8]  04 01 52 01 01 FF FF FF
17:13:13.736  CAN2  117       [8]  12 40 00 00 57 00 00 57
17:13:13.736  CAN2  124       [8]  39 10 00 15 55 2A A8 00
17:13:13.736  CAN2  1AE       [8]  4A 30 00 01 0F FF 7F F8
17:13:13.736  CAN2  3E1       [8]  00 00 00 00 00 00 00 00
17:13:13.736  CAN2  121       [8]  E0 20 2A A9 6A 8A AA 00
17:13:13.736  CAN2  23A       [8]  D0 30 00 00 00 00 00 00
17:13:13.736  CAN2  249       [8]  00 00 00 00 00 00 00 00
17:13:13.736  CAN2  117       [8]  22 40 00 00 57 00 00 47
17:13:13.736  CAN2  124       [8]  EF 20 00 15 55 2A A8 00
17:13:13.736  CAN2  1AE       [8]  3A 40 00 01 0F FF 7F F8
17:13:13.736  CAN2  121       [8]  59 30 2A A9 6A 8A AA 00
17:13:13.736  CAN2  23A       [8]  C0 40 00 00 00 00 00 00
17:13:13.736  CAN2  3B7       [8]  00 41 41 22 22 F9 00 00
17:13:13.736  CAN2  3B7       [8]  01 3F 7F BF 7F 1E 75 00
17:13:13.736  CAN2  3B7       [8]  02 00 00 00 94 11 00 00
17:13:13.736  CAN2  3B7       [8]  03 00 00 9A 99 99 99 00
17:13:13.736  CAN2  3B7       [8]  04 07 CB 07 C6 0A F8 00
17:13:13.736  CAN2  3E5       [8]  10 00 00 00 00 00 00 00
17:13:13.736  CAN2  3B7       [8]  05 12 01 11 00 00 00 01
17:13:13.736  CAN2  117       [8]  32 40 00 00 57 00 00 37
17:13:13.736  CAN2  124       [8]  56 30 00 15 55 2A A8 00
17:13:13.736  CAN2  1AE       [8]  2A 50 00 01 0F FF 7F F8
17:13:13.736  CAN2  2B2       [8]  A2 90 00 00 41 00 90 41
17:13:13.736  CAN2  3B1       [8]  00 00 00 01 00 00 00 A0
17:13:13.760  CAN2  3B3       [8]  10 20 00 00 00 85 5F 00
17:13:13.760  CAN2  435       [8]  00 00 00 00 00 00 00 00
17:13:13.760  CAN2  42D       [8]  00 08 00 00 00 00 12 40
17:13:13.760  CAN2  121       [8]  51 40 2A A9 6A 8A AA 00
17:13:13.760  CAN2  23A       [8]  B0 50 00 00 00 00 00 00
17:13:13.760  CAN2  359       [8]  00 28 5D C0 FF 00 02 00
17:13:13.760  CAN2  583       [8]  51 00 11 2C 6D A0 12 0E
17:13:13.760  CAN2  117       [8]  42 40 00 00 57 00 00 27
17:13:13.760  CAN2  124       [8]  5E 40 00 15 55 2A A8 00
17:13:13.760  CAN2  1AE       [8]  1A 60 00 01 0F FF 7F F8
17:13:13.760  CAN2  20E       [8]  00 01 00 00 00 13 61 04
17:13:13.760  CAN2  121       [8]  E8 50 2A A9 6A 8A AA 00
17:13:13.760  CAN2  23A       [8]  A0 60 00 00 00 00 00 00
17:13:13.760  CAN2  2C1       [8]  00 09 00 00 0F 00 00 00
17:13:13.760  CAN2  3BD       [8]  00 00 00 00 00 00 00 00
17:13:13.760  CAN2  520       [8]  50 00 32 44 00 00 00 00
17:13:13.760  CAN2  517       [8]  FF 01 0E 00 92 00 4D 41
17:13:13.760  CAN2  518       [8]  00 05 FF 00 00 FF 00 00
17:13:13.760  CAN2  117       [8]  52 40 00 00 57 00 00 17
17:13:13.760  CAN2  124       [8]  E7 50 00 15 55 2A A8 00
17:13:13.760  CAN2  1AE       [8]  0A 70 00 01 0F FF 7F F8
17:13:13.760  CAN2  335       [8]  00 02 00 1C FD 8E F0 00
17:13:13.760  CAN2  631       [8]  04 03 48 01 01 00 00 00
17:13:13.760  CAN2  121       [8]  3E 60 2A A9 6A 8A AA 00
17:13:13.760  CAN2  23A       [8]  90 70 00 00 00 00 00 00
17:13:13.760  CAN2  247       [8]  00 06 00 00 18 09 08 88
17:13:13.760  CAN2  29A       [8]  11 0C 00 00 11 01 01 00
17:13:13.760  CAN2  2AB       [8]  00 00 00 00 00 03 2B FE
17:13:13.760  CAN2  2CD       [8]  C8 00 28 00 00 10 40 03
17:13:13.760  CAN2  117       [8]  62 40 00 00 57 00 00 07
17:13:13.760  CAN2  124       [8]  31 60 00 15 55 2A A8 00
17:13:13.760  CAN2  1AE       [8]  FA 80 00 01 0F FF 7F F8
17:13:13.796  CAN2  121       [8]  87 70 2A A9 6A 8A AA 00
17:13:13.796  CAN2  23A       [8]  80 80 00 00 00 00 00 00
17:13:13.796  CAN2  249       [8]  00 00 00 00 00 00 00 00
17:13:13.796  CAN2  3E1       [8]  00 00 00 00 00 00 00 00
17:13:13.796  CAN2  117       [8]  72 40 00 00 57 00 00 F7
17:13:13.796  CAN2  124       [8]  88 70 00 15 55 2A A8 00
17:13:13.796  CAN2  1AE       [8]  EA 90 00 01 0F FF 7F F8
17:13:13.796  CAN2  121       [8]  2E 80 2A A9 6A 8A AA 00
17:13:13.796  CAN2  23A       [8]  70 90 00 00 00 00 00 00
17:13:13.796  CAN2  3B7       [8]  00 41 41 22 22 F9 00 00
17:13:13.796  CAN2  3B7       [8]  01 3F 7F BF 7F 1E 75 00
17:13:13.796  CAN2  3B7       [8]  02 00 00 00 94 11 00 00
17:13:13.796  CAN2  3B7       [8]  03 00 00 9A 99 99 99 00
17:13:13.796  CAN2  3B7       [8]  04 07 CB 07 C5 0A F8 00
17:13:13.796  CAN2  3B7       [8]  05 12 01 11 00 00 00 01
17:13:13.796  CAN2  3E5       [8]  10 00 00 00 00 00 00 00
17:13:13.796  CAN2  117       [8]  82 40 00 00 57 00 00 E7
17:13:13.796  CAN2  124       [8]  21 80 00 15 55 2A A8 00
17:13:13.796  CAN2  1AE       [8]  DA A0 00 01 0F FF 7F F8
17:13:13.796  CAN2  3B1       [8]  00 00 00 01 00 00 00 A0
17:13:13.796  CAN2  3B3       [8]  10 20 00 00 00 85 5F 00
17:13:13.796  CAN2  121       [8]  97 90 2A A9 6A 8A AA 00
17:13:13.796  CAN2  23A       [8]  60 A0 00 00 00 00 00 00
17:13:13.796  CAN2  583       [8]  51 00 11 2C 6D A0 12 0E
17:13:13.796  CAN2  117       [8]  92 40 00 00 57 00 00 D7
17:13:13.796  CAN2  124       [8]  98 90 00 15 55 2A A8 00
17:13:13.796  CAN2  1AE       [8]  CA B0 00 01 0F FF 7F F8
17:13:13.796  CAN2  20E       [8]  00 01 00 00 00 13 61 04
17:13:13.796  CAN2  121       [8]  41 A0 2A A9 6A 8A AA 00
17:13:13.796  CAN2  23A       [8]  50 B0 00 00 00 00 00 00
17:13:13.796  CAN2  3BD       [8]  00 00 00 00 00 00 00 00
17:13:13.796  CAN2  520       [8]  50 00 32 44 00 00 00 00
17:13:13.833  CAN2  517       [8]  FF 01 0E 00 92 00 4D 41
17:13:13.833  CAN2  518       [8]  00 05 FF 00 00 FF 00 00
17:13:13.833  CAN2  117       [8]  A2 40 00 00 57 00 00 C7
17:13:13.833  CAN2  124       [8]  4E A0 00 15 55 2A A8 00
17:13:13.833  CAN2  1AE       [8]  BA C0 00 01 0F FF 7F F8
17:13:13.833  CAN2  335       [8]  00 02 00 1C FD 8E F0 00
17:13:13.833  CAN2  2C1       [8]  00 09 00 00 0F 00 00 00
17:13:13.833  CAN2  409       [8]  0A 02 00 00 00 00 00 00
17:13:13.833  CAN2  121       [8]  F8 B0 2A A9 6A 8A AA 00
17:13:13.833  CAN2  23A       [8]  40 C0 00 00 00 00 00 00
17:13:13.833  CAN2  247       [8]  00 06 00 00 18 09 08 88
17:13:13.833  CAN2  256       [8]  52 10 00 61 25 2B A9 44
17:13:13.833  CAN2  29A       [8]  11 0C 00 00 11 01 01 00
17:13:13.833  CAN2  2AB       [8]  00 00 00 00 00 03 2B FE
17:13:13.833  CAN2  2CD       [8]  C8 00 28 00 00 10 40 03
17:13:13.833  CAN2  117       [8]  B2 40 00 00 57 00 00 B7
17:13:13.833  CAN2  124       [8]  F7 B0 00 15 55 2A A8 00
17:13:13.833  CAN2  1AE       [8]  AA D0 00 01 0F FF 7F F8
17:13:13.833  CAN2  121       [8]  F0 C0 2A A9 6A 8A AA 00
17:13:13.833  CAN2  23A       [8]  30 D0 00 00 00 00 00 00
17:13:13.833  CAN2  249       [8]  00 00 00 00 00 00 00 00
17:13:13.833  CAN2  3E1       [8]  00 00 00 00 00 00 00 00
17:13:13.833  CAN2  117       [8]  C2 40 00 00 57 00 00 A7
17:13:13.833  CAN2  124       [8]  FF C0 00 15 55 2A A8 00
17:13:13.833  CAN2  1AE       [8]  9A E0 00 01 0F FF 7F F8
17:13:13.833  CAN2  121       [8]  49 D0 2A A9 6A 8A AA 00
17:13:13.833  CAN2  23A       [8]  20 E0 00 00 00 00 00 00
17:13:13.833  CAN2  3B7       [8]  00 41 41 22 22 F9 00 00
17:13:13.833  CAN2  3B7       [8]  01 3F 7F BF 7F 1E 75 00
17:13:13.833  CAN2  3B7       [8]  02 00 00 00 94 11 00 00
17:13:13.833  CAN2  3B7       [8]  03 00 00 9A 99 99 99 00
17:13:13.833  CAN2  3B7       [8]  04 07 CB 07 C5 0A F8 00
17:13:13.857  CAN2  3B7       [8]  05 12 01 11 00 00 00 01
17:13:13.857  CAN2  3E5       [8]  10 00 00 00 00 00 00 00
17:13:13.857  CAN2  117       [8]  D2 40 00 00 57 00 00 97
17:13:13.857  CAN2  124       [8]  46 D0 00 15 55 2A A8 00
17:13:13.857  CAN2  1AE       [8]  8A F0 00 01 0F FF 7F F8
17:13:13.857  CAN2  2B2       [8]  B2 A0 00 00 41 00 90 41
17:13:13.857  CAN2  3C2       [8]  00 00 00 42 00 00 00 09
17:13:13.857  CAN2  3B1       [8]  00 00 00 01 00 00 00 A0
17:13:13.857  CAN2  3B3       [8]  10 20 00 00 00 85 5F 00
17:13:13.857  CAN2  435       [8]  00 00 00 00 00 00 00 00
17:13:13.857  CAN2  42D       [8]  00 08 00 00 00 00 12 40
17:13:13.857  CAN2  121       [8]  9F E0 2A A9 6A 8A AA 00
17:13:13.857  CAN2  23A       [8]  10 F0 00 00 00 00 00 00
17:13:13.857  CAN2  359       [8]  00 28 5D C0 FF 00 02 00
17:13:13.857  CAN2  583       [8]  51 00 11 2C 6D A0 12 0E
17:13:13.857  CAN2  117       [8]  E2 40 00 00 57 00 00 87
17:13:13.857  CAN2  124       [8]  90 E0 00 15 55 2A A8 00
17:13:13.857  CAN2  1AE       [8]  7A 00 00 01 0F FF 7F F8
17:13:13.857  CAN2  20E       [8]  00 01 00 00 00 13 61 04
17:13:13.857  CAN2  121       [8]  26 F0 2A A9 6A 8A AA 00
17:13:13.857  CAN2  23A       [8]  00 00 00 00 00 00 00 00
17:13:13.857  CAN2  3BD       [8]  00 00 00 00 00 00 00 00
17:13:13.857  CAN2  520       [8]  50 00 32 44 00 00 00 00
17:13:13.857  CAN2  517       [8]  FF 01 0E 00 92 00 4D 41
17:13:13.857  CAN2  518       [8]  00 05 FF 00 00 FF 00 00
17:13:13.857  CAN2  117       [8]  F2 40 00 00 57 00 00 77
17:13:13.857  CAN2  124       [8]  29 F0 00 15 55 2A A8 00
17:13:13.857  CAN2  1AE       [8]  6A 10 00 01 0F FF 7F F8
17:13:13.857  CAN2  335       [8]  00 02 00 1C FD 8E F0 00
17:13:13.857  CAN2  121       [8]  8F 00 2A A9 6A 8A AA 00
17:13:13.857  CAN2  23A       [8]  F0 10 00 00 00 00 00 00
17:13:13.857  CAN2  247       [8]  00 06 00 00 18 09 08 88
17:13:13.891  CAN2  29A       [8]  11 0C 00 00 11 01 01 00
17:13:13.891  CAN2  2AB       [8]  00 00 00 00 00 03 2B FE
17:13:13.891  CAN2  2CD       [8]  C8 00 28 00 00 10 40 03
17:13:13.891  CAN2  2C1       [8]  00 09 00 00 0F 00 00 00
17:13:13.891  CAN2  117       [8]  02 40 00 00 57 00 00 67
17:13:13.891  CAN2  124       [8]  80 00 00 15 55 2A A8 00
17:13:13.891  CAN2  1AE       [8]  5A 20 00 01 0F FF 7F F8
17:13:13.891  CAN2  121       [8]  36 10 2A A9 6A 8A AA 00
17:13:13.891  CAN2  23A       [8]  E0 20 00 00 00 00 00 00
17:13:13.891  CAN2  249       [8]  00 00 00 00 00 00 00 00
17:13:13.891  CAN2  3E1       [8]  00 00 00 00 00 00 00 00
17:13:13.891  CAN2  117       [8]  12 40 00 00 57 00 00 57
17:13:13.891  CAN2  124       [8]  39 10 00 15 55 2A A8 00
17:13:13.891  CAN2  1AE       [8]  4A 30 00 01 0F FF 7F F8
17:13:13.891  CAN2  580       [8]  7E A5 02 13 0D 4E 00 00
17:13:13.891  CAN2  121       [8]  E0 20 2A A9 6A 8A AA 00
17:13:13.891  CAN2  23A       [8]  D0 30 00 00 00 00 00 00
17:13:13.891  CAN2  3B7       [8]  00 41 41 22 22 F9 00 00
17:13:13.891  CAN2  3B7       [8]  01 3F 7F BF 7F 1E 75 00
17:13:13.891  CAN2  3B7       [8]  02 00 00 00 94 11 00 00
17:13:13.891  CAN2  3B7       [8]  03 00 00 9A 99 99 99 00
17:13:13.891  CAN2  3B7       [8]  04 07 CB 07 C5 0A F8 00
17:13:13.891  CAN2  3E5       [8]  10 00 00 00 00 00 00 00
17:13:13.891  CAN2  3B7       [8]  05 12 01 11 00 00 00 01
17:13:13.891  CAN2  117       [8]  22 40 00 00 57 00 00 47
17:13:13.891  CAN2  124       [8]  EF 20 00 15 55 2A A8 00
17:13:13.891  CAN2  1AE       [8]  3A 40 00 01 0F FF 7F F8
17:13:13.891  CAN2  3B1       [8]  00 00 00 01 00 00 00 A0
17:13:13.891  CAN2  3B3       [8]  10 20 00 00 00 85 5F 00
17:13:13.891  CAN2  121       [8]  59 30 2A A9 6A 8A AA 00
17:13:13.891  CAN2  23A       [8]  C0 40 00 00 00 00 00 00
17:13:13.891  CAN2  583       [8]  51 00 11 2C 6D A0 12 0E
17:13:13.917  CAN2  117       [8]  32 40 00 00 57 00 00 37
17:13:13.917  CAN2  124       [8]  56 30 00 15 55 2A A8 00
17:13:13.917  CAN2  1AE       [8]  2A 50 00 01 0F FF 7F F8
17:13:13.917  CAN2  20E       [8]  00 01 00 00 00 13 61 04
17:13:13.917  CAN2  121       [8]  51 40 2A A9 6A 8A AA 00
17:13:13.917  CAN2  23A       [8]  B0 50 00 00 00 00 00 00
17:13:13.917  CAN2  3BD       [8]  00 00 00 00 00 00 00 00
17:13:13.917  CAN2  520       [8]  50 00 32 44 00 00 00 00
17:13:13.917  CAN2  517       [8]  FF 01 0E 00 92 00 4D 41
17:13:13.917  CAN2  518       [8]  00 05 FF 00 00 FF 00 00
17:13:13.917  CAN2  117       [8]  42 40 00 00 57 00 00 27
17:13:13.917  CAN2  124       [8]  5E 40 00 15 55 2A A8 00
17:13:13.917  CAN2  1AE       [8]  1A 60 00 01 0F FF 7F F8
17:13:13.917  CAN2  335       [8]  00 02 00 1C FD 8E F0 00
17:13:13.917  CAN2  40A       [8]  0D 02 00 00 00 00 00 00
17:13:13.917  CAN2  121       [8]  E8 50 2A A9 6A 8A AA 00
17:13:13.917  CAN2  23A       [8]  A0 60 00 00 00 00 00 00
17:13:13.917  CAN2  247       [8]  00 06 00 00 18 09 08 88
17:13:13.917  CAN2  256       [8]  51 10 00 61 25 2B AA 44
17:13:13.917  CAN2  29A       [8]  11 0C 00 00 11 01 01 00
17:13:13.917  CAN2  2AB       [8]  00 00 00 00 00 03 2B FE
17:13:13.917  CAN2  2CD       [8]  C8 00 28 00 00 10 40 03
17:13:13.917  CAN2  632       [8]  04 01 52 01 01 FF FF FF
17:13:13.917  CAN2  636       [8]  04 01 52 01 01 FF FF FF
17:13:13.917  CAN2  117       [8]  52 40 00 00 57 00 00 17
17:13:13.917  CAN2  124       [8]  E7 50 00 15 55 2A A8 00
17:13:13.917  CAN2  1AE       [8]  0A 70 00 01 0F FF 7F F8
17:13:13.917  CAN2  2C1       [8]  00 09 00 00 0F 00 00 00
17:13:13.917  CAN2  121       [8]  3E 60 2A A9 6A 8A AA 00
17:13:13.917  CAN2  23A       [8]  90 70 00 00 00 00 00 00
17:13:13.917  CAN2  249       [8]  00 00 00 00 00 00 00 00
17:13:13.917  CAN2  117       [8]  62 40 00 00 57 00 00 07
17:13:13.942  CAN2  124       [8]  31 60 00 15 55 2A A8 00
17:13:13.942  CAN2  1AE       [8]  FA 80 00 01 0F FF 7F F8
17:13:13.942  CAN2  3E1       [8]  00 00 00 00 00 00 00 00
17:13:13.942  CAN2  121       [8]  87 70 2A A9 6A 8A AA 00
17:13:13.942  CAN2  23A       [8]  80 80 00 00 00 00 00 00
17:13:13.942  CAN2  3B7       [8]  00 41 41 22 22 F9 00 00
17:13:13.942  CAN2  3B7       [8]  01 3F 7F BF 7F 1E 75 00
17:13:13.942  CAN2  3B7       [8]  02 00 00 00 94 11 00 00
17:13:13.942  CAN2  3B7       [8]  03 00 00 9A 99 99 99 00
17:13:13.942  CAN2  3B7       [8]  04 07 CB 07 C5 0A F8 00
17:13:13.942  CAN2  3B7       [8]  05 12 01 11 00 00 00 01
17:13:13.942  CAN2  3E5       [8]  10 00 00 00 00 00 00 00
17:13:13.942  CAN2  117       [8]  72 40 00 00 57 00 00 F7
17:13:13.942  CAN2  124       [8]  88 70 00 15 55 2A A8 00
17:13:13.942  CAN2  1AE       [8]  EA 90 00 01 0F FF 7F F8
17:13:13.942  CAN2  2B2       [8]  C2 B0 00 00 41 00 90 41
17:13:13.942  CAN2  3B1       [8]  00 00 00 01 00 00 00 A0
17:13:13.942  CAN2  3B3       [8]  10 20 00 00 00 85 5F 00
17:13:13.942  CAN2  435       [8]  00 00 00 00 00 00 00 00
17:13:13.942  CAN2  42D       [8]  00 08 00 00 00 00 12 40
17:13:13.942  CAN2  121       [8]  2E 80 2A A9 6A 8A AA 00
17:13:13.942  CAN2  23A       [8]  70 90 00 00 00 00 00 00
17:13:13.942  CAN2  359       [8]  00 28 5D C0 FF 00 02 00
17:13:13.942  CAN2  583       [8]  51 00 11 2C 6D A0 12 0E
17:13:13.942  CAN2  117       [8]  82 40 00 00 57 00 00 E7
17:13:13.942  CAN2  124       [8]  21 80 00 15 55 2A A8 00
17:13:13.942  CAN2  1AE       [8]  DA A0 00 01 0F FF 7F F8
17:13:13.942  CAN2  20E       [8]  00 01 00 00 00 13 61 04
17:13:13.942  CAN2  121       [8]  97 90 2A A9 6A 8A AA 00
17:13:13.942  CAN2  23A       [8]  60 A0 00 00 00 00 00 00
17:13:13.942  CAN2  3BD       [8]  00 00 00 00 00 00 00 00
17:13:13.942  CAN2  520       [8]  50 00 32 44 00 00 00 00
17:13:13.979  CAN2  517       [8]  FF 01 0E 00 92 00 4D 41
17:13:13.979  CAN2  518       [8]  00 05 FF 00 00 FF 00 00
17:13:13.979  CAN2  117       [8]  92 40 00 00 57 00 00 D7
17:13:13.979  CAN2  124       [8]  98 90 00 15 55 2A A8 00
17:13:13.979  CAN2  1AE       [8]  CA B0 00 01 0F FF 7F F8
17:13:13.979  CAN2  335       [8]  00 02 00 1C FD 8E F0 00
17:13:13.979  CAN2  631       [8]  04 03 48 01 01 00 00 00
17:13:13.979  CAN2  121       [8]  41 A0 2A A9 6A 8A AA 00
17:13:13.979  CAN2  23A       [8]  50 B0 00 00 00 00 00 00
17:13:13.979  CAN2  247       [8]  00 06 00 00 18 09 08 88
17:13:13.979  CAN2  29A       [8]  11 0C 00 00 11 01 01 00
17:13:13.979  CAN2  2AB       [8]  00 00 00 00 00 03 2B FE
17:13:13.979  CAN2  2CD       [8]  C8 00 28 00 00 10 40 03
17:13:13.979  CAN2  117       [8]  A2 40 00 00 57 00 00 C7
17:13:13.979  CAN2  124       [8]  4E A0 00 15 55 2A A8 00
17:13:13.979  CAN2  1AE       [8]  BA C0 00 01 0F FF 7F F8
17:13:13.979  CAN2  121       [8]  F8 B0 2A A9 6A 8A AA 00
17:13:13.979  CAN2  23A       [8]  40 C0 00 00 00 00 00 00
17:13:13.979  CAN2  249       [8]  00 00 00 00 00 00 00 00
17:13:13.979  CAN2  2C1       [8]  00 09 00 00 0F 00 00 00
17:13:13.979  CAN2  117       [8]  B2 40 00 00 57 00 00 B7
17:13:13.979  CAN2  124       [8]  F7 B0 00 15 55 2A A8 00
17:13:13.979  CAN2  1AE       [8]  AA D0 00 01 0F FF 7F F8
17:13:13.979  CAN2  3E1       [8]  00 00 00 00 00 00 00 00
17:13:13.979  CAN2  121       [8]  F0 C0 2A A9 6A 8A AA 00
17:13:13.979  CAN2  23A       [8]  30 D0 00 00 00 00 00 00
17:13:13.979  CAN2  3B7       [8]  00 41 41 22 22 F9 00 00
17:13:13.979  CAN2  3B7       [8]  01 3F 7F BF 7F 1E 75 00
17:13:13.979  CAN2  3B7       [8]  02 00 00 00 94 11 00 00
17:13:13.979  CAN2  3B7       [8]  03 00 00 9A 99 99 99 00
17:13:13.979  CAN2  3B7       [8]  04 07 CB 07 C5 0A F8 00
17:13:13.979  CAN2  3B7       [8]  05 12 01 11 00 00 00 01
17:13:14.015  CAN2  3E5       [8]  10 00 00 00 00 00 00 00
17:13:14.015  CAN2  117       [8]  C2 40 00 00 57 00 00 A7
17:13:14.015  CAN2  124       [8]  FF C0 00 15 55 2A A8 00
17:13:14.015  CAN2  1AE       [8]  9A E0 00 01 0F FF 7F F8
17:13:14.015  CAN2  3B1       [8]  00 00 00 01 00 00 00 A0
17:13:14.015  CAN2  3B3       [8]  10 20 00 00 00 85 5F 00
17:13:14.015  CAN2  121       [8]  49 D0 2A A9 6A 8A AA 00
17:13:14.015  CAN2  23A       [8]  20 E0 00 00 00 00 00 00
17:13:14.015  CAN2  583       [8]  51 00 11 2C 6D A0 12 0E
17:13:14.015  CAN2  117       [8]  D2 40 00 00 57 00 00 97
17:13:14.015  CAN2  124       [8]  46 D0 00 15 55 2A A8 00
17:13:14.015  CAN2  1AE       [8]  8A F0 00 01 0F FF 7F F8
17:13:14.015  CAN2  20E       [8]  00 01 00 00 00 13 61 04
17:13:14.015  CAN2  121       [8]  9F E0 2A A9 6A 8A AA 00
17:13:14.015  CAN2  23A       [8]  10 F0 00 00 00 00 00 00
17:13:14.015  CAN2  3BD       [8]  00 00 00 00 00 00 00 00
17:13:14.015  CAN2  520       [8]  50 00 32 44 00 00 00 00
17:13:14.015  CAN2  517       [8]  FF 01 0E 00 92 00 4D 41
17:13:14.015  CAN2  518       [8]  00 05 FF 00 00 FF 00 00
17:13:14.015  CAN2  117       [8]  E2 40 00 00 57 00 00 87
17:13:14.015  CAN2  124       [8]  90 E0 00 15 55 2A A8 00
17:13:14.015  CAN2  1AE       [8]  7A 00 00 01 0F FF 7F F8
17:13:14.015  CAN2  335       [8]  00 02 00 1C FD 8E F0 00
17:13:14.015  CAN2  121       [8]  26 F0 2A A9 6A 8A AA 00
17:13:14.015  CAN2  23A       [8]  00 00 00 00 00 00 00 00
17:13:14.015  CAN2  247       [8]  00 06 00 00 18 09 08 88
17:13:14.015  CAN2  256       [8]  50 10 00 61 25 2B AB 44
17:13:14.015  CAN2  29A       [8]  11 0C 00 00 11 01 01 00
17:13:14.015  CAN2  2AB       [8]  00 00 00 00 00 03 2B FE
17:13:14.015  CAN2  2CD       [8]  C8 00 28 00 00 10 40 03
17:13:14.015  CAN2  40D       [8]  01 02 00 00 00 00 00 00
17:13:14.015  CAN2  117       [8]  F2 40 00 00 57 00 00 77
17:13:14.039  CAN2  124       [8]  29 F0 00 15 55 2A A8 00
17:13:14.039  CAN2  1AE       [8]  6A 10 00 01 0F FF 7F F8
17:13:14.039  CAN2  121       [8]  8F 00 2A A9 6A 8A AA 00
17:13:14.039  CAN2  23A       [8]  F0 10 00 00 00 00 00 00
17:13:14.039  CAN2  249       [8]  00 00 00 00 00 00 00 00
17:13:14.039  CAN2  117       [8]  02 40 00 00 57 00 00 67
17:13:14.039  CAN2  124       [8]  80 00 00 15 55 2A A8 00
17:13:14.039  CAN2  1AE       [8]  5A 20 00 01 0F FF 7F F8
17:13:14.039  CAN2  2C1       [8]  00 09 00 00 0F 00 00 00
17:13:14.039  CAN2  121       [8]  36 10 2A A9 6A 8A AA 00
17:13:14.039  CAN2  23A       [8]  E0 20 00 00 00 00 00 00
17:13:14.039  CAN2  3B7       [8]  00 41 41 22 22 F9 00 00
17:13:14.039  CAN2  3E1       [8]  00 00 00 00 00 00 00 00
17:13:14.039  CAN2  3B7       [8]  01 3F 7F BF 7F 1E 75 00
17:13:14.039  CAN2  3B7       [8]  02 00 00 00 94 11 00 00
17:13:14.039  CAN2  3B7       [8]  03 00 00 9A 99 99 99 00
17:13:14.039  CAN2  3B7       [8]  04 07 CB 07 C6 0A F8 00
17:13:14.039  CAN2  3E5       [8]  10 00 00 00 00 00 00 00
17:13:14.039  CAN2  3B7       [8]  05 12 01 11 00 00 00 01
17:13:14.039  CAN2  117       [8]  12 40 00 00 57 00 00 57
17:13:14.039  CAN2  124       [8]  39 10 00 15 55 2A A8 00
17:13:14.039  CAN2  1AE       [8]  4A 30 00 01 0F FF 7F F8
17:13:14.039  CAN2  2B2       [8]  D2 C0 00 00 41 00 90 41
17:13:14.039  CAN2  3B1       [8]  00 00 00 01 00 00 00 A0
17:13:14.039  CAN2  3B3       [8]  10 20 00 00 00 85 5F 00
17:13:14.039  CAN2  435       [8]  00 00 00 00 00 00 00 00
17:13:14.039  CAN2  42D       [8]  00 08 00 00 00 00 12 40
17:13:14.039  CAN2  121       [8]  E0 20 2A A9 6A 8A AA 00
17:13:14.039  CAN2  23A       [8]  D0 30 00 00 00 00 00 00
17:13:14.039  CAN2  359       [8]  00 28 5D C0 FF 00 02 00
17:13:14.039  CAN2  583       [8]  51 00 11 2C 6D A0 12 0E
17:13:14.039  CAN2  117       [8]  22 40 00 00 57 00 00 47
17:13:14.076  CAN2  124       [8]  EF 20 00 15 55 2A A8 00
17:13:14.076  CAN2  1AE       [8]  3A 40 00 01 0F FF 7F F8
17:13:14.076  CAN2  20E       [8]  00 01 00 00 00 13 61 04
17:13:14.076  CAN2  121       [8]  59 30 2A A9 6A 8A AA 00
17:13:14.076  CAN2  23A       [8]  C0 40 00 00 00 00 00 00
17:13:14.076  CAN2  3BD       [8]  00 00 00 00 00 00 00 00
17:13:14.076  CAN2  520       [8]  50 00 32 44 00 00 00 00
17:13:14.076  CAN2  517       [8]  FF 01 0E 00 92 00 4D 41
17:13:14.076  CAN2  518       [8]  00 05 FF 00 00 FF 00 00
17:13:14.076  CAN2  117       [8]  32 40 00 00 57 00 00 37
17:13:14.076  CAN2  124       [8]  56 30 00 15 55 2A A8 00
17:13:14.076  CAN2  1AE       [8]  2A 50 00 01 0F FF 7F F8
17:13:14.076  CAN2  335       [8]  00 02 00 1C FD 8E F0 00
17:13:14.076  CAN2  121       [8]  51 40 2A A9 6A 8A AA 00
17:13:14.076  CAN2  23A       [8]  B0 50 00 00 00 00 00 00
17:13:14.076  CAN2  247       [8]  00 06 00 00 18 09 08 88
17:13:14.076  CAN2  29A       [8]  11 0C 00 00 11 01 01 00
17:13:14.076  CAN2  2AB       [8]  00 00 00 00 00 03 2B FE
17:13:14.076  CAN2  2CD       [8]  C8 00 28 00 00 10 40 03
17:13:14.076  CAN2  117       [8]  42 40 00 00 57 00 00 27
17:13:14.076  CAN2  124       [8]  5E 40 00 15 55 2A A8 00
17:13:14.076  CAN2  1AE       [8]  1A 60 00 01 0F FF 7F F8
17:13:14.076  CAN2  121       [8]  E8 50 2A A9 6A 8A AA 00
17:13:14.076  CAN2  23A       [8]  A0 60 00 00 00 00 00 00
17:13:14.076  CAN2  249       [8]  00 00 00 00 00 00 00 00
17:13:14.076  CAN2  117       [8]  52 40 00 00 57 00 00 17
17:13:14.076  CAN2  124       [8]  E7 50 00 15 55 2A A8 00
17:13:14.076  CAN2  1AE       [8]  0A 70 00 01 0F FF 7F F8
17:13:14.076  CAN2  121       [8]  3E 60 2A A9 6A 8A AA 00
17:13:14.076  CAN2  23A       [8]  90 70 00 00 00 00 00 00
17:13:14.076  CAN2  3B7       [8]  00 41 41 22 22 F9 00 00
17:13:14.076  CAN2  3B7       [8]  01 3F 7F BF 7F 1E 75 00
17:13:14.102  CAN2  3B7       [8]  02 00 00 00 94 11 00 00
17:13:14.102  CAN2  2C1       [8]  00 09 00 00 0F 00 00 00
17:13:14.102  CAN2  3B7       [8]  03 00 00 9A 99 99 99 00
17:13:14.102  CAN2  3E1       [8]  00 00 00 00 00 00 00 00
17:13:14.102  CAN2  3B7       [8]  04 07 CB 07 C5 0A F8 00
17:13:14.102  CAN2  3E5       [8]  10 00 00 00 00 00 00 00
17:13:14.102  CAN2  3B7       [8]  05 12 01 11 00 00 00 01
17:13:14.102  CAN2  117       [8]  62 40 00 00 57 00 00 07
17:13:14.102  CAN2  124       [8]  31 60 00 15 55 2A A8 00
17:13:14.102  CAN2  1AE       [8]  FA 80 00 01 0F FF 7F F8
17:13:14.102  CAN2  3B1       [8]  00 00 00 01 00 00 00 A0
17:13:14.102  CAN2  3B3       [8]  10 20 00 00 00 85 5F 00
17:13:14.102  CAN2  121       [8]  87 70 2A A9 6A 8A AA 00
17:13:14.102  CAN2  23A       [8]  80 80 00 00 00 00 00 00
17:13:14.102  CAN2  583       [8]  51 00 11 2C 6D A0 12 0E
17:13:14.102  CAN2  117       [8]  72 40 00 00 57 00 00 F7
17:13:14.102  CAN2  124       [8]  88 70 00 15 55 2A A8 00
17:13:14.102  CAN2  1AE       [8]  EA 90 00 01 0F FF 7F F8
17:13:14.102  CAN2  20E       [8]  00 01 00 00 00 13 61 04
17:13:14.102  CAN2  121       [8]  2E 80 2A A9 6A 8A AA 00
17:13:14.102  CAN2  23A       [8]  70 90 00 00 00 00 00 00
17:13:14.102  CAN2  520       [8]  50 00 32 44 00 00 00 00
17:13:14.102  CAN2  3BD       [8]  00 00 00 00 00 00 00 00
17:13:14.102  CAN2  517       [8]  FF 01 0E 00 92 00 4D 41
17:13:14.102  CAN2  518       [8]  00 05 FF 00 00 FF 00 00
17:13:14.102  CAN2  117       [8]  82 40 00 00 57 00 00 E7
17:13:14.102  CAN2  124       [8]  21 80 00 15 55 2A A8 00
17:13:14.102  CAN2  1AE       [8]  DA A0 00 01 0F FF 7F F8
17:13:14.102  CAN2  335       [8]  00 02 00 1C FD 8E F0 00
17:13:14.102  CAN2  121       [8]  97 90 2A A9 6A 8A AA 00
17:13:14.102  CAN2  23A       [8]  60 A0 00 00 00 00 00 00
17:13:14.102  CAN2  247       [8]  00 06 00 00 18 09 08 88
17:13:14.139  CAN2  256       [8]  4F 10 00 61 25 2B AC 44
17:13:14.139  CAN2  29A       [8]  11 0C 00 00 11 01 01 00
17:13:14.139  CAN2  2AB       [8]  00 00 00 00 00 03 2B FE
17:13:14.139  CAN2  2CD       [8]  C8 00 28 00 00 10 40 03
17:13:14.139  CAN2  632       [8]  04 01 52 01 01 FF FF FF
17:13:14.139  CAN2  636       [8]  04 01 52 01 01 FF FF FF
17:13:14.139  CAN2  117       [8]  92 40 00 00 57 00 00 D7
17:13:14.139  CAN2  124       [8]  98 90 00 15 55 2A A8 00
17:13:14.139  CAN2  1AE       [8]  CA B0 00 01 0F FF 7F F8
17:13:14.139  CAN2  121       [8]  41 A0 2A A9 6A 8A AA 00
17:13:14.139  CAN2  23A       [8]  50 B0 00 00 00 00 00 00
17:13:14.139  CAN2  249       [8]  00 00 00 00 00 00 00 00
17:13:14.139  CAN2  401       [8]  02 02 00 00 00 00 00 00
17:13:14.139  CAN2  117       [8]  A2 40 00 00 57 00 00 C7
17:13:14.139  CAN2  124       [8]  4E A0 00 15 55 2A A8 00
17:13:14.139  CAN2  1AE       [8]  BA C0 00 01 0F FF 7F F8
17:13:14.139  CAN2  121       [8]  F8 B0 2A A9 6A 8A AA 00
17:13:14.139  CAN2  23A       [8]  40 C0 00 00 00 00 00 00
17:13:14.139  CAN2  3B7       [8]  00 41 41 22 22 F9 00 00
17:13:14.139  CAN2  3B7       [8]  01 3F 7F BF 7F 1E 75 00
17:13:14.139  CAN2  3B7       [8]  02 00 00 00 94 11 00 00
17:13:14.139  CAN2  3B7       [8]  03 00 00 9A 99 99 99 00
17:13:14.139  CAN2  3B7       [8]  04 07 CB 07 C5 0A F8 00
17:13:14.139  CAN2  3B7       [8]  05 12 01 11 00 00 00 01
17:13:14.139  CAN2  3E5       [8]  10 00 00 00 00 00 00 00
17:13:14.139  CAN2  3E1       [8]  00 00 00 00 00 00 00 00
17:13:14.139  CAN2  117       [8]  B2 40 00 00 57 00 00 B7
17:13:14.139  CAN2  124       [8]  F7 B0 00 15 55 2A A8 00
17:13:14.139  CAN2  1AE       [8]  AA D0 00 01 0F FF 7F F8
17:13:14.139  CAN2  2B2       [8]  E2 D0 00 00 41 00 90 41
17:13:14.139  CAN2  3B1       [8]  00 00 00 01 00 00 00 A0
17:13:14.139  CAN2  3B3       [8]  10 20 00 00 00 85 5F 00
17:13:14.162  CAN2  435       [8]  00 00 00 00 00 00 00 00
17:13:14.162  CAN2  42D       [8]  00 08 00 00 00 00 12 40
17:13:14.162  CAN2  2C1       [8]  00 09 00 00 0F 00 00 00
17:13:14.162  CAN2  121       [8]  F0 C0 2A A9 6A 8A AA 00
17:13:14.162  CAN2  23A       [8]  30 D0 00 00 00 00 00 00
17:13:14.162  CAN2  359       [8]  00 28 5D C0 FF 00 02 00
17:13:14.162  CAN2  583       [8]  51 00 11 2C 6D A0 12 0E
17:13:14.162  CAN2  117       [8]  C2 40 00 00 57 00 00 A7
17:13:14.162  CAN2  124       [8]  FF C0 00 15 55 2A A8 00
17:13:14.162  CAN2  1AE       [8]  9A E0 00 01 0F FF 7F F8
17:13:14.162  CAN2  20E       [8]  00 01 00 00 00 13 61 04
17:13:14.162  CAN2  121       [8]  49 D0 2A A9 6A 8A AA 00
17:13:14.162  CAN2  23A       [8]  20 E0 00 00 00 00 00 00
17:13:14.162  CAN2  520       [8]  50 00 32 44 00 00 00 00
17:13:14.162  CAN2  3BD       [8]  00 00 00 00 00 00 00 00
17:13:14.162  CAN2  517       [8]  FF 01 0E 00 92 00 4D 41
17:13:14.162  CAN2  518       [8]  00 05 FF 00 00 FF 00 00
17:13:14.162  CAN2  117       [8]  D2 40 00 00 57 00 00 97
17:13:14.162  CAN2  124       [8]  46 D0 00 15 55 2A A8 00
17:13:14.162  CAN2  1AE       [8]  8A F0 00 01 0F FF 7F F8
17:13:14.162  CAN2  335       [8]  00 02 00 1C FD 8E F0 00
17:13:14.162  CAN2  631       [8]  04 03 48 01 01 00 00 00
17:13:14.162  CAN2  29A       [8]  11 0C 00 00 11 01 01 00
17:13:14.162  CAN2  121       [8]  9F E0 2A A9 6A 8A AA 00
17:13:14.162  CAN2  23A       [8]  10 F0 00 00 00 00 00 00
17:13:14.162  CAN2  247       [8]  00 06 00 00 18 09 08 88
17:13:14.162  CAN2  2AB       [8]  00 00 00 00 00 03 2B FE
17:13:14.162  CAN2  2CD       [8]  C8 00 28 00 00 10 40 03
17:13:14.162  CAN2  117       [8]  E2 40 00 00 57 00 00 87
17:13:14.162  CAN2  124       [8]  90 E0 00 15 55 2A A8 00
17:13:14.162  CAN2  1AE       [8]  7A 00 00 01 0F FF 7F F8
17:13:14.162  CAN2  121       [8]  26 F0 2A A9 6A 8A AA 00
17:13:14.199  CAN2  23A       [8]  00 00 00 00 00 00 00 00
17:13:14.199  CAN2  249       [8]  00 00 00 00 00 00 00 00
17:13:14.199  CAN2  117       [8]  F2 40 00 00 57 00 00 77
17:13:14.199  CAN2  124       [8]  29 F0 00 15 55 2A A8 00
17:13:14.199  CAN2  1AE       [8]  6A 10 00 01 0F FF 7F F8
17:13:14.199  CAN2  121       [8]  8F 00 2A A9 6A 8A AA 00
17:13:14.199  CAN2  23A       [8]  F0 10 00 00 00 00 00 00
17:13:14.199  CAN2  3B7       [8]  00 41 41 22 22 F9 00 00
17:13:14.199  CAN2  3B7       [8]  01 3F 7F BF 7F 1E 75 00
17:13:14.199  CAN2  3B7       [8]  02 00 00 00 94 11 00 00
17:13:14.199  CAN2  3B7       [8]  03 00 00 9A 99 99 99 00
17:13:14.199  CAN2  3B7       [8]  04 07 CB 07 C5 0A F8 00
17:13:14.199  CAN2  3B7       [8]  05 12 01 11 00 00 00 01
17:13:14.199  CAN2  3E5       [8]  10 00 00 00 00 00 00 00
17:13:14.199  CAN2  117       [8]  02 40 00 00 57 00 00 67
17:13:14.199  CAN2  124       [8]  80 00 00 15 55 2A A8 00
17:13:14.199  CAN2  1AE       [8]  5A 20 00 01 0F FF 7F F8
17:13:14.199  CAN2  3B1       [8]  00 00 00 01 00 00 00 A0
17:13:14.199  CAN2  3B3       [8]  10 20 00 00 00 85 5F 00
17:13:14.199  CAN2  3E1       [8]  00 00 00 00 00 00 00 00
17:13:14.199  CAN2  121       [8]  36 10 2A A9 6A 8A AA 00
17:13:14.199  CAN2  23A       [8]  E0 20 00 00 00 00 00 00
17:13:14.199  CAN2  583       [8]  51 00 11 2C 6D A0 12 0E
17:13:14.199  CAN2  2C1       [8]  00 09 00 00 0F 00 00 00
17:13:14.199  CAN2  117       [8]  12 40 00 00 57 00 00 57
17:13:14.199  CAN2  124       [8]  39 10 00 15 55 2A A8 00
17:13:14.199  CAN2  1AE       [8]  4A 30 00 01 0F FF 7F F8
17:13:14.199  CAN2  20E       [8]  00 01 00 00 00 13 61 04
17:13:14.199  CAN2  121       [8]  E0 20 2A A9 6A 8A AA 00
17:13:14.199  CAN2  23A       [8]  D0 30 00 00 00 00 00 00
17:13:14.199  CAN2  520       [8]  50 00 32 44 00 00 00 00
17:13:14.199  CAN2  3BD       [8]  00 00 00 00 00 00 00 00
17:13:14.235  CAN2  517       [8]  FF 01 0E 00 92 00 4D 41
17:13:14.235  CAN2  518       [8]  00 05 FF 00 00 FF 00 00
17:13:14.235  CAN2  117       [8]  22 40 00 00 57 00 00 47
17:13:14.235  CAN2  124       [8]  EF 20 00 15 55 2A A8 00
17:13:14.235  CAN2  1AE       [8]  3A 40 00 01 0F FF 7F F8
17:13:14.235  CAN2  335       [8]  00 02 00 1C FD 8E F0 00
17:13:14.235  CAN2  29A       [8]  11 0C 00 00 11 01 01 00
17:13:14.235  CAN2  121       [8]  59 30 2A A9 6A 8A AA 00
17:13:14.235  CAN2  23A       [8]  C0 40 00 00 00 00 00 00
17:13:14.235  CAN2  247       [8]  00 06 00 00 18 09 08 88
17:13:14.235  CAN2  256       [8]  4E 10 00 61 25 2B AD 44
17:13:14.235  CAN2  2AB       [8]  00 00 00 00 00 03 2B FE
17:13:14.235  CAN2  2CD       [8]  C8 00 28 00 00 10 40 03
17:13:14.235  CAN2  402       [8]  06 02 00 00 00 00 00 00
17:13:14.235  CAN2  117       [8]  32 40 00 00 57 00 00 37
17:13:14.235  CAN2  124       [8]  56 30 00 15 55 2A A8 00
17:13:14.235  CAN2  1AE       [8]  2A 50 00 01 0F FF 7F F8
17:13:14.235  CAN2  121       [8]  51 40 2A A9 6A 8A AA 00
17:13:14.235  CAN2  23A       [8]  B0 50 00 00 00 00 00 00
17:13:14.235  CAN2  249       [8]  00 00 00 00 00 00 00 00
17:13:14.235  CAN2  117       [8]  42 40 00 00 57 00 00 27
17:13:14.235  CAN2  124       [8]  5E 40 00 15 55 2A A8 00
17:13:14.235  CAN2  1AE       [8]  1A 60 00 01 0F FF 7F F8
17:13:14.235  CAN2  121       [8]  E8 50 2A A9 6A 8A AA 00
17:13:14.235  CAN2  23A       [8]  A0 60 00 00 00 00 00 00
17:13:14.235  CAN2  3B7       [8]  00 41 41 22 22 F9 00 00
17:13:14.235  CAN2  3B7       [8]  01 3F 7F BF 7F 1E 75 00
17:13:14.235  CAN2  3B7       [8]  02 00 00 00 94 11 00 00
17:13:14.235  CAN2  3B7       [8]  03 00 00 9A 99 99 99 00
17:13:14.235  CAN2  3B7       [8]  04 07 CB 07 C5 0A F8 00
17:13:14.235  CAN2  3B7       [8]  05 12 01 11 00 00 00 01
17:13:14.235  CAN2  3E5       [8]  10 00 00 00 00 00 00 00
17:13:14.260  CAN2  117       [8]  52 40 00 00 57 00 00 17
17:13:14.260  CAN2  124       [8]  E7 50 00 15 55 2A A8 00
17:13:14.260  CAN2  1AE       [8]  0A 70 00 01 0F FF 7F F8
17:13:14.260  CAN2  2B2       [8]  F2 E0 00 00 41 00 90 41
17:13:14.260  CAN2  3B1       [8]  00 00 00 01 00 00 00 A0
17:13:14.260  CAN2  3B3       [8]  10 20 00 00 00 85 5F 00
17:13:14.260  CAN2  435       [8]  00 00 00 00 00 00 00 00
17:13:14.260  CAN2  42D       [8]  00 08 00 00 00 00 12 40
17:13:14.260  CAN2  3E1       [8]  00 00 00 00 00 00 00 00
17:13:14.260  CAN2  121       [8]  3E 60 2A A9 6A 8A AA 00
17:13:14.260  CAN2  23A       [8]  90 70 00 00 00 00 00 00
17:13:14.260  CAN2  359       [8]  00 28 5D C0 FF 00 02 00
17:13:14.260  CAN2  583       [8]  51 00 11 2C 6D A0 12 0E
17:13:14.260  CAN2  117       [8]  62 40 00 00 57 00 00 07
17:13:14.260  CAN2  124       [8]  31 60 00 15 55 2A A8 00
17:13:14.260  CAN2  1AE       [8]  FA 80 00 01 0F FF 7F F8
17:13:14.260  CAN2  20E       [8]  00 01 00 00 00 13 61 04
17:13:14.260  CAN2  2C1       [8]  00 09 00 00 0F 00 00 00
17:13:14.260  CAN2  121       [8]  87 70 2A A9 6A 8A AA 00
17:13:14.260  CAN2  23A       [8]  80 80 00 00 00 00 00 00
17:13:14.260  CAN2  520       [8]  50 00 32 44 00 00 00 00
17:13:14.260  CAN2  3BD       [8]  00 00 00 00 00 00 00 00
17:13:14.260  CAN2  517       [8]  FF 01 0E 00 92 00 4D 41
17:13:14.260  CAN2  518       [8]  00 05 FF 00 00 FF 00 00
17:13:14.260  CAN2  117       [8]  72 40 00 00 57 00 00 F7
17:13:14.260  CAN2  124       [8]  88 70 00 15 55 2A A8 00
17:13:14.260  CAN2  1AE       [8]  EA 90 00 01 0F FF 7F F8
17:13:14.260  CAN2  335       [8]  00 02 00 1C FD 8E F0 00
17:13:14.260  CAN2  121       [8]  2E 80 2A A9 6A 8A AA 00
17:13:14.260  CAN2  23A       [8]  70 90 00 00 00 00 00 00
17:13:14.260  CAN2  247       [8]  00 06 00 00 18 09 08 88
17:13:14.260  CAN2  29A       [8]  11 0C 00 00 11 01 01 00
17:13:14.295  CAN2  2AB       [8]  00 00 00 00 00 03 2B FE
17:13:14.295  CAN2  2CD       [8]  C8 00 28 00 00 10 40 03
17:13:14.295  CAN2  117       [8]  82 40 00 00 57 00 00 E7
17:13:14.295  CAN2  124       [8]  21 80 00 15 55 2A A8 00
17:13:14.295  CAN2  1AE       [8]  DA A0 00 01 0F FF 7F F8
17:13:14.295  CAN2  121       [8]  97 90 2A A9 6A 8A AA 00
17:13:14.295  CAN2  23A       [8]  60 A0 00 00 00 00 00 00
17:13:14.295  CAN2  249       [8]  00 00 00 00 00 00 00 00
17:13:14.295  CAN2  117       [8]  92 40 00 00 57 00 00 D7
17:13:14.295  CAN2  124       [8]  98 90 00 15 55 2A A8 00
17:13:14.295  CAN2  1AE       [8]  CA B0 00 01 0F FF 7F F8
17:13:14.295  CAN2  121       [8]  41 A0 2A A9 6A 8A AA 00
17:13:14.295  CAN2  23A       [8]  50 B0 00 00 00 00 00 00
17:13:14.295  CAN2  3B7       [8]  00 41 41 22 22 F9 00 00
17:13:14.295  CAN2  3B7       [8]  01 3F 7F BF 7F 1E 75 00
17:13:14.295  CAN2  3B7       [8]  02 00 00 00 94 11 00 00
17:13:14.295  CAN2  3B7       [8]  03 00 00 9A 99 99 99 00
17:13:14.295  CAN2  3B7       [8]  04 07 CB 07 C4 0A F9 00
17:13:14.295  CAN2  3E5       [8]  10 00 00 00 00 00 00 00
17:13:14.295  CAN2  3B7       [8]  05 12 01 11 00 00 00 01
17:13:14.295  CAN2  117       [8]  A2 40 00 00 57 00 00 C7
17:13:14.295  CAN2  124       [8]  4E A0 00 15 55 2A A8 00
17:13:14.295  CAN2  1AE       [8]  BA C0 00 01 0F FF 7F F8
17:13:14.295  CAN2  3B1       [8]  00 00 00 01 00 00 00 A0
17:13:14.295  CAN2  3B3       [8]  10 20 00 00 00 85 5F 00
17:13:14.295  CAN2  121       [8]  F8 B0 2A A9 6A 8A AA 00
17:13:14.295  CAN2  23A       [8]  40 C0 00 00 00 00 00 00
17:13:14.295  CAN2  583       [8]  51 00 11 2C 6D A0 12 0E
17:13:14.295  CAN2  3E1       [8]  00 00 00 00 00 00 00 00
17:13:14.295  CAN2  117       [8]  B2 40 00 00 57 00 00 B7
17:13:14.295  CAN2  124       [8]  F7 B0 00 15 55 2A A8 00
17:13:14.295  CAN2  1AE       [8]  AA D0 00 01 0F FF 7F F8
17:13:14.331  CAN2  20E       [8]  00 01 00 00 00 13 61 04
17:13:14.331  CAN2  121       [8]  F0 C0 2A A9 6A 8A AA 00
17:13:14.331  CAN2  23A       [8]  30 D0 00 00 00 00 00 00
17:13:14.331  CAN2  520       [8]  50 00 32 44 00 00 00 00
17:13:14.331  CAN2  3BD       [8]  00 00 00 00 00 00 00 00
17:13:14.331  CAN2  517       [8]  FF 01 0E 00 92 00 4D 41
17:13:14.331  CAN2  518       [8]  00 05 FF 00 00 FF 00 00
17:13:14.331  CAN2  2C1       [8]  00 09 00 00 0F 00 00 00
17:13:14.331  CAN2  117       [8]  C2 40 00 00 57 00 00 A7
17:13:14.331  CAN2  124       [8]  FF C0 00 15 55 2A A8 00
17:13:14.331  CAN2  1AE       [8]  9A E0 00 01 0F FF 7F F8
17:13:14.331  CAN2  335       [8]  00 02 00 1C FD 8E F0 00
17:13:14.331  CAN2  121       [8]  49 D0 2A A9 6A 8A AA 00
17:13:14.331  CAN2  23A       [8]  20 E0 00 00 00 00 00 00
17:13:14.331  CAN2  247       [8]  00 06 00 00 18 09 08 88
17:13:14.331  CAN2  256       [8]  4D 10 00 61 25 2B AE 44
17:13:14.331  CAN2  29A       [8]  11 0C 00 00 11 01 01 00
17:13:14.331  CAN2  2AB       [8]  00 00 00 00 00 03 2B FE
17:13:14.331  CAN2  2CD       [8]  C8 00 28 00 00 10 40 03
17:13:14.331  CAN2  406       [8]  09 02 00 00 00 00 00 00
17:13:14.331  CAN2  632       [8]  04 01 52 01 01 FF FF FF
17:13:14.331  CAN2  636       [8]  04 01 52 01 01 FF FF FF
17:13:14.331  CAN2  117       [8]  D2 40 00 00 57 00 00 97
17:13:14.331  CAN2  124       [8]  46 D0 00 15 55 2A A8 00
17:13:14.331  CAN2  1AE       [8]  8A F0 00 01 0F FF 7F F8
17:13:14.331  CAN2  121       [8]  9F E0 2A A9 6A 8A AA 00
17:13:14.331  CAN2  23A       [8]  10 F0 00 00 00 00 00 00
17:13:14.331  CAN2  249       [8]  00 00 00 00 00 00 00 00
17:13:14.331  CAN2  117       [8]  E2 40 00 00 57 00 00 87
17:13:14.331  CAN2  124       [8]  90 E0 00 15 55 2A A8 00
17:13:14.331  CAN2  1AE       [8]  7A 00 00 01 0F FF 7F F8
17:13:14.331  CAN2  121       [8]  26 F0 2A A9 6A 8A AA 00
17:13:14.355  CAN2  23A       [8]  00 00 00 00 00 00 00 00
17:13:14.355  CAN2  3B7       [8]  00 41 41 22 22 F9 00 00
17:13:14.355  CAN2  3B7       [8]  01 3F 7F BF 7F 1E 75 00
17:13:14.355  CAN2  3B7       [8]  02 00 00 00 94 11 00 00
17:13:14.355  CAN2  3B7       [8]  03 00 00 9A 99 99 99 00
17:13:14.355  CAN2  3B7       [8]  04 07 CB 07 C5 0A F8 00
17:13:14.355  CAN2  3B7       [8]  05 12 01 11 00 00 00 01
17:13:14.355  CAN2  3E5       [8]  10 00 00 00 00 00 00 00
17:13:14.355  CAN2  117       [8]  F2 40 00 00 57 00 00 77
17:13:14.355  CAN2  124       [8]  29 F0 00 15 55 2A A8 00
17:13:14.355  CAN2  1AE       [8]  6A 10 00 01 0F FF 7F F8
17:13:14.355  CAN2  2B2       [8]  02 F0 00 00 41 00 90 41
17:13:14.355  CAN2  3C2       [8]  00 00 00 42 00 00 00 09
17:13:14.355  CAN2  699       [8]  00 00 00 00 00 00 00 00
17:13:14.355  CAN2  3B1       [8]  00 00 00 01 00 00 00 A0
17:13:14.355  CAN2  3B3       [8]  10 20 00 00 00 85 5F 00
17:13:14.355  CAN2  435       [8]  00 00 00 00 00 00 00 00
17:13:14.355  CAN2  121       [8]  8F 00 2A A9 6A 8A AA 00
17:13:14.355  CAN2  23A       [8]  F0 10 00 00 00 00 00 00
17:13:14.355  CAN2  359       [8]  00 28 5D C0 FF 00 02 00
17:13:14.355  CAN2  42D       [8]  00 08 00 00 00 00 12 40
17:13:14.355  CAN2  583       [8]  51 00 11 2C 6D A0 12 0E
17:13:14.355  CAN2  3E1       [8]  00 00 00 00 00 00 00 00
17:13:14.355  CAN2  117       [8]  02 40 00 00 57 00 00 67
17:13:14.355  CAN2  124       [8]  80 00 00 15 55 2A A8 00
17:13:14.355  CAN2  1AE       [8]  5A 20 00 01 0F FF 7F F8
17:13:14.355  CAN2  20E       [8]  00 01 00 00 00 13 61 04
17:13:14.355  CAN2  121       [8]  36 10 2A A9 6A 8A AA 00
17:13:14.355  CAN2  23A       [8]  E0 20 00 00 00 00 00 00
17:13:14.355  CAN2  520       [8]  50 00 32 44 00 00 00 00
17:13:14.355  CAN2  3BD       [8]  00 00 00 00 00 00 00 00
17:13:14.355  CAN2  517       [8]  FF 01 0E 00 92 00 4D 41
17:13:14.381  CAN2  518       [8]  00 05 FF 00 00 FF 00 00
17:13:14.381  CAN2  117       [8]  12 40 00 00 57 00 00 57
17:13:14.381  CAN2  124       [8]  39 10 00 15 55 2A A8 00
17:13:14.381  CAN2  1AE       [8]  4A 30 00 01 0F FF 7F F8
17:13:14.381  CAN2  2C1       [8]  00 09 00 00 0F 00 00 00
17:13:14.381  CAN2  335       [8]  00 02 00 1C FD 8E F0 00
17:13:14.381  CAN2  631       [8]  04 03 48 01 01 00 00 00
17:13:14.381  CAN2  29A       [8]  11 0C 00 00 11 01 01 00
17:13:14.381  CAN2  121       [8]  E0 20 2A A9 6A 8A AA 00
17:13:14.381  CAN2  23A       [8]  D0 30 00 00 00 00 00 00
17:13:14.381  CAN2  247       [8]  00 06 00 00 18 09 08 88
17:13:14.381  CAN2  2AB       [8]  00 00 00 00 00 03 2B FE
17:13:14.381  CAN2  2CD       [8]  C8 00 28 00 00 10 40 03
17:13:14.381  CAN2  117       [8]  22 40 00 00 57 00 00 47
17:13:14.381  CAN2  124       [8]  EF 20 00 15 55 2A A8 00
17:13:14.381  CAN2  1AE       [8]  3A 40 00 01 0F FF 7F F8
17:13:14.381  CAN2  121       [8]  59 30 2A A9 6A 8A AA 00
17:13:14.381  CAN2  23A       [8]  C0 40 00 00 00 00 00 00
17:13:14.381  CAN2  249       [8]  00 00 00 00 00 00 00 00
17:13:14.381  CAN2  117       [8]  32 40 00 00 57 00 00 37
17:13:14.381  CAN2  124       [8]  56 30 00 15 55 2A A8 00
17:13:14.381  CAN2  1AE       [8]  2A 50 00 01 0F FF 7F F8
17:13:14.381  CAN2  580       [8]  7E A5 02 13 0D 4E 00 00
17:13:14.381  CAN2  121       [8]  51 40 2A A9 6A 8A AA 00
17:13:14.381  CAN2  23A       [8]  B0 50 00 00 00 00 00 00
17:13:14.381  CAN2  3B7       [8]  00 41 41 22 22 F9 00 00
17:13:14.381  CAN2  3B7       [8]  01 3F 7F BF 7F 1E 75 00
17:13:14.381  CAN2  3B7       [8]  02 00 00 00 94 11 00 00
17:13:14.381  CAN2  3B7       [8]  03 00 00 9A 99 99 99 00
17:13:14.381  CAN2  3B7       [8]  04 07 CB 07 C5 0A F9 00
17:13:14.381  CAN2  3B7       [8]  05 12 01 11 00 00 00 01
17:13:14.381  CAN2  3E5       [8]  10 00 00 00 00 00 00 00
17:13:14.405  CAN2  117       [8]  42 40 00 00 57 00 00 27
17:13:14.405  CAN2  124       [8]  5E 40 00 15 55 2A A8 00
17:13:14.405  CAN2  1AE       [8]  1A 60 00 01 0F FF 7F F8
17:13:14.405  CAN2  3B1       [8]  00 00 00 01 00 00 00 A0
17:13:14.405  CAN2  3B3       [8]  10 20 00 00 00 85 5F 00
17:13:14.405  CAN2  121       [8]  E8 50 2A A9 6A 8A AA 00
17:13:14.405  CAN2  23A       [8]  A0 60 00 00 00 00 00 00
17:13:14.405  CAN2  583       [8]  51 00 11 2C 6D A0 12 0E
17:13:14.405  CAN2  3E1       [8]  00 00 00 00 00 00 00 00
17:13:14.405  CAN2  117       [8]  52 40 00 00 57 00 00 17
17:13:14.405  CAN2  124       [8]  E7 50 00 15 55 2A A8 00
17:13:14.405  CAN2  1AE       [8]  0A 70 00 01 0F FF 7F F8
17:13:14.405  CAN2  20E       [8]  00 01 00 00 00 13 61 04
17:13:14.405  CAN2  121       [8]  3E 60 2A A9 6A 8A AA 00
17:13:14.405  CAN2  23A       [8]  90 70 00 00 00 00 00 00
17:13:14.405  CAN2  520       [8]  50 00 32 44 00 00 00 00
17:13:14.405  CAN2  3BD       [8]  00 00 00 00 00 00 00 00
17:13:14.405  CAN2  517       [8]  FF 01 0E 00 92 00 4D 41
17:13:14.405  CAN2  518       [8]  00 05 FF 00 00 FF 00 00
17:13:14.405  CAN2  117       [8]  62 40 00 00 57 00 00 07
17:13:14.405  CAN2  124       [8]  31 60 00 15 55 2A A8 00
17:13:14.405  CAN2  1AE       [8]  FA 80 00 01 0F FF 7F F8
17:13:14.405  CAN2  335       [8]  00 02 00 1C FD 8E F0 00
17:13:14.405  CAN2  2C1       [8]  00 09 00 00 0F 00 00 00
17:13:14.405  CAN2  121       [8]  87 70 2A A9 6A 8A AA 00
17:13:14.405  CAN2  23A       [8]  80 80 00 00 00 00 00 00
17:13:14.405  CAN2  247       [8]  00 06 00 00 18 09 08 88
17:13:14.405  CAN2  256       [8]  4C 10 00 61 25 2B AF 44
17:13:14.405  CAN2  29A       [8]  11 0C 00 00 11 01 01 00
17:13:14.405  CAN2  2AB       [8]  00 00 00 00 00 03 2B FE
17:13:14.405  CAN2  2CD       [8]  C8 00 28 00 00 10 40 03
17:13:14.405  CAN2  409       [8]  0A 02 00 00 00 00 00 00
17:13:14.441  CAN2  117       [8]  72 40 00 00 57 00 00 F7
17:13:14.441  CAN2  124       [8]  88 70 00 15 55 2A A8 00
17:13:14.441  CAN2  1AE       [8]  EA 90 00 01 0F FF 7F F8
17:13:14.441  CAN2  121       [8]  2E 80 2A A9 6A 8A AA 00
17:13:14.441  CAN2  23A       [8]  70 90 00 00 00 00 00 00
17:13:14.441  CAN2  249       [8]  00 00 00 00 00 00 00 00
17:13:14.441  CAN2  117       [8]  82 40 00 00 57 00 00 E7
17:13:14.441  CAN2  124       [8]  21 80 00 15 55 2A A8 00
17:13:14.441  CAN2  1AE       [8]  DA A0 00 01 0F FF 7F F8
17:13:14.441  CAN2  121       [8]  97 90 2A A9 6A 8A AA 00
17:13:14.441  CAN2  23A       [8]  60 A0 00 00 00 00 00 00
17:13:14.441  CAN2  3B7       [8]  00 41 41 22 22 F9 00 00
17:13:14.441  CAN2  3B7       [8]  01 3F 7F BF 7F 1E 75 00
17:13:14.441  CAN2  3B7       [8]  02 00 00 00 94 11 00 00
17:13:14.441  CAN2  3B7       [8]  03 00 00 9A 99 99 99 00
17:13:14.441  CAN2  3B7       [8]  04 07 CC 07 C6 0A F8 00
17:13:14.441  CAN2  3B7       [8]  05 12 01 11 00 00 00 01
17:13:14.441  CAN2  3E5       [8]  10 00 00 00 00 00 00 00
17:13:14.441  CAN2  117       [8]  92 40 00 00 57 00 00 D7
17:13:14.441  CAN2  124       [8]  98 90 00 15 55 2A A8 00
17:13:14.441  CAN2  1AE       [8]  CA B0 00 01 0F FF 7F F8
17:13:14.441  CAN2  2B2       [8]  12 00 00 00 41 00 90 41
17:13:14.441  CAN2  3B1       [8]  00 00 00 01 00 00 00 A0
17:13:14.441  CAN2  3B3       [8]  10 20 00 00 00 85 5F 00
17:13:14.441  CAN2  435       [8]  00 00 00 00 00 00 00 00
17:13:14.441  CAN2  42D       [8]  00 08 00 00 00 00 12 40
17:13:14.441  CAN2  121       [8]  41 A0 2A A9 6A 8A AA 00
17:13:14.441  CAN2  23A       [8]  50 B0 00 00 00 00 00 00
17:13:14.441  CAN2  359       [8]  00 28 5D C0 FF 00 02 00
17:13:14.441  CAN2  583       [8]  51 00 11 2C 6D A0 12 0E
17:13:14.441  CAN2  117       [8]  A2 40 00 00 57 00 00 C7
17:13:14.441  CAN2  124       [8]  4E A0 00 15 55 2A A8 00
17:13:14.478  CAN2  1AE       [8]  BA C0 00 01 0F FF 7F F8
17:13:14.478  CAN2  20E       [8]  00 01 00 00 00 13 61 04
17:13:14.478  CAN2  3E1       [8]  00 00 00 00 00 00 00 00
17:13:14.478  CAN2  121       [8]  F8 B0 2A A9 6A 8A AA 00
17:13:14.478  CAN2  23A       [8]  40 C0 00 00 00 00 00 00
17:13:14.478  CAN2  520       [8]  50 00 32 44 00 00 00 00
17:13:14.478  CAN2  3BD       [8]  00 00 00 00 00 00 00 00
17:13:14.478  CAN2  517       [8]  FF 01 0E 00 92 00 4D 41
17:13:14.478  CAN2  518       [8]  00 05 FF 00 00 FF 00 00
17:13:14.478  CAN2  117       [8]  B2 40 00 00 57 00 00 B7
17:13:14.478  CAN2  124       [8]  F7 B0 00 15 55 2A A8 00
17:13:14.478  CAN2  1AE       [8]  AA D0 00 01 0F FF 7F F8
17:13:14.478  CAN2  335       [8]  00 02 00 1C FD 8E F0 00
17:13:14.478  CAN2  29A       [8]  11 0C 00 00 11 01 01 00
17:13:14.478  CAN2  121       [8]  F0 C0 2A A9 6A 8A AA 00
17:13:14.478  CAN2  23A       [8]  30 D0 00 00 00 00 00 00
17:13:14.478  CAN2  247       [8]  00 06 00 00 18 09 08 88
17:13:14.478  CAN2  2AB       [8]  00 00 00 00 00 03 2B FE
17:13:14.478  CAN2  2CD       [8]  C8 00 28 00 00 10 40 03
17:13:14.478  CAN2  117       [8]  C2 40 00 00 57 00 00 A7
17:13:14.478  CAN2  124       [8]  FF C0 00 15 55 2A A8 00
17:13:14.478  CAN2  1AE       [8]  9A E0 00 01 0F FF 7F F8
17:13:14.478  CAN2  2C1       [8]  00 09 00 00 0F 00 00 00
17:13:14.478  CAN2  121       [8]  49 D0 2A A9 6A 8A AA 00
17:13:14.478  CAN2  23A       [8]  20 E0 00 00 00 00 00 00
17:13:14.478  CAN2  249       [8]  00 00 00 00 00 00 00 00
17:13:14.478  CAN2  117       [8]  D2 40 00 00 57 00 00 97
17:13:14.478  CAN2  124       [8]  46 D0 00 15 55 2A A8 00
17:13:14.478  CAN2  1AE       [8]  8A F0 00 01 0F FF 7F F8
17:13:14.478  CAN2  121       [8]  9F E0 2A A9 6A 8A AA 00
17:13:14.478  CAN2  23A       [8]  10 F0 00 00 00 00 00 00
17:13:14.478  CAN2  3B7       [8]  00 41 41 22 22 F9 00 00
17:13:14.502  CAN2  3B7       [8]  01 3F 7F BF 7F 1E 75 00
17:13:14.502  CAN2  3B7       [8]  02 00 00 00 94 11 00 00
17:13:14.502  CAN2  3B7       [8]  03 00 00 9A 99 99 99 00
17:13:14.502  CAN2  3B7       [8]  04 07 CB 07 C6 0A F8 00
17:13:14.502  CAN2  3B7       [8]  05 12 01 11 00 00 00 01
17:13:14.502  CAN2  3E5       [8]  10 00 00 00 00 00 00 00
17:13:14.502  CAN2  117       [8]  E2 40 00 00 57 00 00 87
17:13:14.502  CAN2  124       [8]  90 E0 00 15 55 2A A8 00
17:13:14.502  CAN2  1AE       [8]  7A 00 00 01 0F FF 7F F8
17:13:14.502  CAN2  3B1       [8]  00 00 00 01 00 00 00 A0
17:13:14.502  CAN2  3B3       [8]  10 20 00 00 00 85 5F 00
17:13:14.502  CAN2  121       [8]  26 F0 2A A9 6A 8A AA 00
17:13:14.502  CAN2  23A       [8]  00 00 00 00 00 00 00 00
17:13:14.502  CAN2  583       [8]  51 00 11 2C 6D A0 12 0E
17:13:14.502  CAN2  117       [8]  F2 40 00 00 57 00 00 77
17:13:14.502  CAN2  124       [8]  29 F0 00 15 55 2A A8 00
17:13:14.502  CAN2  1AE       [8]  6A 10 00 01 0F FF 7F F8
17:13:14.502  CAN2  20E       [8]  00 01 00 00 00 13 61 04
17:13:14.502  CAN2  3E1       [8]  00 00 00 00 00 00 00 00
17:13:14.502  CAN2  121       [8]  8F 00 2A A9 6A 8A AA 00
17:13:14.502  CAN2  23A       [8]  F0 10 00 00 00 00 00 00
17:13:14.502  CAN2  520       [8]  50 00 32 44 00 00 00 00
17:13:14.502  CAN2  3BD       [8]  00 00 00 00 00 00 00 00
17:13:14.502  CAN2  517       [8]  FF 01 0E 00 92 00 4D 41
17:13:14.502  CAN2  518       [8]  00 05 FF 00 00 FF 00 00
17:13:14.502  CAN2  117       [8]  02 40 00 00 57 00 00 67
17:13:14.502  CAN2  124       [8]  80 00 00 15 55 2A A8 00
17:13:14.502  CAN2  1AE       [8]  5A 20 00 01 0F FF 7F F8
17:13:14.502  CAN2  335       [8]  00 02 00 1C FD 8E F0 00
17:13:14.502  CAN2  29A       [8]  11 0C 00 00 11 01 01 00
17:13:14.502  CAN2  121       [8]  36 10 2A A9 6A 8A AA 00
17:13:14.502  CAN2  23A       [8]  E0 20 00 00 00 00 00 00
17:13:14.538  CAN2  247       [8]  00 06 00 00 18 09 08 88
17:13:14.538  CAN2  256       [8]  5B 10 00 61 25 2B A0 44
17:13:14.538  CAN2  2AB       [8]  00 00 00 00 00 03 2B FE
17:13:14.538  CAN2  2CD       [8]  C8 00 28 00 00 10 40 03
17:13:14.538  CAN2  40A       [8]  0D 02 00 00 00 00 00 00
17:13:14.538  CAN2  632       [8]  04 01 52 01 01 FF FF FF
17:13:14.538  CAN2  636       [8]  04 01 52 01 01 FF FF FF
17:13:14.538  CAN2  117       [8]  12 40 00 00 57 00 00 57
17:13:14.538  CAN2  124       [8]  39 10 00 15 55 2A A8 00
17:13:14.538  CAN2  1AE       [8]  4A 30 00 01 0F FF 7F F8
17:13:14.538  CAN2  121       [8]  E0 20 2A A9 6A 8A AA 00
17:13:14.538  CAN2  23A       [8]  D0 30 00 00 00 00 00 00
17:13:14.538  CAN2  249       [8]  00 00 00 00 00 00 00 00
17:13:14.538  CAN2  2C1       [8]  00 09 00 00 0F 00 00 00
17:13:14.538  CAN2  117       [8]  22 40 00 00 57 00 00 47
17:13:14.538  CAN2  124       [8]  EF 20 00 15 55 2A A8 00
17:13:14.538  CAN2  1AE       [8]  3A 40 00 01 0F FF 7F F8
17:13:14.538  CAN2  121       [8]  59 30 2A A9 6A 8A AA 00
17:13:14.538  CAN2  23A       [8]  C0 40 00 00 00 00 00 00
17:13:14.538  CAN2  3B7       [8]  00 41 41 22 22 F9 00 00
17:13:14.538  CAN2  3B7       [8]  01 3F 7F BF 7F 1E 75 00
17:13:14.538  CAN2  3B7       [8]  02 00 00 00 94 11 00 00
17:13:14.538  CAN2  3B7       [8]  03 00 00 9A 99 99 99 00
17:13:14.538  CAN2  3B7       [8]  04 07 CB 07 C6 0A F8 00
17:13:14.538  CAN2  3E5       [8]  10 00 00 00 00 00 00 00
17:13:14.538  CAN2  3B7       [8]  05 12 01 11 00 00 00 01
17:13:14.538  CAN2  117       [8]  32 40 00 00 57 00 00 37
17:13:14.538  CAN2  124       [8]  56 30 00 15 55 2A A8 00
17:13:14.538  CAN2  1AE       [8]  2A 50 00 01 0F FF 7F F8
17:13:14.538  CAN2  2B2       [8]  22 10 00 00 41 00 90 41
17:13:14.538  CAN2  3B1       [8]  00 00 00 01 00 00 00 A0
17:13:14.538  CAN2  3B3       [8]  10 20 00 00 00 85 5F 00
17:13:14.563  CAN2  435       [8]  00 00 00 00 00 00 00 00
17:13:14.563  CAN2  42D       [8]  00 08 00 00 00 00 12 40
17:13:14.563  CAN2  121       [8]  51 40 2A A9 6A 8A AA 00
17:13:14.563  CAN2  23A       [8]  B0 50 00 00 00 00 00 00
17:13:14.563  CAN2  359       [8]  00 28 5D C0 FF 00 02 00
17:13:14.563  CAN2  583       [8]  51 00 11 2C 6D A0 12 0E
17:13:14.563  CAN2  117       [8]  42 40 00 00 57 00 00 27
17:13:14.563  CAN2  124       [8]  5E 40 00 15 55 2A A8 00
17:13:14.563  CAN2  1AE       [8]  1A 60 00 01 0F FF 7F F8
17:13:14.563  CAN2  20E       [8]  00 01 00 00 00 13 61 04
17:13:14.563  CAN2  121       [8]  E8 50 2A A9 6A 8A AA 00
17:13:14.563  CAN2  23A       [8]  A0 60 00 00 00 00 00 00
17:13:14.563  CAN2  520       [8]  50 00 32 44 00 00 00 00
17:13:14.563  CAN2  3BD       [8]  00 00 00 00 00 00 00 00
17:13:14.563  CAN2  3E1       [8]  00 00 00 00 00 00 00 00
17:13:14.563  CAN2  517       [8]  FF 01 0E 00 92 00 4D 41
17:13:14.563  CAN2  518       [8]  00 05 FF 00 00 FF 00 00
17:13:14.563  CAN2  117       [8]  52 40 00 00 57 00 00 17
17:13:14.563  CAN2  124       [8]  E7 50 00 15 55 2A A8 00
17:13:14.563  CAN2  1AE       [8]  0A 70 00 01 0F FF 7F F8
17:13:14.563  CAN2  335       [8]  00 02 00 1C FD 8E F0 00
17:13:14.563  CAN2  631       [8]  04 03 48 01 01 00 00 00
17:13:14.563  CAN2  121       [8]  3E 60 2A A9 6A 8A AA 00
17:13:14.563  CAN2  23A       [8]  90 70 00 00 00 00 00 00
17:13:14.563  CAN2  247       [8]  00 06 00 00 18 09 08 88
17:13:14.563  CAN2  29A       [8]  11 0C 00 00 11 01 01 00
17:13:14.563  CAN2  2AB       [8]  00 00 00 00 00 03 2B FE
17:13:14.563  CAN2  2CD       [8]  C8 00 28 00 00 10 40 03
17:13:14.563  CAN2  117       [8]  62 40 00 00 57 00 00 07
17:13:14.563  CAN2  124       [8]  31 60 00 15 55 2A A8 00
17:13:14.563  CAN2  1AE       [8]  FA 80 00 01 0F FF 7F F8
17:13:14.563  CAN2  121       [8]  87 70 2A A9 6A 8A AA 00
17:13:14.599  CAN2  23A       [8]  80 80 00 00 00 00 00 00
17:13:14.599  CAN2  249       [8]  00 00 00 00 00 00 00 00
17:13:14.599  CAN2  117       [8]  72 40 00 00 57 00 00 F7
17:13:14.599  CAN2  124       [8]  88 70 00 15 55 2A A8 00
17:13:14.599  CAN2  1AE       [8]  EA 90 00 01 0F FF 7F F8
17:13:14.599  CAN2  2C1       [8]  00 09 00 00 0F 00 00 00
17:13:14.599  CAN2  121       [8]  2E 80 2A A9 6A 8A AA 00
17:13:14.599  CAN2  23A       [8]  70 90 00 00 00 00 00 00
17:13:14.599  CAN2  3B7       [8]  00 41 41 22 22 F9 00 00
17:13:14.599  CAN2  3B7       [8]  01 3F 7F BF 7F 1E 75 00
17:13:14.599  CAN2  3B7       [8]  02 00 00 00 94 11 00 00
17:13:14.599  CAN2  3B7       [8]  03 00 00 9A 99 99 99 00
17:13:14.599  CAN2  3B7       [8]  04 07 CB 07 C5 0A F8 00
17:13:14.599  CAN2  3B7       [8]  05 12 01 11 00 00 00 01
17:13:14.599  CAN2  3E5       [8]  10 00 00 00 00 00 00 00
17:13:14.599  CAN2  117       [8]  82 40 00 00 57 00 00 E7
17:13:14.599  CAN2  124       [8]  21 80 00 15 55 2A A8 00
17:13:14.599  CAN2  1AE       [8]  DA A0 00 01 0F FF 7F F8
17:13:14.599  CAN2  3B1       [8]  00 00 00 01 00 00 00 A0
17:13:14.599  CAN2  3B3       [8]  10 20 00 00 00 85 5F 00
17:13:14.599  CAN2  121       [8]  97 90 2A A9 6A 8A AA 00
17:13:14.599  CAN2  23A       [8]  60 A0 00 00 00 00 00 00
17:13:14.599  CAN2  583       [8]  51 00 11 2C 6D A0 12 0E
17:13:14.599  CAN2  117       [8]  92 40 00 00 57 00 00 D7
17:13:14.599  CAN2  124       [8]  98 90 00 15 55 2A A8 00
17:13:14.599  CAN2  1AE       [8]  CA B0 00 01 0F FF 7F F8
17:13:14.599  CAN2  20E       [8]  00 01 00 00 00 13 61 04
17:13:14.599  CAN2  121       [8]  41 A0 2A A9 6A 8A AA 00
17:13:14.599  CAN2  23A       [8]  50 B0 00 00 00 00 00 00
17:13:14.599  CAN2  520       [8]  50 00 32 44 00 00 00 00
17:13:14.599  CAN2  3BD       [8]  00 00 00 00 00 00 00 00
17:13:14.599  CAN2  3E1       [8]  00 00 00 00 00 00 00 00
17:13:14.635  CAN2  517       [8]  FF 01 0E 00 92 00 4D 41
17:13:14.635  CAN2  518       [8]  00 05 FF 00 00 FF 00 00
17:13:14.635  CAN2  117       [8]  A2 40 00 00 57 00 00 C7
17:13:14.635  CAN2  124       [8]  4E A0 00 15 55 2A A8 00
17:13:14.635  CAN2  1AE       [8]  BA C0 00 01 0F FF 7F F8
17:13:14.635  CAN2  335       [8]  00 02 00 1C FD 8E F0 00
17:13:14.635  CAN2  29A       [8]  11 0C 00 00 11 01 01 00
17:13:14.635  CAN2  2AB       [8]  00 00 00 00 00 03 2B FE
17:13:14.635  CAN2  121       [8]  F8 B0 2A A9 6A 8A AA 00
17:13:14.635  CAN2  23A       [8]  40 C0 00 00 00 00 00 00
17:13:14.635  CAN2  247       [8]  00 06 00 00 18 09 08 88
17:13:14.635  CAN2  256       [8]  5A 10 00 61 25 2B A1 44
17:13:14.635  CAN2  2CD       [8]  C8 00 28 00 00 10 40 03
17:13:14.635  CAN2  117       [8]  B2 40 00 00 57 00 00 B7
17:13:14.635  CAN2  124       [8]  F7 B0 00 15 55 2A A8 00
17:13:14.635  CAN2  1AE       [8]  AA D0 00 01 0F FF 7F F8
17:13:14.635  CAN2  121       [8]  F0 C0 2A A9 6A 8A AA 00
17:13:14.635  CAN2  23A       [8]  30 D0 00 00 00 00 00 00
17:13:14.635  CAN2  249       [8]  00 00 00 00 00 00 00 00
17:13:14.635  CAN2  40D       [8]  01 02 00 00 00 00 00 00
17:13:14.635  CAN2  117       [8]  C2 40 00 00 57 00 00 A7
17:13:14.635  CAN2  124       [8]  FF C0 00 15 55 2A A8 00
17:13:14.635  CAN2  1AE       [8]  9A E0 00 01 0F FF 7F F8
17:13:14.635  CAN2  2C1       [8]  00 09 00 00 0F 00 00 00
17:13:14.635  CAN2  121       [8]  49 D0 2A A9 6A 8A AA 00
17:13:14.635  CAN2  23A       [8]  20 E0 00 00 00 00 00 00
17:13:14.635  CAN2  3B7       [8]  00 41 41 22 22 F9 00 00
17:13:14.635  CAN2  3B7       [8]  01 3F 7F BF 7F 1E 75 00
17:13:14.635  CAN2  3B7       [8]  02 00 00 00 94 11 00 00
17:13:14.635  CAN2  3B7       [8]  03 00 00 9A 99 99 99 00
17:13:14.635  CAN2  3B7       [8]  04 07 CA 07 C5 0A F8 00
17:13:14.635  CAN2  3B7       [8]  05 12 01 11 00 00 00 01
17:13:14.659  CAN2  3E5       [8]  10 00 00 00 00 00 00 00
17:13:14.659  CAN2  117       [8]  D2 40 00 00 57 00 00 97
17:13:14.659  CAN2  124       [8]  46 D0 00 15 55 2A A8 00
17:13:14.659  CAN2  1AE       [8]  8A F0 00 01 0F FF 7F F8
17:13:14.659  CAN2  2B2       [8]  32 20 00 00 41 00 90 41
17:13:14.659  CAN2  3B1       [8]  00 00 00 01 00 00 00 A0
17:13:14.659  CAN2  3B3       [8]  10 20 00 00 00 85 5F 00
17:13:14.659  CAN2  435       [8]  00 00 00 00 00 00 00 00
17:13:14.659  CAN2  42D       [8]  00 08 00 00 00 00 12 40
17:13:14.659  CAN2  121       [8]  9F E0 2A A9 6A 8A AA 00
17:13:14.659  CAN2  23A       [8]  10 F0 00 00 00 00 00 00
17:13:14.659  CAN2  359       [8]  00 28 5D C0 FF 00 02 00
17:13:14.659  CAN2  583       [8]  51 00 11 2C 6D A0 12 0E
17:13:14.659  CAN2  117       [8]  E2 40 00 00 57 00 00 87
17:13:14.659  CAN2  124       [8]  90 E0 00 15 55 2A A8 00
17:13:14.659  CAN2  1AE       [8]  7A 00 00 01 0F FF 7F F8
17:13:14.659  CAN2  20E       [8]  00 01 00 00 00 13 61 04
17:13:14.659  CAN2  121       [8]  26 F0 2A A9 6A 8A AA 00
17:13:14.659  CAN2  23A       [8]  00 00 00 00 00 00 00 00
17:13:14.659  CAN2  520       [8]  50 00 32 44 00 00 00 00
17:13:14.659  CAN2  3BD       [8]  00 00 00 00 00 00 00 00
17:13:14.659  CAN2  517       [8]  FF 01 0E 00 92 00 4D 41
17:13:14.659  CAN2  518       [8]  00 05 FF 00 00 FF 00 00
17:13:14.659  CAN2  3E1       [8]  00 00 00 00 00 00 00 00
17:13:14.659  CAN2  117       [8]  F2 40 00 00 57 00 00 77
17:13:14.659  CAN2  124       [8]  29 F0 00 15 55 2A A8 00
17:13:14.659  CAN2  1AE       [8]  6A 10 00 01 0F FF 7F F8
17:13:14.659  CAN2  335       [8]  00 02 00 1C FD 8E F0 00
17:13:14.659  CAN2  29A       [8]  11 0C 00 00 11 01 01 00
17:13:14.659  CAN2  2AB       [8]  00 00 00 00 00 03 2B FE
17:13:14.659  CAN2  121       [8]  8F 00 2A A9 6A 8A AA 00
17:13:14.659  CAN2  23A       [8]  F0 10 00 00 00 00 00 00
17:13:14.695  CAN2  247       [8]  00 06 00 00 18 09 08 88
17:13:14.695  CAN2  2CD       [8]  C8 00 28 00 00 10 40 03
17:13:14.695  CAN2  117       [8]  02 40 00 00 57 00 00 67
17:13:14.695  CAN2  124       [8]  80 00 00 15 55 2A A8 00
17:13:14.695  CAN2  1AE       [8]  5A 20 00 01 0F FF 7F F8
17:13:14.695  CAN2  121       [8]  36 10 2A A9 6A 8A AA 00
17:13:14.695  CAN2  23A       [8]  E0 20 00 00 00 00 00 00
17:13:14.695  CAN2  249       [8]  00 00 00 00 00 00 00 00
17:13:14.695  CAN2  117       [8]  12 40 00 00 57 00 00 57
17:13:14.695  CAN2  124       [8]  39 10 00 15 55 2A A8 00
17:13:14.695  CAN2  1AE       [8]  4A 30 00 01 0F FF 7F F8
17:13:14.695  CAN2  121       [8]  E0 20 2A A9 6A 8A AA 00
17:13:14.695  CAN2  23A       [8]  D0 30 00 00 00 00 00 00
17:13:14.695  CAN2  3B7       [8]  00 41 41 22 22 F9 00 00
17:13:14.695  CAN2  3B7       [8]  01 3F 7F BF 7F 1E 75 00
17:13:14.695  CAN2  3B7       [8]  02 00 00 00 94 11 00 00
17:13:14.695  CAN2  3B7       [8]  03 00 00 9A 99 99 99 00
17:13:14.695  CAN2  3B7       [8]  04 07 CB 07 C5 0A F9 00
17:13:14.695  CAN2  3B7       [8]  05 12 01 11 00 00 00 01
17:13:14.695  CAN2  3E5       [8]  10 00 00 00 00 00 00 00
17:13:14.695  CAN2  117       [8]  22 40 00 00 57 00 00 47
17:13:14.695  CAN2  124       [8]  EF 20 00 15 55 2A A8 00
17:13:14.695  CAN2  1AE       [8]  3A 40 00 01 0F FF 7F F8
17:13:14.695  CAN2  3B1       [8]  00 00 00 01 00 00 00 A0
17:13:14.695  CAN2  3B3       [8]  10 20 00 00 00 85 5F 00
17:13:14.695  CAN2  2C1       [8]  00 09 00 00 0F 00 00 00
17:13:14.695  CAN2  121       [8]  59 30 2A A9 6A 8A AA 00
17:13:14.695  CAN2  23A       [8]  C0 40 00 00 00 00 00 00
17:13:14.695  CAN2  583       [8]  51 00 11 2C 6D A0 12 0E
17:13:14.695  CAN2  117       [8]  32 40 00 00 57 00 00 37
17:13:14.695  CAN2  124       [8]  56 30 00 15 55 2A A8 00
17:13:14.695  CAN2  1AE       [8]  2A 50 00 01 0F FF 7F F8
17:13:14.730  CAN2  20E       [8]  00 01 00 00 00 13 61 04
17:13:14.730  CAN2  121       [8]  51 40 2A A9 6A 8A AA 00
17:13:14.730  CAN2  23A       [8]  B0 50 00 00 00 00 00 00
17:13:14.730  CAN2  520       [8]  50 00 32 44 00 00 00 00
17:13:14.730  CAN2  3BD       [8]  00 00 00 00 00 00 00 00
17:13:14.730  CAN2  517       [8]  FF 01 0E 00 92 00 4D 41
17:13:14.730  CAN2  518       [8]  00 05 FF 00 00 FF 00 00
17:13:14.730  CAN2  117       [8]  42 40 00 00 57 00 00 27
17:13:14.730  CAN2  124       [8]  5E 40 00 15 55 2A A8 00
17:13:14.730  CAN2  1AE       [8]  1A 60 00 01 0F FF 7F F8
17:13:14.730  CAN2  335       [8]  00 02 00 1C FD 8E F0 00
17:13:14.730  CAN2  3E1       [8]  00 00 00 00 00 00 00 00
17:13:14.730  CAN2  29A       [8]  11 0C 00 00 11 01 01 00
17:13:14.730  CAN2  121       [8]  E8 50 2A A9 6A 8A AA 00
17:13:14.730  CAN2  23A       [8]  A0 60 00 00 00 00 00 00
17:13:14.730  CAN2  247       [8]  00 06 00 00 18 09 08 88
17:13:14.730  CAN2  256       [8]  59 10 00 61 25 2B A2 44
17:13:14.730  CAN2  2AB       [8]  00 00 00 00 00 03 2B FE
17:13:14.730  CAN2  2CD       [8]  C8 00 28 00 00 10 40 03
17:13:14.730  CAN2  632       [8]  04 01 52 01 01 FF FF FF
17:13:14.730  CAN2  636       [8]  04 01 52 01 01 FF FF FF
17:13:14.730  CAN2  117       [8]  52 40 00 00 57 00 00 17
17:13:14.730  CAN2  124       [8]  E7 50 00 15 55 2A A8 00
17:13:14.730  CAN2  1AE       [8]  0A 70 00 01 0F FF 7F F8
17:13:14.730  CAN2  121       [8]  3E 60 2A A9 6A 8A AA 00
17:13:14.730  CAN2  23A       [8]  90 70 00 00 00 00 00 00
17:13:14.730  CAN2  249       [8]  00 00 00 00 00 00 00 00
17:13:14.730  CAN2  117       [8]  62 40 00 00 57 00 00 07
17:13:14.730  CAN2  124       [8]  31 60 00 15 55 2A A8 00
17:13:14.730  CAN2  1AE       [8]  FA 80 00 01 0F FF 7F F8
17:13:14.730  CAN2  401       [8]  02 02 00 00 00 00 00 00
17:13:14.730  CAN2  121       [8]  87 70 2A A9 6A 8A AA 00
17:13:14.755  CAN2  23A       [8]  80 80 00 00 00 00 00 00
17:13:14.755  CAN2  3B7       [8]  00 41 41 22 22 F9 00 00
17:13:14.755  CAN2  3B7       [8]  01 3F 7F BF 7F 1E 75 00
17:13:14.755  CAN2  3B7       [8]  02 00 00 00 94 11 00 00
17:13:14.755  CAN2  3B7       [8]  03 00 00 9A 99 99 99 00
17:13:14.755  CAN2  3B7       [8]  04 07 CB 07 C5 0A F9 00
17:13:14.755  CAN2  3E5       [8]  10 00 00 00 00 00 00 00
17:13:14.755  CAN2  3B7       [8]  05 12 01 11 00 00 00 01
17:13:14.755  CAN2  117       [8]  72 40 00 00 57 00 00 F7
17:13:14.755  CAN2  124       [8]  88 70 00 15 55 2A A8 00
17:13:14.755  CAN2  1AE       [8]  EA 90 00 01 0F FF 7F F8
17:13:14.755  CAN2  2B2       [8]  42 30 00 00 41 00 90 41
17:13:14.755  CAN2  3B1       [8]  00 00 00 01 00 00 00 A0
17:13:14.755  CAN2  3B3       [8]  10 20 00 00 00 85 5F 00
17:13:14.755  CAN2  435       [8]  00 00 00 00 00 00 00 00
17:13:14.755  CAN2  42D       [8]  00 08 00 00 00 00 12 40
17:13:14.755  CAN2  121       [8]  2E 80 2A A9 6A 8A AA 00
17:13:14.755  CAN2  23A       [8]  70 90 00 00 00 00 00 00
17:13:14.755  CAN2  359       [8]  00 28 5D C0 FF 00 02 00
17:13:14.755  CAN2  583       [8]  51 00 11 2C 6D A0 12 0E
17:13:14.755  CAN2  2C1       [8]  00 09 00 00 0F 00 00 00
17:13:14.755  CAN2  117       [8]  82 40 00 00 57 00 00 E7
17:13:14.755  CAN2  124       [8]  21 80 00 15 55 2A A8 00
17:13:14.755  CAN2  1AE       [8]  DA A0 00 01 0F FF 7F F8
17:13:14.755  CAN2  20E       [8]  00 01 00 00 00 13 61 04
17:13:14.755  CAN2  121       [8]  97 90 2A A9 6A 8A AA 00
17:13:14.755  CAN2  23A       [8]  60 A0 00 00 00 00 00 00
17:13:14.755  CAN2  520       [8]  50 00 32 44 00 00 00 00
17:13:14.755  CAN2  3BD       [8]  00 00 00 00 00 00 00 00
17:13:14.755  CAN2  517       [8]  FF 01 0E 00 92 00 4D 41
17:13:14.755  CAN2  518       [8]  00 05 FF 00 00 FF 00 00
17:13:14.755  CAN2  117       [8]  92 40 00 00 57 00 00 D7
17:13:14.779  CAN2  124       [8]  98 90 00 15 55 2A A8 00
17:13:14.779  CAN2  1AE       [8]  CA B0 00 01 0F FF 7F F8
17:13:14.779  CAN2  335       [8]  00 02 00 1C FD 8E F0 00
17:13:14.779  CAN2  3E1       [8]  00 00 00 00 00 00 00 00
17:13:14.779  CAN2  631       [8]  04 03 48 01 01 00 00 00
17:13:14.779  CAN2  29A       [8]  11 0C 00 00 11 01 01 00
17:13:14.779  CAN2  2AB       [8]  00 00 00 00 00 03 2B FE
17:13:14.779  CAN2  121       [8]  41 A0 2A A9 6A 8A AA 00
17:13:14.779  CAN2  23A       [8]  50 B0 00 00 00 00 00 00
17:13:14.779  CAN2  247       [8]  00 06 00 00 18 09 08 88
17:13:14.779  CAN2  2CD       [8]  C8 00 28 00 00 10 40 03
17:13:14.779  CAN2  602       [8]  00 00 00 00 00 00 00 00
17:13:14.779  CAN2  117       [8]  A2 40 00 00 57 00 00 C7
17:13:14.779  CAN2  124       [8]  4E A0 00 15 55 2A A8 00
17:13:14.779  CAN2  1AE       [8]  BA C0 00 01 0F FF 7F F8
17:13:14.779  CAN2  121       [8]  F8 B0 2A A9 6A 8A AA 00
17:13:14.779  CAN2  23A       [8]  40 C0 00 00 00 00 00 00
17:13:14.779  CAN2  249       [8]  00 00 00 00 00 00 00 00
17:13:14.779  CAN2  117       [8]  B2 40 00 00 57 00 00 B7
17:13:14.779  CAN2  124       [8]  F7 B0 00 15 55 2A A8 00
17:13:14.779  CAN2  1AE       [8]  AA D0 00 01 0F FF 7F F8
17:13:14.779  CAN2  121       [8]  F0 C0 2A A9 6A 8A AA 00
17:13:14.779  CAN2  23A       [8]  30 D0 00 00 00 00 00 00
17:13:14.779  CAN2  3B7       [8]  00 41 41 22 22 F9 00 00
17:13:14.779  CAN2  3B7       [8]  01 3F 7F BF 7F 1E 75 00
17:13:14.779  CAN2  3B7       [8]  02 00 00 00 94 11 00 00
17:13:14.779  CAN2  3B7       [8]  03 00 00 9A 99 99 99 00
17:13:14.779  CAN2  3B7       [8]  04 07 CB 07 C5 0A F9 00
17:13:14.779  CAN2  3B7       [8]  05 12 01 11 00 00 00 01
17:13:14.779  CAN2  3E5       [8]  10 00 00 00 00 00 00 00
17:13:14.779  CAN2  117       [8]  C2 40 00 00 57 00 00 A7
17:13:14.779  CAN2  124       [8]  FF C0 00 15 55 2A A8 00
17:13:14.814  CAN2  1AE       [8]  9A E0 00 01 0F FF 7F F8
17:13:14.814  CAN2  3B1       [8]  00 00 00 01 00 00 00 A0
17:13:14.814  CAN2  3B3       [8]  10 20 00 00 00 85 5F 00
17:13:14.814  CAN2  121       [8]  49 D0 2A A9 6A 8A AA 00
17:13:14.814  CAN2  23A       [8]  20 E0 00 00 00 00 00 00
17:13:14.814  CAN2  583       [8]  51 00 11 2C 6D A0 12 0E
17:13:14.814  CAN2  117       [8]  D2 40 00 00 57 00 00 97
17:13:14.814  CAN2  124       [8]  46 D0 00 15 55 2A A8 00
17:13:14.814  CAN2  1AE       [8]  8A F0 00 01 0F FF 7F F8
17:13:14.814  CAN2  20E       [8]  00 01 00 00 00 13 61 04
17:13:14.814  CAN2  2C1       [8]  00 09 00 00 0F 00 00 00
17:13:14.814  CAN2  121       [8]  9F E0 2A A9 6A 8A AA 00
17:13:14.814  CAN2  23A       [8]  10 F0 00 00 00 00 00 00
17:13:14.814  CAN2  520       [8]  50 00 32 44 00 00 00 00
17:13:14.814  CAN2  3BD       [8]  00 00 00 00 00 00 00 00
17:13:14.814  CAN2  517       [8]  FF 01 0E 00 92 00 4D 41
17:13:14.814  CAN2  518       [8]  00 05 FF 00 00 FF 00 00
17:13:14.814  CAN2  117       [8]  E2 40 00 00 57 00 00 87
17:13:14.814  CAN2  124       [8]  90 E0 00 15 55 2A A8 00
17:13:14.814  CAN2  1AE       [8]  7A 00 00 01 0F FF 7F F8
17:13:14.814  CAN2  335       [8]  00 02 00 1C FD 8E F0 00
17:13:14.814  CAN2  29A       [8]  11 0C 00 00 11 01 01 00
17:13:14.814  CAN2  2AB       [8]  00 00 00 00 00 03 2B FE
17:13:14.814  CAN2  121       [8]  26 F0 2A A9 6A 8A AA 00
17:13:14.814  CAN2  23A       [8]  00 00 00 00 00 00 00 00
17:13:14.814  CAN2  247       [8]  00 06 00 00 18 09 08 88
17:13:14.814  CAN2  256       [8]  58 10 00 61 25 2B A3 44
17:13:14.814  CAN2  2CD       [8]  C8 00 28 00 00 10 40 03
17:13:14.814  CAN2  3E1       [8]  00 00 00 00 00 00 00 00
17:13:14.814  CAN2  117       [8]  F2 40 00 00 57 00 00 77
17:13:14.814  CAN2  124       [8]  29 F0 00 15 55 2A A8 00
17:13:14.814  CAN2  1AE       [8]  6A 10 00 01 0F FF 7F F8
17:13:14.839  CAN2  121       [8]  8F 00 2A A9 6A 8A AA 00
17:13:14.839  CAN2  23A       [8]  F0 10 00 00 00 00 00 00
17:13:14.839  CAN2  249       [8]  00 00 00 00 00 00 00 00
17:13:14.839  CAN2  402       [8]  06 02 00 00 00 00 00 00
17:13:14.839  CAN2  117       [8]  02 40 00 00 57 00 00 67
17:13:14.839  CAN2  124       [8]  80 00 00 15 55 2A A8 00
17:13:14.839  CAN2  1AE       [8]  5A 20 00 01 0F FF 7F F8
17:13:14.839  CAN2  121       [8]  36 10 2A A9 6A 8A AA 00
17:13:14.839  CAN2  23A       [8]  E0 20 00 00 00 00 00 00
17:13:14.839  CAN2  3B7       [8]  00 41 41 22 22 F9 00 00
17:13:14.839  CAN2  3B7       [8]  01 3F 7F BF 7F 1E 75 00
17:13:14.839  CAN2  3B7       [8]  02 00 00 00 94 11 00 00
17:13:14.839  CAN2  3B7       [8]  03 00 00 9A 99 99 99 00
17:13:14.839  CAN2  3B7       [8]  04 07 CB 07 C5 0A F9 00
17:13:14.839  CAN2  3B7       [8]  05 12 01 11 00 00 00 01
17:13:14.839  CAN2  3E5       [8]  10 00 00 00 00 00 00 00
17:13:14.839  CAN2  117       [8]  12 40 00 00 57 00 00 57
17:13:14.839  CAN2  124       [8]  39 10 00 15 55 2A A8 00
17:13:14.839  CAN2  1AE       [8]  4A 30 00 01 0F FF 7F F8
17:13:14.839  CAN2  2B2       [8]  52 40 00 00 41 00 90 41
17:13:14.839  CAN2  3C2       [8]  00 00 00 42 00 00 00 09
17:13:14.839  CAN2  3B1       [8]  00 00 00 01 00 00 00 A0
17:13:14.839  CAN2  3B3       [8]  10 20 00 00 00 85 5F 00
17:13:14.839  CAN2  435       [8]  00 00 00 00 00 00 00 00
17:13:14.839  CAN2  42D       [8]  00 08 00 00 00 00 12 40
17:13:14.839  CAN2  121       [8]  E0 20 2A A9 6A 8A AA 00
17:13:14.839  CAN2  23A       [8]  D0 30 00 00 00 00 00 00
17:13:14.839  CAN2  359       [8]  00 28 5D C0 FF 00 02 00
17:13:14.839  CAN2  583       [8]  51 00 11 2C 6D A0 12 0E
17:13:14.839  CAN2  117       [8]  22 40 00 00 57 00 00 47
17:13:14.839  CAN2  124       [8]  EF 20 00 15 55 2A A8 00
17:13:14.839  CAN2  1AE       [8]  3A 40 00 01 0F FF 7F F8
17:13:14.875  CAN2  20E       [8]  00 01 00 00 00 13 61 04
17:13:14.875  CAN2  121       [8]  59 30 2A A9 6A 8A AA 00
17:13:14.875  CAN2  23A       [8]  C0 40 00 00 00 00 00 00
17:13:14.875  CAN2  520       [8]  50 00 32 44 00 00 00 00
17:13:14.875  CAN2  3BD       [8]  00 00 00 00 00 00 00 00
17:13:14.875  CAN2  517       [8]  FF 01 0E 00 92 00 4D 41
17:13:14.875  CAN2  518       [8]  00 05 FF 00 00 FF 00 00
17:13:14.875  CAN2  2C1       [8]  00 09 00 00 0F 00 00 00
17:13:14.875  CAN2  117       [8]  32 40 00 00 57 00 00 37
17:13:14.875  CAN2  124       [8]  56 30 00 15 55 2A A8 00
17:13:14.875  CAN2  1AE       [8]  2A 50 00 01 0F FF 7F F8
17:13:14.875  CAN2  335       [8]  00 02 00 1C FD 8E F0 00
17:13:14.875  CAN2  29A       [8]  11 0C 00 00 11 01 01 00
17:13:14.875  CAN2  121       [8]  51 40 2A A9 6A 8A AA 00
17:13:14.875  CAN2  23A       [8]  B0 50 00 00 00 00 00 00
17:13:14.875  CAN2  247       [8]  00 06 00 00 18 09 08 88
17:13:14.875  CAN2  2AB       [8]  00 00 00 00 00 03 2B FE
17:13:14.875  CAN2  2CD       [8]  C8 00 28 00 00 10 40 03
17:13:14.875  CAN2  3E1       [8]  00 00 00 00 00 00 00 00
17:13:14.875  CAN2  117       [8]  42 40 00 00 57 00 00 27
17:13:14.875  CAN2  124       [8]  5E 40 00 15 55 2A A8 00
17:13:14.875  CAN2  1AE       [8]  1A 60 00 01 0F FF 7F F8
17:13:14.875  CAN2  121       [8]  E8 50 2A A9 6A 8A AA 00
17:13:14.875  CAN2  23A       [8]  A0 60 00 00 00 00 00 00
17:13:14.875  CAN2  249       [8]  00 00 00 00 00 00 00 00
17:13:14.875  CAN2  117       [8]  52 40 00 00 57 00 00 17
17:13:14.875  CAN2  124       [8]  E7 50 00 15 55 2A A8 00
17:13:14.875  CAN2  1AE       [8]  0A 70 00 01 0F FF 7F F8
17:13:14.875  CAN2  580       [8]  7E A5 02 13 0D 4F 00 00
17:13:14.875  CAN2  121       [8]  3E 60 2A A9 6A 8A AA 00
17:13:14.875  CAN2  23A       [8]  90 70 00 00 00 00 00 00
17:13:14.875  CAN2  3B7       [8]  00 41 41 22 22 F9 00 00
17:13:14.912  CAN2  3B7       [8]  01 3F 7F BF 7F 1E 75 00
17:13:14.912  CAN2  3B7       [8]  02 00 00 00 94 11 00 00
17:13:14.912  CAN2  3B7       [8]  03 00 00 9A 99 99 99 00
17:13:14.912  CAN2  3B7       [8]  04 07 CB 07 C5 0A F8 00
17:13:14.912  CAN2  3B7       [8]  05 12 01 11 00 00 00 01
17:13:14.912  CAN2  3E5       [8]  10 00 00 00 00 00 00 00
17:13:14.912  CAN2  117       [8]  62 40 00 00 57 00 00 07
17:13:14.912  CAN2  124       [8]  31 60 00 15 55 2A A8 00
17:13:14.912  CAN2  1AE       [8]  FA 80 00 01 0F FF 7F F8
17:13:14.912  CAN2  3B1       [8]  00 00 00 01 00 00 00 A0
17:13:14.912  CAN2  3B3       [8]  10 20 00 00 00 85 5F 00
17:13:14.912  CAN2  121       [8]  87 70 2A A9 6A 8A AA 00
17:13:14.912  CAN2  23A       [8]  80 80 00 00 00 00 00 00
17:13:14.912  CAN2  583       [8]  51 00 11 2C 6D A0 12 0E
17:13:14.912  CAN2  117       [8]  72 40 00 00 57 00 00 F7
17:13:14.912  CAN2  124       [8]  88 70 00 15 55 2A A8 00
17:13:14.912  CAN2  1AE       [8]  EA 90 00 01 0F FF 7F F8
17:13:14.912  CAN2  20E       [8]  00 01 00 00 00 13 61 04
17:13:14.912  CAN2  121       [8]  2E 80 2A A9 6A 8A AA 00
17:13:14.912  CAN2  23A       [8]  70 90 00 00 00 00 00 00
17:13:14.912  CAN2  520       [8]  50 00 32 44 00 00 00 00
17:13:14.912  CAN2  3BD       [8]  00 00 00 00 00 00 00 00
17:13:14.912  CAN2  517       [8]  FF 01 0E 00 92 00 4D 41
17:13:14.912  CAN2  518       [8]  00 05 FF 00 00 FF 00 00
17:13:14.912  CAN2  117       [8]  82 40 00 00 57 00 00 E7
17:13:14.912  CAN2  124       [8]  21 80 00 15 55 2A A8 00
17:13:14.912  CAN2  1AE       [8]  DA A0 00 01 0F FF 7F F8
17:13:14.912  CAN2  335       [8]  00 02 00 1C FD 8E F0 00
17:13:14.912  CAN2  2C1       [8]  00 09 00 00 0F 00 00 00
17:13:14.912  CAN2  29A       [8]  11 0C 00 00 11 01 01 00
17:13:14.912  CAN2  2AB       [8]  00 00 00 00 00 03 2B FE
17:13:14.912  CAN2  121       [8]  97 90 2A A9 6A 8A AA 00
17:13:14.936  CAN2  23A       [8]  60 A0 00 00 00 00 00 00
17:13:14.936  CAN2  247       [8]  00 06 00 00 18 09 08 88
17:13:14.936  CAN2  256       [8]  57 10 00 61 25 2B A4 44
17:13:14.936  CAN2  2CD       [8]  C8 00 28 00 00 10 40 03
17:13:14.936  CAN2  632       [8]  04 01 52 01 01 FF FF FF
17:13:14.936  CAN2  636       [8]  04 01 52 01 01 FF FF FF
17:13:14.936  CAN2  3E1       [8]  00 00 00 00 00 00 00 00
17:13:14.936  CAN2  117       [8]  92 40 00 00 57 00 00 D7
17:13:14.936  CAN2  124       [8]  98 90 00 15 55 2A A8 00
17:13:14.936  CAN2  1AE       [8]  CA B0 00 01 0F FF 7F F8
17:13:14.936  CAN2  121       [8]  41 A0 2A A9 6A 8A AA 00
17:13:14.936  CAN2  23A       [8]  50 B0 00 00 00 00 00 00
17:13:14.936  CAN2  249       [8]  00 00 00 00 00 00 00 00
17:13:14.936  CAN2  406       [8]  09 02 00 00 00 00 00 00
17:13:14.936  CAN2  117       [8]  A2 40 00 00 57 00 00 C7
17:13:14.936  CAN2  124       [8]  4E A0 00 15 55 2A A8 00
17:13:14.936  CAN2  1AE       [8]  BA C0 00 01 0F FF 7F F8
17:13:14.936  CAN2  121       [8]  F8 B0 2A A9 6A 8A AA 00
17:13:14.936  CAN2  23A       [8]  40 C0 00 00 00 00 00 00
17:13:14.936  CAN2  3B7       [8]  00 41 41 22 22 F9 00 00
17:13:14.936  CAN2  3B7       [8]  01 3F 7F BF 7F 1E 75 00
17:13:14.936  CAN2  3B7       [8]  02 00 00 00 94 11 00 00
17:13:14.936  CAN2  3B7       [8]  03 00 00 9A 99 99 99 00
17:13:14.936  CAN2  3B7       [8]  04 07 CB 07 C6 0A F9 00
17:13:14.936  CAN2  3B7       [8]  05 12 01 11 00 00 00 01
17:13:14.936  CAN2  3E5       [8]  10 00 00 00 00 00 00 00
17:13:14.936  CAN2  117       [8]  B2 40 00 00 57 00 00 B7
17:13:14.936  CAN2  124       [8]  F7 B0 00 15 55 2A A8 00
17:13:14.936  CAN2  1AE       [8]  AA D0 00 01 0F FF 7F F8
17:13:14.936  CAN2  2B2       [8]  62 50 00 00 41 00 90 41
17:13:14.936  CAN2  3B1       [8]  00 00 00 01 00 00 00 A0
17:13:14.936  CAN2  3B3       [8]  10 20 00 00 00 85 5F 00
17:13:14.960  CAN2  435       [8]  00 00 00 00 00 00 00 00
17:13:14.960  CAN2  42D       [8]  00 08 00 00 00 00 12 40
17:13:14.960  CAN2  121       [8]  F0 C0 2A A9 6A 8A AA 00
17:13:14.960  CAN2  23A       [8]  30 D0 00 00 00 00 00 00
17:13:14.960  CAN2  359       [8]  00 28 5D C0 FF 00 02 00
17:13:14.960  CAN2  583       [8]  51 00 11 2C 6D A0 12 0E
17:13:14.960  CAN2  117       [8]  C2 40 00 00 57 00 00 A7
17:13:14.960  CAN2  124       [8]  FF C0 00 15 55 2A A8 00
17:13:14.960  CAN2  1AE       [8]  9A E0 00 01 0F FF 7F F8
17:13:14.960  CAN2  20E       [8]  00 01 00 00 00 13 61 04
17:13:14.960  CAN2  121       [8]  49 D0 2A A9 6A 8A AA 00
17:13:14.960  CAN2  23A       [8]  20 E0 00 00 00 00 00 00
17:13:14.960  CAN2  520       [8]  50 00 32 44 00 00 00 00
17:13:14.960  CAN2  3BD       [8]  00 00 00 00 00 00 00 00
17:13:14.960  CAN2  517       [8]  FF 01 0E 00 92 00 4D 41
17:13:14.960  CAN2  518       [8]  00 05 FF 00 00 FF 00 00
17:13:14.960  CAN2  117       [8]  D2 40 00 00 57 00 00 97
17:13:14.960  CAN2  124       [8]  46 D0 00 15 55 2A A8 00
17:13:14.960  CAN2  1AE       [8]  8A F0 00 01 0F FF 7F F8
17:13:14.960  CAN2  335       [8]  00 02 00 1C FD 8E F0 00
17:13:14.960  CAN2  2C1       [8]  00 09 00 00 0F 00 00 00
17:13:14.960  CAN2  631       [8]  04 03 48 01 01 00 00 00
17:13:14.960  CAN2  29A       [8]  11 0C 00 00 11 01 01 00
17:13:14.960  CAN2  2AB       [8]  00 00 00 00 00 03 2B FE
17:13:14.960  CAN2  121       [8]  9F E0 2A A9 6A 8A AA 00
17:13:14.960  CAN2  23A       [8]  10 F0 00 00 00 00 00 00
17:13:14.960  CAN2  247       [8]  00 06 00 00 18 09 08 88
17:13:14.960  CAN2  2CD       [8]  C8 00 28 00 00 10 40 03
17:13:14.960  CAN2  117       [8]  E2 40 00 00 57 00 00 87
17:13:14.960  CAN2  124       [8]  90 E0 00 15 55 2A A8 00
17:13:14.960  CAN2  1AE       [8]  7A 00 00 01 0F FF 7F F8
17:13:14.960  CAN2  3E1       [8]  00 00 00 00 00 00 00 00
17:13:14.996  CAN2  121       [8]  26 F0 2A A9 6A 8A AA 00
17:13:14.996  CAN2  23A       [8]  00 00 00 00 00 00 00 00
17:13:14.996  CAN2  249       [8]  00 00 00 00 00 00 00 00
17:13:14.996  CAN2  117       [8]  F2 40 00 00 57 00 00 77
17:13:14.996  CAN2  124       [8]  29 F0 00 15 55 2A A8 00
17:13:14.996  CAN2  1AE       [8]  6A 10 00 01 0F FF 7F F8
17:13:14.996  CAN2  121       [8]  8F 00 2A A9 6A 8A AA 00
17:13:14.996  CAN2  23A       [8]  F0 10 00 00 00 00 00 00
17:13:14.996  CAN2  3B7       [8]  00 41 41 22 22 F9 00 00
17:13:14.996  CAN2  3B7       [8]  01 3F 7F BF 7F 1E 75 00
17:13:14.996  CAN2  3B7       [8]  02 00 00 00 94 11 00 00
17:13:14.996  CAN2  3B7       [8]  03 00 00 9A 99 99 99 00
17:13:14.996  CAN2  3B7       [8]  04 07 CB 07 C5 0A F9 00
17:13:14.996  CAN2  3B7       [8]  05 12 01 11 00 00 00 01
17:13:14.996  CAN2  3E5       [8]  10 00 00 00 00 00 00 00
17:13:14.996  CAN2  117       [8]  02 40 00 00 57 00 00 67
17:13:14.996  CAN2  124       [8]  80 00 00 15 55 2A A8 00
17:13:14.996  CAN2  1AE       [8]  5A 20 00 01 0F FF 7F F8
17:13:14.996  CAN2  3B1       [8]  00 00 00 01 00 00 00 A0
17:13:14.996  CAN2  3B3       [8]  10 20 00 00 00 85 5F 00
17:13:14.996  CAN2  121       [8]  36 10 2A A9 6A 8A AA 00
17:13:14.996  CAN2  23A       [8]  E0 20 00 00 00 00 00 00
17:13:14.996  CAN2  583       [8]  51 00 11 2C 6D A0 12 0E
17:13:14.996  CAN2  117       [8]  12 40 00 00 57 00 00 57
17:13:14.996  CAN2  124       [8]  39 10 00 15 55 2A A8 00
17:13:14.996  CAN2  1AE       [8]  4A 30 00 01 0F FF 7F F8
17:13:14.996  CAN2  20E       [8]  00 01 00 00 00 13 61 04
17:13:14.996  CAN2  121       [8]  E0 20 2A A9 6A 8A AA 00
17:13:14.996  CAN2  23A       [8]  D0 30 00 00 00 00 00 00
17:13:14.996  CAN2  520       [8]  50 00 32 44 00 00 00 00
17:13:14.996  CAN2  3BD       [8]  00 00 00 00 00 00 00 00
17:13:14.996  CAN2  517       [8]  FF 01 0E 00 92 00 4D 41
17:13:15.031  CAN2  518       [8]  00 05 FF 00 00 FF 00 00
17:13:15.031  CAN2  117       [8]  22 40 00 00 57 00 00 47
17:13:15.031  CAN2  124       [8]  EF 20 00 15 55 2A A8 00
17:13:15.031  CAN2  1AE       [8]  3A 40 00 01 0F FF 7F F8
17:13:15.031  CAN2  335       [8]  00 02 00 1C FD 8E F0 00
17:13:15.031  CAN2  29A       [8]  11 0C 00 00 11 01 01 00
17:13:15.031  CAN2  2AB       [8]  00 00 00 00 00 03 2B FE
17:13:15.031  CAN2  121       [8]  59 30 2A A9 6A 8A AA 00
17:13:15.031  CAN2  23A       [8]  C0 40 00 00 00 00 00 00
17:13:15.031  CAN2  247       [8]  00 06 00 00 18 09 08 88
17:13:15.031  CAN2  256       [8]  56 10 00 61 25 2B A5 44
17:13:15.031  CAN2  2CD       [8]  C8 00 28 00 00 10 40 03
17:13:15.031  CAN2  2C1       [8]  00 09 00 00 0F 00 00 00
17:13:15.031  CAN2  117       [8]  32 40 00 00 57 00 00 37
17:13:15.031  CAN2  124       [8]  56 30 00 15 55 2A A8 00
17:13:15.031  CAN2  1AE       [8]  2A 50 00 01 0F FF 7F F8
17:13:15.031  CAN2  3E1       [8]  00 00 00 00 00 00 00 00
17:13:15.031  CAN2  121       [8]  51 40 2A A9 6A 8A AA 00
17:13:15.031  CAN2  23A       [8]  B0 50 00 00 00 00 00 00
17:13:15.031  CAN2  249       [8]  00 00 00 00 00 00 00 00
17:13:15.031  CAN2  409       [8]  0A 02 00 00 00 00 00 00
17:13:15.031  CAN2  117       [8]  42 40 00 00 57 00 00 27
17:13:15.031  CAN2  124       [8]  5E 40 00 15 55 2A A8 00
17:13:15.031  CAN2  1AE       [8]  1A 60 00 01 0F FF 7F F8
17:13:15.031  CAN2  121       [8]  E8 50 2A A9 6A 8A AA 00
17:13:15.031  CAN2  23A       [8]  A0 60 00 00 00 00 00 00
17:13:15.031  CAN2  3B7       [8]  00 41 41 22 22 F9 00 00
17:13:15.031  CAN2  3B7       [8]  01 3F 7F BF 7F 1E 75 00
17:13:15.031  CAN2  3B7       [8]  02 00 00 00 94 11 00 00
17:13:15.031  CAN2  3B7       [8]  03 00 00 9A 99 99 99 00
17:13:15.031  CAN2  3B7       [8]  04 07 CB 07 C5 0A F8 00
17:13:15.031  CAN2  3B7       [8]  05 12 01 11 00 00 00 01
17:13:15.056  CAN2  3E5       [8]  10 00 00 00 00 00 00 00
17:13:15.056  CAN2  117       [8]  52 40 00 00 57 00 00 17
17:13:15.056  CAN2  124       [8]  E7 50 00 15 55 2A A8 00
17:13:15.056  CAN2  1AE       [8]  0A 70 00 01 0F FF 7F F8
17:13:15.056  CAN2  2B2       [8]  72 60 00 00 41 00 90 41
17:13:15.056  CAN2  3B1       [8]  00 00 00 01 00 00 00 A0
17:13:15.056  CAN2  3B3       [8]  10 20 00 00 00 85 5F 00
17:13:15.056  CAN2  435       [8]  00 00 00 00 00 00 00 00
17:13:15.056  CAN2  42D       [8]  00 08 00 00 00 00 12 40
17:13:15.056  CAN2  121       [8]  3E 60 2A A9 6A 8A AA 00
17:13:15.056  CAN2  23A       [8]  90 70 00 00 00 00 00 00
17:13:15.056  CAN2  359       [8]  00 28 5D C0 FF 00 02 00
17:13:15.056  CAN2  583       [8]  51 00 11 2C 6D A0 12 0E
17:13:15.056  CAN2  117       [8]  62 40 00 00 57 00 00 07
17:13:15.056  CAN2  124       [8]  31 60 00 15 55 2A A8 00
17:13:15.056  CAN2  1AE       [8]  FA 80 00 01 0F FF 7F F8
17:13:15.056  CAN2  20E       [8]  00 01 00 00 00 13 61 04
17:13:15.056  CAN2  121       [8]  87 70 2A A9 6A 8A AA 00
17:13:15.056  CAN2  23A       [8]  80 80 00 00 00 00 00 00
17:13:15.056  CAN2  520       [8]  50 00 32 44 00 00 00 00
17:13:15.056  CAN2  3BD       [8]  00 00 00 00 00 00 00 00
17:13:15.056  CAN2  517       [8]  FF 01 0E 00 92 00 4D 41
17:13:15.056  CAN2  518       [8]  00 05 FF 00 00 FF 00 00
17:13:15.056  CAN2  117       [8]  72 40 00 00 57 00 00 F7
17:13:15.056  CAN2  124       [8]  88 70 00 15 55 2A A8 00
17:13:15.056  CAN2  1AE       [8]  EA 90 00 01 0F FF 7F F8
17:13:15.056  CAN2  335       [8]  00 02 00 1C FD 8E F0 00
17:13:15.056  CAN2  29A       [8]  11 0C 00 00 11 01 01 00
17:13:15.056  CAN2  2AB       [8]  00 00 00 00 00 03 2B FE
17:13:15.056  CAN2  121       [8]  2E 80 2A A9 6A 8A AA 00
17:13:15.056  CAN2  23A       [8]  70 90 00 00 00 00 00 00
17:13:15.056  CAN2  247       [8]  00 06 00 00 18 09 08 88
17:13:15.092  CAN2  2CD       [8]  C8 00 28 00 00 10 40 03
17:13:15.092  CAN2  2C1       [8]  00 09 00 00 0F 00 00 00
17:13:15.092  CAN2  117       [8]  82 40 00 00 57 00 00 E7
17:13:15.092  CAN2  124       [8]  21 80 00 15 55 2A A8 00
17:13:15.092  CAN2  1AE       [8]  DA A0 00 01 0F FF 7F F8
17:13:15.092  CAN2  121       [8]  97 90 2A A9 6A 8A AA 00
17:13:15.092  CAN2  23A       [8]  60 A0 00 00 00 00 00 00
17:13:15.092  CAN2  249       [8]  00 00 00 00 00 00 00 00
17:13:15.092  CAN2  3E1       [8]  00 00 00 00 00 00 00 00
17:13:15.092  CAN2  117       [8]  92 40 00 00 57 00 00 D7
17:13:15.092  CAN2  124       [8]  98 90 00 15 55 2A A8 00
17:13:15.092  CAN2  1AE       [8]  CA B0 00 01 0F FF 7F F8
17:13:15.092  CAN2  121       [8]  41 A0 2A A9 6A 8A AA 00
17:13:15.092  CAN2  23A       [8]  50 B0 00 00 00 00 00 00
17:13:15.092  CAN2  3B7       [8]  00 41 41 22 22 F9 00 00
17:13:15.092  CAN2  3B7       [8]  01 3F 7F BF 7F 1E 75 00
17:13:15.092  CAN2  3B7       [8]  02 00 00 00 94 11 00 00
17:13:15.092  CAN2  3B7       [8]  03 00 00 9A 99 99 99 00
17:13:15.092  CAN2  3B7       [8]  04 07 CB 07 C5 0A F8 00
17:13:15.092  CAN2  3B7       [8]  05 12 01 11 00 00 00 01
17:13:15.092  CAN2  3E5       [8]  10 00 00 00 00 00 00 00
17:13:15.092  CAN2  117       [8]  A2 40 00 00 57 00 00 C7
17:13:15.092  CAN2  124       [8]  4E A0 00 15 55 2A A8 00
17:13:15.092  CAN2  1AE       [8]  BA C0 00 01 0F FF 7F F8
17:13:15.092  CAN2  3B1       [8]  00 00 00 01 00 00 00 A0
17:13:15.092  CAN2  3B3       [8]  10 20 00 00 00 85 5F 00
17:13:15.092  CAN2  121       [8]  F8 B0 2A A9 6A 8A AA 00
17:13:15.092  CAN2  23A       [8]  40 C0 00 00 00 00 00 00
17:13:15.092  CAN2  583       [8]  51 00 11 2C 6D A0 12 0E
17:13:15.092  CAN2  117       [8]  B2 40 00 00 57 00 00 B7
17:13:15.092  CAN2  124       [8]  F7 B0 00 15 55 2A A8 00
17:13:15.092  CAN2  1AE       [8]  AA D0 00 01 0F FF 7F F8
17:13:15.117  CAN2  20E       [8]  00 01 00 00 00 13 61 04
17:13:15.117  CAN2  121       [8]  F0 C0 2A A9 6A 8A AA 00
17:13:15.117  CAN2  23A       [8]  30 D0 00 00 00 00 00 00
17:13:15.117  CAN2  520       [8]  50 00 32 44 00 00 00 00
17:13:15.117  CAN2  3BD       [8]  00 00 00 00 00 00 00 00
17:13:15.117  CAN2  517       [8]  FF 01 0E 00 92 00 4D 41
17:13:15.117  CAN2  518       [8]  00 05 FF 00 00 FF 00 00
17:13:15.117  CAN2  117       [8]  C2 40 00 00 57 00 00 A7
17:13:15.117  CAN2  124       [8]  FF C0 00 15 55 2A A8 00
17:13:15.117  CAN2  1AE       [8]  9A E0 00 01 0F FF 7F F8
17:13:15.117  CAN2  335       [8]  00 02 00 1C FD 8E F0 00
17:13:15.117  CAN2  29A       [8]  11 0C 00 00 11 01 01 00
17:13:15.117  CAN2  2AB       [8]  00 00 00 00 00 03 2B FE
17:13:15.117  CAN2  2CD       [8]  C8 00 28 00 00 10 40 03
17:13:15.117  CAN2  121       [8]  49 D0 2A A9 6A 8A AA 00
17:13:15.117  CAN2  23A       [8]  20 E0 00 00 00 00 00 00
17:13:15.117  CAN2  247       [8]  00 06 00 00 18 09 08 88
17:13:15.117  CAN2  256       [8]  55 10 00 61 25 2B A6 44
17:13:15.117  CAN2  632       [8]  04 01 52 01 01 FF FF FF
17:13:15.117  CAN2  636       [8]  04 01 52 01 01 FF FF FF
17:13:15.117  CAN2  117       [8]  D2 40 00 00 57 00 00 97
17:13:15.117  CAN2  124       [8]  46 D0 00 15 55 2A A8 00
17:13:15.117  CAN2  1AE       [8]  8A F0 00 01 0F FF 7F F8
17:13:15.117  CAN2  2C1       [8]  00 09 00 00 0F 00 00 00
17:13:15.117  CAN2  121       [8]  9F E0 2A A9 6A 8A AA 00
17:13:15.117  CAN2  23A       [8]  10 F0 00 00 00 00 00 00
17:13:15.117  CAN2  249       [8]  00 00 00 00 00 00 00 00
17:13:15.117  CAN2  40A       [8]  0D 02 00 00 00 00 00 00
17:13:15.117  CAN2  3E1       [8]  00 00 00 00 00 00 00 00
17:13:15.117  CAN2  117       [8]  E2 40 00 00 57 00 00 87
17:13:15.117  CAN2  124       [8]  90 E0 00 15 55 2A A8 00
17:13:15.117  CAN2  1AE       [8]  7A 00 00 01 0F FF 7F F8
17:13:15.154  CAN2  121       [8]  26 F0 2A A9 6A 8A AA 00
17:13:15.154  CAN2  23A       [8]  00 00 00 00 00 00 00 00
17:13:15.154  CAN2  3B7       [8]  00 41 41 22 22 F9 00 00
17:13:15.154  CAN2  3B7       [8]  01 3F 7F BF 7F 1E 75 00
17:13:15.154  CAN2  3B7       [8]  02 00 00 00 94 11 00 00
17:13:15.154  CAN2  2C1       [8]  00 08 00 00 0F 00 00 00
17:13:15.154  CAN2  3B7       [8]  03 00 00 9A 99 99 99 00
17:13:15.154  CAN2  3B7       [8]  04 07 CB 07 C6 0A F8 00
17:13:15.154  CAN2  3B7       [8]  05 12 01 11 00 00 00 01
17:13:15.154  CAN2  117       [8]  F2 40 00 00 57 00 00 77
17:13:15.154  CAN2  124       [8]  29 F0 00 15 55 2A A8 00
17:13:15.154  CAN2  1AE       [8]  6A 10 00 01 0F FF 7F F8
17:13:15.154  CAN2  2B2       [8]  82 70 00 00 41 00 90 41
17:13:15.154  CAN2  3E5       [8]  10 00 00 00 00 00 00 00
17:13:15.154  CAN2  3B1       [8]  00 00 00 01 00 00 00 A0
17:13:15.154  CAN2  3B3       [8]  10 20 00 00 00 85 5F 00
17:13:15.154  CAN2  435       [8]  00 00 00 00 00 00 00 00
17:13:15.154  CAN2  42D       [8]  00 08 00 00 00 00 12 40
17:13:15.154  CAN2  121       [8]  8F 00 2A A9 6A 8A AA 00
17:13:15.154  CAN2  23A       [8]  F0 10 00 00 00 00 00 00
17:13:15.154  CAN2  359       [8]  00 28 5D C0 FF 00 02 00
17:13:15.154  CAN2  583       [8]  51 00 11 2C 6D A0 12 0E
17:13:15.154  CAN2  117       [8]  02 40 00 00 54 00 00 6A
17:13:15.154  CAN2  124       [8]  80 00 00 15 55 2A A8 00
17:13:15.154  CAN2  1AE       [8]  5A 20 00 01 0F FF 7F F8
17:13:15.154  CAN2  20E       [8]  00 01 00 00 00 10 61 04
17:13:15.154  CAN2  121       [8]  36 10 2A A9 6A 8A AA 00
17:13:15.154  CAN2  23A       [8]  E0 20 00 00 00 00 00 00
17:13:15.154  CAN2  520       [8]  50 00 32 44 00 00 00 00
17:13:15.154  CAN2  3BD       [8]  00 00 00 00 00 00 00 00
17:13:15.154  CAN2  517       [8]  FF 01 0E 00 92 00 4D 41
17:13:15.154  CAN2  518       [8]  00 05 FF 00 00 FF 00 00
17:13:15.179  CAN2  117       [8]  12 40 00 00 54 00 00 5A
17:13:15.179  CAN2  124       [8]  39 10 00 15 55 2A A8 00
17:13:15.179  CAN2  1AE       [8]  4A 30 00 01 0F FF 7F F8
17:13:15.179  CAN2  335       [8]  00 02 00 1C FD 8E F0 00
17:13:15.179  CAN2  631       [8]  04 03 48 01 01 00 00 00
17:13:15.179  CAN2  29A       [8]  11 0C 00 00 11 01 01 00
17:13:15.179  CAN2  2AB       [8]  00 00 00 00 00 03 2B FE
17:13:15.179  CAN2  2CD       [8]  C8 00 28 00 00 10 40 03
17:13:15.179  CAN2  121       [8]  E0 20 2A A9 6A 8A AA 00
17:13:15.179  CAN2  23A       [8]  D0 30 00 00 00 00 00 00
17:13:15.179  CAN2  247       [8]  00 06 00 00 18 09 08 88
17:13:15.179  CAN2  117       [8]  22 40 00 00 54 00 00 4A
17:13:15.179  CAN2  124       [8]  EF 20 00 15 55 2A A8 00
17:13:15.179  CAN2  1AE       [8]  3A 40 00 01 0F FF 7F F8
17:13:15.179  CAN2  121       [8]  59 30 2A A9 6A 8A AA 00
17:13:15.179  CAN2  23A       [8]  C0 40 00 00 00 00 00 00
17:13:15.179  CAN2  249       [8]  00 00 00 00 00 00 00 00
17:13:15.179  CAN2  3E1       [8]  00 00 00 00 00 00 00 00
17:13:15.179  CAN2  117       [8]  32 40 00 00 54 00 00 3A
17:13:15.179  CAN2  124       [8]  56 30 00 15 55 2A A8 00
17:13:15.179  CAN2  1AE       [8]  2A 50 00 01 0F FF 7F F8
17:13:15.179  CAN2  121       [8]  51 40 2A A9 6A 8A AA 00
17:13:15.179  CAN2  23A       [8]  B0 50 00 00 00 00 00 00
17:13:15.179  CAN2  3B7       [8]  00 41 41 22 22 F9 00 00
17:13:15.179  CAN2  3B7       [8]  01 3F 7F BF 7F 1E 75 00
17:13:15.179  CAN2  3B7       [8]  02 00 00 00 94 11 00 00
17:13:15.179  CAN2  3B7       [8]  03 00 00 9A 99 99 99 00
17:13:15.179  CAN2  3B7       [8]  04 07 CB 07 C5 0A F8 00
17:13:15.179  CAN2  3B7       [8]  05 12 01 11 00 00 00 01
17:13:15.179  CAN2  2C1       [8]  00 08 00 00 0F 00 00 00
17:13:15.179  CAN2  117       [8]  42 40 00 00 54 00 00 2A
17:13:15.179  CAN2  124       [8]  5E 40 00 15 55 2A A8 00
17:13:15.215  CAN2  1AE       [8]  1A 60 00 01 0F FF 7F F8
17:13:15.215  CAN2  3E5       [8]  10 00 00 00 00 00 00 00
17:13:15.215  CAN2  3B1       [8]  00 00 00 01 00 00 00 A0
17:13:15.215  CAN2  3B3       [8]  10 20 00 00 00 85 5F 00
17:13:15.215  CAN2  121       [8]  E8 50 2A A9 6A 8A AA 00
17:13:15.215  CAN2  23A       [8]  A0 60 00 00 00 00 00 00
17:13:15.215  CAN2  583       [8]  51 00 11 2C 6D A0 12 0E
17:13:15.215  CAN2  117       [8]  52 40 00 00 54 00 00 1A
17:13:15.215  CAN2  124       [8]  E7 50 00 15 55 2A A8 00
17:13:15.215  CAN2  1AE       [8]  0A 70 00 01 0F FF 7F F8
17:13:15.215  CAN2  20E       [8]  00 01 00 00 00 10 61 04
17:13:15.215  CAN2  121       [8]  3E 60 2A A9 6A 8A AA 00
17:13:15.215  CAN2  23A       [8]  90 70 00 00 00 00 00 00
17:13:15.215  CAN2  520       [8]  50 00 32 44 00 00 00 00
17:13:15.215  CAN2  3BD       [8]  00 00 00 00 00 00 00 00
17:13:15.215  CAN2  517       [8]  FF 01 0E 00 92 00 4D 41
17:13:15.215  CAN2  518       [8]  00 05 FF 00 00 FF 00 00
17:13:15.215  CAN2  117       [8]  62 40 00 00 54 00 00 0A
17:13:15.215  CAN2  124       [8]  31 60 00 15 55 2A A8 00
17:13:15.215  CAN2  1AE       [8]  FA 80 00 01 0F FF 7F F8
17:13:15.215  CAN2  335       [8]  00 02 00 1C FD 8E F0 00
17:13:15.215  CAN2  29A       [8]  11 0C 00 00 11 01 01 00
17:13:15.215  CAN2  2AB       [8]  00 00 00 00 00 03 2B FE
17:13:15.215  CAN2  2CD       [8]  C8 00 28 00 00 10 40 03
17:13:15.215  CAN2  121       [8]  87 70 2A A9 6A 8A AA 00
17:13:15.215  CAN2  23A       [8]  80 80 00 00 00 00 00 00
17:13:15.215  CAN2  247       [8]  00 06 00 00 18 49 08 88
17:13:15.215  CAN2  256       [8]  54 10 00 61 25 2B A7 44
17:13:15.215  CAN2  117       [8]  72 40 00 00 54 00 00 FA
17:13:15.215  CAN2  124       [8]  88 70 00 15 55 2A A8 00
17:13:15.215  CAN2  1AE       [8]  EA 90 00 01 0F FF 7F F8
17:13:15.215  CAN2  121       [8]  2E 80 2A A9 6A 8A AA 00
17:13:15.239  CAN2  23A       [8]  70 90 00 00 00 00 00 00
17:13:15.239  CAN2  249       [8]  00 00 00 00 00 00 00 00
17:13:15.239  CAN2  117       [8]  82 40 00 00 54 00 00 EA
17:13:15.239  CAN2  124       [8]  21 80 00 15 55 2A A8 00
17:13:15.239  CAN2  1AE       [8]  DA A0 00 01 0F FF 7F F8
17:13:15.239  CAN2  3E1       [8]  00 00 00 00 00 00 00 00
17:13:15.239  CAN2  121       [8]  97 90 2A A9 6A 8A AA 00
17:13:15.239  CAN2  23A       [8]  60 A0 00 00 00 00 00 00
17:13:15.239  CAN2  3B7       [8]  00 41 41 22 22 F9 00 00
17:13:15.239  CAN2  3B7       [8]  01 3F 7F BF 7F 1E 75 00
17:13:15.239  CAN2  40D       [8]  01 02 00 00 00 00 00 00
17:13:15.239  CAN2  3B7       [8]  02 00 00 00 94 11 00 00
17:13:15.239  CAN2  3B7       [8]  03 00 00 9A 99 99 99 00
17:13:15.239  CAN2  3B7       [8]  04 07 CB 07 C6 0A F9 00
17:13:15.239  CAN2  3B7       [8]  05 12 01 11 00 00 00 01
17:13:15.239  CAN2  117       [8]  92 40 00 00 54 00 00 DA
17:13:15.239  CAN2  124       [8]  98 90 00 15 55 2A A8 00
17:13:15.239  CAN2  1AE       [8]  CA B0 00 01 0F FF 7F F8
17:13:15.239  CAN2  2B2       [8]  92 80 00 00 41 00 90 41
17:13:15.239  CAN2  3E5       [8]  10 00 00 00 00 00 00 00
17:13:15.239  CAN2  3B1       [8]  00 00 00 01 00 00 00 A0
17:13:15.239  CAN2  3B3       [8]  10 20 00 00 00 85 5F 00
17:13:15.239  CAN2  435       [8]  00 00 00 00 00 00 00 00
17:13:15.239  CAN2  42D       [8]  00 08 00 00 00 00 12 40
17:13:15.239  CAN2  121       [8]  41 A0 2A A9 6A 8A AA 00
17:13:15.239  CAN2  23A       [8]  50 B0 00 00 00 00 00 00
17:13:15.239  CAN2  359       [8]  00 28 5D C0 FF 00 02 00
17:13:15.239  CAN2  583       [8]  51 00 11 2C 6D A0 12 0E
17:13:15.239  CAN2  2C1       [8]  00 08 00 00 0F 00 00 00
17:13:15.239  CAN2  117       [8]  A2 40 00 00 54 00 00 CA
17:13:15.239  CAN2  124       [8]  4E A0 00 15 55 2A A8 00
17:13:15.239  CAN2  1AE       [8]  BA C0 00 01 0F FF 7F F8
17:13:15.275  CAN2  20E       [8]  00 01 00 00 00 10 61 04
17:13:15.275  CAN2  121       [8]  F8 B0 2A A9 6A 8A AA 00
17:13:15.275  CAN2  23A       [8]  40 C0 00 00 00 00 00 00
17:13:15.275  CAN2  520       [8]  50 00 32 44 00 00 00 00
17:13:15.275  CAN2  3BD       [8]  00 00 00 00 00 00 00 00
17:13:15.275  CAN2  517       [8]  FF 01 0E 00 92 00 4D 41
17:13:15.275  CAN2  518       [8]  00 05 FF 00 00 FF 00 00
17:13:15.275  CAN2  117       [8]  B2 40 00 00 54 00 00 BA
17:13:15.275  CAN2  124       [8]  F7 B0 00 15 55 2A A8 00
17:13:15.275  CAN2  1AE       [8]  AA D0 00 01 0F FF 7F F8
17:13:15.275  CAN2  335       [8]  00 02 00 1C FD 8E F0 00
17:13:15.275  CAN2  29A       [8]  11 0C 00 00 11 01 01 00
17:13:15.275  CAN2  2AB       [8]  00 00 00 00 00 03 2B FE
17:13:15.275  CAN2  2CD       [8]  C8 00 28 00 00 10 40 03
17:13:15.275  CAN2  121       [8]  F0 C0 2A A9 6A 8A AA 00
17:13:15.275  CAN2  23A       [8]  30 D0 00 00 00 00 00 00
17:13:15.275  CAN2  247       [8]  00 06 00 00 18 49 08 88
17:13:15.275  CAN2  117       [8]  C2 40 00 00 54 00 00 AA
17:13:15.275  CAN2  124       [8]  FF C0 00 15 55 2A A8 00
17:13:15.275  CAN2  1AE       [8]  9A E0 00 01 0F FF 7F F8
17:13:15.275  CAN2  121       [8]  49 D0 2A A9 6A 8A AA 00
17:13:15.275  CAN2  23A       [8]  20 E0 00 00 00 00 00 00
17:13:15.275  CAN2  249       [8]  00 00 00 00 00 00 00 00
17:13:15.275  CAN2  117       [8]  D2 40 00 00 54 00 00 9A
17:13:15.275  CAN2  124       [8]  46 D0 00 15 55 2A A8 00
17:13:15.275  CAN2  1AE       [8]  8A F0 00 01 0F FF 7F F8
17:13:15.275  CAN2  3E1       [8]  00 00 00 00 00 00 00 00
17:13:15.275  CAN2  121       [8]  9F E0 2A A9 6A 8A AA 00
17:13:15.275  CAN2  23A       [8]  10 F0 00 00 00 00 00 00
17:13:15.275  CAN2  3B7       [8]  00 41 41 22 22 F9 00 00
17:13:15.275  CAN2  3B7       [8]  01 3F 7F BF 7F 1E 75 00
17:13:15.275  CAN2  3B7       [8]  02 00 00 00 94 11 00 00
17:13:15.311  CAN2  3B7       [8]  03 00 00 9A 99 99 99 00
17:13:15.311  CAN2  3B7       [8]  04 07 CA 07 C5 0A F8 00
17:13:15.311  CAN2  3B7       [8]  05 12 01 11 00 00 00 01
17:13:15.311  CAN2  117       [8]  E2 40 00 00 54 00 00 8A
17:13:15.311  CAN2  124       [8]  90 E0 00 15 55 2A A8 00
17:13:15.311  CAN2  1AE       [8]  7A 00 00 01 0F FF 7F F8
17:13:15.311  CAN2  3E5       [8]  10 00 00 00 00 00 00 00
17:13:15.311  CAN2  3B1       [8]  00 00 00 01 00 00 00 A0
17:13:15.311  CAN2  3B3       [8]  10 20 00 00 00 85 5F 00
17:13:15.311  CAN2  121       [8]  26 F0 2A A9 6A 8A AA 00
17:13:15.311  CAN2  23A       [8]  00 00 00 00 00 00 00 00
17:13:15.311  CAN2  583       [8]  51 00 11 2C 6D A0 12 0E
17:13:15.311  CAN2  117       [8]  F2 40 00 00 54 00 00 7A
17:13:15.311  CAN2  124       [8]  29 F0 00 15 55 2A A8 00
17:13:15.311  CAN2  1AE       [8]  6A 10 00 01 0F FF 7F F8
17:13:15.311  CAN2  20E       [8]  00 01 00 00 00 10 61 04
17:13:15.311  CAN2  2C1       [8]  00 08 00 00 0F 00 00 00
17:13:15.311  CAN2  121       [8]  8F 00 2A A9 6A 8A AA 00
17:13:15.311  CAN2  23A       [8]  F0 10 00 00 00 00 00 00
17:13:15.311  CAN2  520       [8]  50 00 32 44 00 00 00 00
17:13:15.311  CAN2  3BD       [8]  00 00 00 00 00 00 00 00
17:13:15.311  CAN2  517       [8]  FF 01 0E 00 92 00 4D 41
17:13:15.311  CAN2  518       [8]  00 05 FF 00 00 FF 00 00
17:13:15.311  CAN2  117       [8]  02 40 00 00 54 00 00 6A
17:13:15.311  CAN2  124       [8]  80 00 00 15 55 2A A8 00
17:13:15.311  CAN2  1AE       [8]  5A 20 00 01 0F FF 7F F8
17:13:15.311  CAN2  335       [8]  00 02 00 1C FD 8E F0 00
17:13:15.311  CAN2  29A       [8]  11 0C 00 00 11 01 01 00
17:13:15.311  CAN2  2AB       [8]  00 00 00 00 00 02 2B FE
17:13:15.311  CAN2  2CD       [8]  C0 00 28 00 00 00 40 03
17:13:15.311  CAN2  121       [8]  36 10 2A A9 6A 8A AA 00
17:13:15.311  CAN2  23A       [8]  E0 20 00 00 00 00 00 00
17:13:15.335  CAN2  247       [8]  00 06 00 00 18 49 08 88
17:13:15.335  CAN2  256       [8]  53 10 00 61 25 2B A8 44
17:13:15.335  CAN2  632       [8]  04 01 52 01 01 FF FF FF
17:13:15.335  CAN2  636       [8]  04 01 52 01 01 FF FF FF
17:13:15.335  CAN2  117       [8]  12 40 00 00 54 00 00 5A
17:13:15.335  CAN2  124       [8]  39 10 00 15 55 2A A8 00
17:13:15.335  CAN2  1AE       [8]  4A 30 00 01 0F FF 7F F8
17:13:15.335  CAN2  121       [8]  E0 20 2A A9 6A 8A AA 00
17:13:15.335  CAN2  23A       [8]  D0 30 00 00 00 00 00 00
17:13:15.335  CAN2  249       [8]  00 00 00 00 00 00 00 00
17:13:15.335  CAN2  117       [8]  22 40 00 00 54 00 00 4A
17:13:15.335  CAN2  124       [8]  EF 20 00 15 55 2A A8 00
17:13:15.335  CAN2  1AE       [8]  3A 40 00 01 0F FF 7F F8
17:13:15.335  CAN2  121       [8]  59 30 2A A9 6A 8A AA 00
17:13:15.335  CAN2  23A       [8]  C0 40 00 00 00 00 00 00
17:13:15.335  CAN2  3B7       [8]  00 41 41 22 22 F9 00 00
17:13:15.335  CAN2  3E1       [8]  00 00 00 00 00 00 00 00
17:13:15.335  CAN2  3B7       [8]  01 3F 7F BF 7F 1E 75 00
17:13:15.335  CAN2  3B7       [8]  02 00 00 00 94 11 00 00
17:13:15.335  CAN2  3B7       [8]  03 00 00 9A 99 99 99 00
17:13:15.335  CAN2  3B7       [8]  04 07 CB 07 C6 0A F8 00
17:13:15.335  CAN2  3B7       [8]  05 12 01 11 00 00 00 01
17:13:15.335  CAN2  117       [8]  32 40 00 00 54 00 00 3A
17:13:15.335  CAN2  124       [8]  56 30 00 15 55 2A A8 00
17:13:15.335  CAN2  1AE       [8]  2A 50 00 01 0F FF 7F F8
17:13:15.335  CAN2  2B2       [8]  A2 90 00 00 41 00 90 41
17:13:15.335  CAN2  3E5       [8]  10 00 00 00 00 00 00 00
17:13:15.335  CAN2  3C2       [8]  00 00 00 42 00 00 00 09
17:13:15.335  CAN2  699       [8]  00 00 00 00 00 00 00 00
17:13:15.335  CAN2  3B1       [8]  00 00 00 01 00 00 00 A0
17:13:15.335  CAN2  3B3       [8]  10 20 00 00 00 85 5F 00
17:13:15.335  CAN2  401       [8]  02 02 00 00 00 00 00 00
17:13:15.370  CAN2  435       [8]  00 00 00 00 00 00 00 00
17:13:15.370  CAN2  121       [8]  51 40 2A A9 6A 8A AA 00
17:13:15.370  CAN2  23A       [8]  B0 50 00 00 00 00 00 00
17:13:15.370  CAN2  359       [8]  00 28 5D C0 FF 00 02 00
17:13:15.370  CAN2  42D       [8]  00 08 00 00 00 00 12 40
17:13:15.370  CAN2  583       [8]  51 00 11 2C 6D A0 12 0E
17:13:15.370  CAN2  117       [8]  42 40 00 00 54 00 00 2A
17:13:15.370  CAN2  124       [8]  5E 40 00 15 55 2A A8 00
17:13:15.370  CAN2  1AE       [8]  1A 60 00 01 0F FF 7F F8
17:13:15.370  CAN2  20E       [8]  00 01 00 00 00 10 61 04
17:13:15.370  CAN2  121       [8]  E8 50 2A A9 6A 8A AA 00
17:13:15.370  CAN2  23A       [8]  A0 60 00 00 00 00 00 00
17:13:15.370  CAN2  520       [8]  50 00 32 44 00 00 00 00
17:13:15.370  CAN2  3BD       [8]  00 00 00 00 00 00 00 00
17:13:15.370  CAN2  2C1       [8]  00 08 00 00 0F 00 00 00
17:13:15.370  CAN2  517       [8]  FF 01 0E 00 92 00 4D 41
17:13:15.370  CAN2  518       [8]  00 05 FF 00 00 FF 00 00
17:13:15.370  CAN2  117       [8]  52 40 00 00 54 00 00 1A
17:13:15.370  CAN2  124       [8]  E7 50 00 15 55 2A A8 00
17:13:15.370  CAN2  1AE       [8]  0A 70 00 01 0F FF 7F F8
17:13:15.370  CAN2  335       [8]  00 02 00 1C FD 8E F0 00
17:13:15.370  CAN2  631       [8]  04 03 48 01 01 00 00 00
17:13:15.370  CAN2  29A       [8]  11 0C 00 00 11 01 01 00
17:13:15.370  CAN2  2AB       [8]  00 00 00 00 00 02 2B FE
17:13:15.370  CAN2  2CD       [8]  C0 00 28 00 00 00 40 03
17:13:15.370  CAN2  121       [8]  3E 60 2A A9 6A 8A AA 00
17:13:15.370  CAN2  23A       [8]  90 70 00 00 00 00 00 00
17:13:15.370  CAN2  247       [8]  00 06 00 00 18 49 08 88
17:13:15.370  CAN2  117       [8]  62 40 00 00 54 00 00 0A
17:13:15.370  CAN2  124       [8]  31 60 00 15 55 2A A8 00
17:13:15.370  CAN2  1AE       [8]  FA 80 00 01 0F FF 7F F8
17:13:15.370  CAN2  121       [8]  87 70 2A A9 6A 8A AA 00
17:13:15.395  CAN2  23A       [8]  80 80 00 00 00 00 00 00
17:13:15.395  CAN2  249       [8]  00 00 00 00 00 00 00 00
17:13:15.395  CAN2  117       [8]  72 40 00 00 54 00 00 FA
17:13:15.395  CAN2  124       [8]  88 70 00 15 55 2A A8 00
17:13:15.395  CAN2  1AE       [8]  EA 90 00 01 0F FF 7F F8
17:13:15.395  CAN2  580       [8]  7E A5 02 13 0D 4F 00 00
17:13:15.395  CAN2  121       [8]  2E 80 2A A9 6A 8A AA 00
17:13:15.395  CAN2  23A       [8]  70 90 00 00 00 00 00 00
17:13:15.395  CAN2  3B7       [8]  00 41 41 22 22 F9 00 00
17:13:15.395  CAN2  3B7       [8]  01 3F 7F BF 7F 1E 75 00
17:13:15.395  CAN2  3B7       [8]  02 00 00 00 94 11 00 00
17:13:15.395  CAN2  3E1       [8]  00 00 00 00 00 00 00 00
17:13:15.395  CAN2  3B7       [8]  03 00 00 9A 99 99 99 00
17:13:15.395  CAN2  3B7       [8]  04 07 CB 07 C5 0A F9 00
17:13:15.395  CAN2  3B7       [8]  05 12 01 11 00 00 00 01
17:13:15.395  CAN2  117       [8]  82 40 00 00 54 00 00 EA
17:13:15.395  CAN2  124       [8]  21 80 00 15 55 2A A8 00
17:13:15.395  CAN2  1AE       [8]  DA A0 00 01 0F FF 7F F8
17:13:15.395  CAN2  3E5       [8]  10 00 00 00 00 00 00 00
17:13:15.395  CAN2  3B1       [8]  00 00 00 01 00 00 00 A0
17:13:15.395  CAN2  3B3       [8]  10 20 00 00 00 85 5F 00
17:13:15.395  CAN2  121       [8]  97 90 2A A9 6A 8A AA 00
17:13:15.395  CAN2  23A       [8]  60 A0 00 00 00 00 00 00
17:13:15.395  CAN2  583       [8]  51 00 11 2C 6D A0 12 0E
17:13:15.395  CAN2  117       [8]  92 40 00 00 54 00 00 DA
17:13:15.395  CAN2  124       [8]  98 90 00 15 55 2A A8 00
17:13:15.395  CAN2  1AE       [8]  CA B0 00 01 0F FF 7F F8
17:13:15.395  CAN2  20E       [8]  00 01 00 00 00 10 61 04
17:13:15.395  CAN2  121       [8]  41 A0 2A A9 6A 8A AA 00
17:13:15.395  CAN2  23A       [8]  50 B0 00 00 00 00 00 00
17:13:15.395  CAN2  520       [8]  50 00 32 44 00 00 00 00
17:13:15.395  CAN2  3BD       [8]  00 00 00 00 00 00 00 00
17:13:15.430  CAN2  517       [8]  FF 01 0E 00 92 00 4D 41
17:13:15.430  CAN2  518       [8]  00 05 FF 00 00 FF 00 00
17:13:15.430  CAN2  117       [8]  A2 40 00 00 54 00 00 CA
17:13:15.430  CAN2  124       [8]  4E A0 00 15 55 2A A8 00
17:13:15.430  CAN2  1AE       [8]  BA C0 00 01 0F FF 7F F8
17:13:15.430  CAN2  335       [8]  00 02 00 1C FD 8E F0 00
17:13:15.430  CAN2  2C1       [8]  00 08 00 00 0F 00 00 00
17:13:15.430  CAN2  29A       [8]  11 0C 00 00 11 01 01 00
17:13:15.430  CAN2  2AB       [8]  00 00 00 00 00 02 2B FE
17:13:15.430  CAN2  2CD       [8]  C0 00 28 00 00 00 40 03
17:13:15.430  CAN2  121       [8]  F8 B0 2A A9 6A 8A AA 00
17:13:15.430  CAN2  23A       [8]  40 C0 00 00 00 00 00 00
17:13:15.430  CAN2  247       [8]  00 06 00 00 18 49 08 88
17:13:15.430  CAN2  256       [8]  52 10 00 61 25 2B A9 44
17:13:15.430  CAN2  117       [8]  B2 40 00 00 54 00 00 BA
17:13:15.430  CAN2  124       [8]  F7 B0 00 15 55 2A A8 00
17:13:15.430  CAN2  1AE       [8]  AA D0 00 01 0F FF 7F F8
17:13:15.430  CAN2  121       [8]  F0 C0 2A A9 6A 8A AA 00
17:13:15.430  CAN2  23A       [8]  30 D0 00 00 00 00 00 00
17:13:15.430  CAN2  249       [8]  00 00 00 00 00 00 00 00
17:13:15.430  CAN2  117       [8]  C2 40 00 00 54 00 00 AA
17:13:15.430  CAN2  124       [8]  FF C0 00 15 55 2A A8 00
17:13:15.430  CAN2  1AE       [8]  9A E0 00 01 0F FF 7F F8
17:13:15.430  CAN2  121       [8]  49 D0 2A A9 6A 8A AA 00
17:13:15.430  CAN2  23A       [8]  20 E0 00 00 00 00 00 00
17:13:15.430  CAN2  3B7       [8]  00 41 41 22 22 F9 00 00
17:13:15.430  CAN2  3B7       [8]  01 3F 7F BF 7F 1E 75 00
17:13:15.430  CAN2  3B7       [8]  02 00 00 00 94 11 00 00
17:13:15.430  CAN2  3B7       [8]  03 00 00 9A 99 99 99 00
17:13:15.430  CAN2  402       [8]  06 02 00 00 00 00 00 00
17:13:15.430  CAN2  3B7       [8]  04 07 CB 07 C6 0A F8 00
17:13:15.430  CAN2  3B7       [8]  05 12 01 11 00 00 00 01
17:13:15.454  CAN2  3E1       [8]  00 00 00 00 00 00 00 00
17:13:15.454  CAN2  117       [8]  D2 40 00 00 54 00 00 9A
17:13:15.454  CAN2  124       [8]  46 D0 00 15 55 2A A8 00
17:13:15.454  CAN2  1AE       [8]  8A F0 00 01 0F FF 7F F8
17:13:15.454  CAN2  2B2       [8]  B2 A0 00 00 41 00 90 41
17:13:15.454  CAN2  3E5       [8]  10 00 00 00 00 00 00 00
17:13:15.454  CAN2  3B1       [8]  00 00 00 01 00 00 00 A0
17:13:15.454  CAN2  3B3       [8]  10 20 00 00 00 85 5F 00
17:13:15.454  CAN2  435       [8]  00 00 00 00 00 00 00 00
17:13:15.454  CAN2  42D       [8]  00 08 00 00 00 00 12 40
17:13:15.454  CAN2  121       [8]  9F E0 2A A9 6A 8A AA 00
17:13:15.454  CAN2  23A       [8]  10 F0 00 00 00 00 00 00
17:13:15.454  CAN2  359       [8]  00 28 5D C0 FF 00 02 00
17:13:15.454  CAN2  583       [8]  51 00 11 2C 6D A0 12 0E
17:13:15.454  CAN2  117       [8]  E2 40 00 00 54 00 00 8A
17:13:15.454  CAN2  124       [8]  90 E0 00 15 55 2A A8 00
17:13:15.454  CAN2  1AE       [8]  7A 00 00 01 0F FF 7F F8
17:13:15.454  CAN2  20E       [8]  00 01 00 00 00 10 61 04
17:13:15.454  CAN2  121       [8]  26 F0 2A A9 6A 8A AA 00
17:13:15.454  CAN2  23A       [8]  00 00 00 00 00 00 00 00
17:13:15.454  CAN2  520       [8]  50 00 32 44 00 00 00 00
17:13:15.454  CAN2  3BD       [8]  00 00 00 00 00 00 00 00
17:13:15.454  CAN2  517       [8]  FF 01 0E 00 92 00 4D 41
17:13:15.454  CAN2  518       [8]  00 05 FF 00 00 FF 00 00
17:13:15.454  CAN2  117       [8]  F2 40 00 00 54 00 00 7A
17:13:15.454  CAN2  124       [8]  29 F0 00 15 55 2A A8 00
17:13:15.454  CAN2  1AE       [8]  6A 10 00 01 0F FF 7F F8
17:13:15.454  CAN2  335       [8]  00 02 00 1C FD 8E F0 00
17:13:15.454  CAN2  29A       [8]  11 0C 00 00 11 01 01 00
17:13:15.454  CAN2  2AB       [8]  00 00 00 00 00 02 2B FE
17:13:15.454  CAN2  2CD       [8]  C0 00 28 00 00 00 40 03
17:13:15.454  CAN2  121       [8]  8F 00 2A A9 6A 8A AA 00
17:13:15.491  CAN2  23A       [8]  F0 10 00 00 00 00 00 00
17:13:15.491  CAN2  247       [8]  00 06 00 00 18 49 08 88
17:13:15.491  CAN2  2C1       [8]  00 08 00 00 0F 00 00 00
17:13:15.491  CAN2  117       [8]  02 40 00 00 54 00 00 6A
17:13:15.491  CAN2  124       [8]  80 00 00 15 55 2A A8 00
17:13:15.491  CAN2  1AE       [8]  5A 20 00 01 0F FF 7F F8
17:13:15.491  CAN2  121       [8]  36 10 2A A9 6A 8A AA 00
17:13:15.491  CAN2  23A       [8]  E0 20 00 00 00 00 00 00
17:13:15.491  CAN2  249       [8]  00 00 00 00 00 00 00 00
17:13:15.491  CAN2  117       [8]  12 40 00 00 54 00 00 5A
17:13:15.491  CAN2  124       [8]  39 10 00 15 55 2A A8 00
17:13:15.491  CAN2  1AE       [8]  4A 30 00 01 0F FF 7F F8
17:13:15.491  CAN2  121       [8]  E0 20 2A A9 6A 8A AA 00
17:13:15.491  CAN2  23A       [8]  D0 30 00 00 00 00 00 00
17:13:15.491  CAN2  3B7       [8]  00 41 41 22 22 F9 00 00
17:13:15.491  CAN2  3B7       [8]  01 3F 7F BF 7F 1E 75 00
17:13:15.491  CAN2  3B7       [8]  02 00 00 00 94 11 00 00
17:13:15.491  CAN2  3B7       [8]  03 00 00 9A 99 99 99 00
17:13:15.491  CAN2  3B7       [8]  04 07 CA 07 C6 0A F8 00
17:13:15.491  CAN2  3B7       [8]  05 12 01 11 00 00 00 01
17:13:15.491  CAN2  117       [8]  22 40 00 00 54 00 00 4A
17:13:15.491  CAN2  124       [8]  EF 20 00 15 55 2A A8 00
17:13:15.491  CAN2  1AE       [8]  3A 40 00 01 0F FF 7F F8
17:13:15.491  CAN2  3E5       [8]  10 00 00 00 00 00 00 00
17:13:15.491  CAN2  3B1       [8]  00 00 00 01 00 00 00 A0
17:13:15.491  CAN2  3E1       [8]  00 00 00 00 00 00 00 00
17:13:15.491  CAN2  3B3       [8]  10 20 00 00 00 85 5F 00
17:13:15.491  CAN2  121       [8]  59 30 2A A9 6A 8A AA 00
17:13:15.491  CAN2  23A       [8]  C0 40 00 00 00 00 00 00
17:13:15.491  CAN2  583       [8]  51 00 11 2C 6D A0 12 0E
17:13:15.491  CAN2  117       [8]  32 40 00 00 54 00 00 3A
17:13:15.491  CAN2  124       [8]  56 30 00 15 55 2A A8 00
17:13:15.529  CAN2  1AE       [8]  2A 50 00 01 0F FF 7F F8
17:13:15.529  CAN2  20E       [8]  00 01 00 00 00 10 61 04
17:13:15.529  CAN2  121       [8]  51 40 2A A9 6A 8A AA 00
17:13:15.529  CAN2  23A       [8]  B0 50 00 00 00 00 00 00
17:13:15.529  CAN2  520       [8]  50 00 32 44 00 00 00 00
17:13:15.529  CAN2  3BD       [8]  00 00 00 00 00 00 00 00
17:13:15.529  CAN2  517       [8]  FF 01 0E 00 92 00 4D 41
17:13:15.529  CAN2  518       [8]  00 05 FF 00 00 FF 00 00
17:13:15.529  CAN2  117       [8]  42 40 00 00 54 00 00 2A
17:13:15.529  CAN2  124       [8]  5E 40 00 15 55 2A A8 00
17:13:15.529  CAN2  1AE       [8]  1A 60 00 01 0F FF 7F F8
17:13:15.529  CAN2  335       [8]  00 02 00 1C FD 8E F0 00
17:13:15.529  CAN2  29A       [8]  11 0C 00 00 11 01 01 00
17:13:15.529  CAN2  2AB       [8]  00 00 00 00 00 02 2B FE
17:13:15.529  CAN2  2CD       [8]  C0 00 28 00 00 00 40 03
17:13:15.529  CAN2  121       [8]  E8 50 2A A9 6A 8A AA 00
17:13:15.529  CAN2  23A       [8]  A0 60 00 00 00 00 00 00
17:13:15.529  CAN2  247       [8]  00 06 00 00 18 49 08 88
17:13:15.529  CAN2  256       [8]  51 10 00 61 25 2B AA 44
17:13:15.529  CAN2  632       [8]  04 01 52 01 01 FF FF FF
17:13:15.529  CAN2  636       [8]  04 01 52 01 01 FF FF FF
17:13:15.529  CAN2  117       [8]  52 40 00 00 54 00 00 1A
17:13:15.529  CAN2  124       [8]  E7 50 00 15 55 2A A8 00
17:13:15.529  CAN2  1AE       [8]  0A 70 00 01 0F FF 7F F8
17:13:15.529  CAN2  2C1       [8]  00 08 00 00 0F 00 00 00
17:13:15.529  CAN2  121       [8]  3E 60 2A A9 6A 8A AA 00
17:13:15.529  CAN2  23A       [8]  90 70 00 00 00 00 00 00
17:13:15.529  CAN2  249       [8]  00 00 00 00 00 00 00 00
17:13:15.529  CAN2  117       [8]  62 40 00 00 54 00 00 0A
17:13:15.529  CAN2  124       [8]  31 60 00 15 55 2A A8 00
17:13:15.529  CAN2  1AE       [8]  FA 80 00 01 0F FF 7F F8
17:13:15.529  CAN2  121       [8]  87 70 2A A9 6A 8A AA 00
17:13:15.554  CAN2  23A       [8]  80 80 00 00 00 00 00 00
17:13:15.554  CAN2  3B7       [8]  00 41 41 22 22 F9 00 00
17:13:15.554  CAN2  3B7       [8]  01 3F 7F BF 7F 1E 75 00
17:13:15.554  CAN2  3B7       [8]  02 00 00 00 94 11 00 00
17:13:15.554  CAN2  3B7       [8]  03 00 00 9A 99 99 99 00
17:13:15.554  CAN2  3B7       [8]  04 07 CB 07 C6 0A F8 00
17:13:15.554  CAN2  3B7       [8]  05 12 01 11 00 00 00 01
17:13:15.554  CAN2  117       [8]  72 40 00 00 54 00 00 FA
17:13:15.554  CAN2  124       [8]  88 70 00 15 55 2A A8 00
17:13:15.554  CAN2  1AE       [8]  EA 90 00 01 0F FF 7F F8
17:13:15.554  CAN2  2B2       [8]  C2 B0 00 00 41 00 90 41
17:13:15.554  CAN2  3E5       [8]  10 00 00 00 00 00 00 00
17:13:15.554  CAN2  406       [8]  09 02 00 00 00 00 00 00
17:13:15.554  CAN2  3B1       [8]  00 00 00 01 00 00 00 A0
17:13:15.554  CAN2  3B3       [8]  10 20 00 00 00 85 5F 00
17:13:15.554  CAN2  435       [8]  00 00 00 00 00 00 00 00
17:13:15.554  CAN2  3E1       [8]  00 00 00 00 00 00 00 00
17:13:15.554  CAN2  42D       [8]  00 08 00 00 00 00 12 40
17:13:15.554  CAN2  121       [8]  2E 80 2A A9 6A 8A AA 00
17:13:15.554  CAN2  23A       [8]  70 90 00 00 00 00 00 00
17:13:15.554  CAN2  359       [8]  00 28 5D C0 FF 00 02 00
17:13:15.554  CAN2  583       [8]  51 00 11 2C 6D A0 12 0E
17:13:15.554  CAN2  117       [8]  82 40 00 00 54 00 00 EA
17:13:15.554  CAN2  124       [8]  21 80 00 15 55 2A A8 00
17:13:15.554  CAN2  1AE       [8]  DA A0 00 01 0F FF 7F F8
17:13:15.554  CAN2  20E       [8]  00 01 00 00 00 10 61 04
17:13:15.554  CAN2  121       [8]  97 90 2A A9 6A 8A AA 00
17:13:15.554  CAN2  23A       [8]  60 A0 00 00 00 00 00 00
17:13:15.554  CAN2  520       [8]  50 00 32 44 00 00 00 00
17:13:15.554  CAN2  3BD       [8]  00 00 00 00 00 00 00 00
17:13:15.554  CAN2  517       [8]  FF 01 0E 00 92 00 4D 41
17:13:15.554  CAN2  518       [8]  00 05 FF 00 00 FF 00 00
17:13:15.578  CAN2  117       [8]  92 40 00 00 54 00 00 DA
17:13:15.578  CAN2  124       [8]  98 90 00 15 55 2A A8 00
17:13:15.578  CAN2  1AE       [8]  CA B0 00 01 0F FF 7F F8
17:13:15.578  CAN2  335       [8]  00 02 00 1C FD 8E F0 00
17:13:15.578  CAN2  631       [8]  04 03 48 01 01 00 00 00
17:13:15.578  CAN2  29A       [8]  11 0C 00 00 11 01 01 00
17:13:15.578  CAN2  2AB       [8]  00 00 00 00 00 02 2B FE
17:13:15.578  CAN2  2CD       [8]  C0 00 28 00 00 00 40 03
17:13:15.578  CAN2  121       [8]  41 A0 2A A9 6A 8A AA 00
17:13:15.578  CAN2  23A       [8]  50 B0 00 00 00 00 00 00
17:13:15.578  CAN2  247       [8]  00 06 00 00 18 49 08 88
17:13:15.578  CAN2  117       [8]  A2 40 00 00 54 00 00 CA
17:13:15.578  CAN2  124       [8]  4E A0 00 15 55 2A A8 00
17:13:15.578  CAN2  1AE       [8]  BA C0 00 01 0F FF 7F F8
17:13:15.578  CAN2  121       [8]  F8 B0 2A A9 6A 8A AA 00
17:13:15.578  CAN2  23A       [8]  40 C0 00 00 00 00 00 00
17:13:15.578  CAN2  249       [8]  00 00 00 00 00 00 00 00
17:13:15.578  CAN2  2C1       [8]  00 08 00 00 0F 00 00 00
17:13:15.578  CAN2  117       [8]  B2 40 00 00 54 00 00 BA
17:13:15.578  CAN2  124       [8]  F7 B0 00 15 55 2A A8 00
17:13:15.578  CAN2  1AE       [8]  AA D0 00 01 0F FF 7F F8
17:13:15.578  CAN2  121       [8]  F0 C0 2A A9 6A 8A AA 00
17:13:15.578  CAN2  23A       [8]  30 D0 00 00 00 00 00 00
17:13:15.578  CAN2  3B7       [8]  00 41 41 22 22 F9 00 00
17:13:15.578  CAN2  3B7       [8]  01 3F 7F BF 7F 1E 75 00
17:13:15.578  CAN2  3B7       [8]  02 00 00 00 94 11 00 00
17:13:15.578  CAN2  3B7       [8]  03 00 00 9A 99 99 99 00
17:13:15.578  CAN2  3B7       [8]  04 07 CB 07 C5 0A F9 00
17:13:15.578  CAN2  3B7       [8]  05 12 01 11 00 00 00 01
17:13:15.578  CAN2  117       [8]  C2 40 00 00 54 00 00 AA
17:13:15.578  CAN2  124       [8]  FF C0 00 15 55 2A A8 00
17:13:15.578  CAN2  1AE       [8]  9A E0 00 01 0F FF 7F F8
17:13:15.613  CAN2  3B1       [8]  00 00 00 01 00 00 00 A0
17:13:15.613  CAN2  3E5       [8]  10 00 00 00 00 00 00 00
17:13:15.613  CAN2  3B3       [8]  10 20 00 00 00 85 5F 00
17:13:15.613  CAN2  121       [8]  49 D0 2A A9 6A 8A AA 00
17:13:15.613  CAN2  23A       [8]  20 E0 00 00 00 00 00 00
17:13:15.613  CAN2  583       [8]  51 00 11 2C 6D A0 12 0E
17:13:15.613  CAN2  3E1       [8]  00 00 00 00 00 00 00 00
17:13:15.613  CAN2  117       [8]  D2 40 00 00 54 00 00 9A
17:13:15.613  CAN2  124       [8]  46 D0 00 15 55 2A A8 00
17:13:15.613  CAN2  1AE       [8]  8A F0 00 01 0F FF 7F F8
17:13:15.613  CAN2  20E       [8]  00 01 00 00 00 10 61 04
17:13:15.613  CAN2  121       [8]  9F E0 2A A9 6A 8A AA 00
17:13:15.613  CAN2  23A       [8]  10 F0 00 00 00 00 00 00
17:13:15.613  CAN2  520       [8]  50 00 32 44 00 00 00 00
17:13:15.613  CAN2  3BD       [8]  00 00 00 00 00 00 00 00
17:13:15.613  CAN2  517       [8]  FF 01 0E 00 92 00 4D 41
17:13:15.613  CAN2  518       [8]  00 05 FF 00 00 FF 00 00
17:13:15.613  CAN2  117       [8]  E2 40 00 00 54 00 00 8A
17:13:15.613  CAN2  124       [8]  90 E0 00 15 55 2A A8 00
17:13:15.613  CAN2  1AE       [8]  7A 00 00 01 0F FF 7F F8
17:13:15.613  CAN2  335       [8]  00 02 00 1C FD 8E F0 00
17:13:15.613  CAN2  29A       [8]  11 0C 00 00 11 01 01 00
17:13:15.613  CAN2  2AB       [8]  00 00 00 00 00 02 2B FE
17:13:15.613  CAN2  2CD       [8]  C0 00 28 00 00 00 40 03
17:13:15.613  CAN2  121       [8]  26 F0 2A A9 6A 8A AA 00
17:13:15.613  CAN2  23A       [8]  00 00 00 00 00 00 00 00
17:13:15.613  CAN2  247       [8]  00 06 00 00 18 49 08 88
17:13:15.613  CAN2  256       [8]  50 10 00 61 25 2B AB 44
17:13:15.613  CAN2  117       [8]  F2 40 00 00 54 00 00 7A
17:13:15.613  CAN2  124       [8]  29 F0 00 15 55 2A A8 00
17:13:15.613  CAN2  1AE       [8]  6A 10 00 01 0F FF 7F F8
17:13:15.613  CAN2  121       [8]  8F 00 2A A9 6A 8A AA 00
17:13:15.638  CAN2  23A       [8]  F0 10 00 00 00 00 00 00
17:13:15.638  CAN2  249       [8]  00 00 00 00 00 00 00 00
17:13:15.638  CAN2  117       [8]  02 40 00 00 54 00 00 6A
17:13:15.638  CAN2  124       [8]  80 00 00 15 55 2A A8 00
17:13:15.638  CAN2  1AE       [8]  5A 20 00 01 0F FF 7F F8
17:13:15.638  CAN2  2C1       [8]  00 08 00 00 0F 00 00 00
17:13:15.638  CAN2  121       [8]  36 10 2A A9 6A 8A AA 00
17:13:15.638  CAN2  23A       [8]  E0 20 00 00 00 00 00 00
17:13:15.638  CAN2  3B7       [8]  00 41 41 22 22 F9 00 00
17:13:15.638  CAN2  3B7       [8]  01 3F 7F BF 7F 1E 75 00
17:13:15.638  CAN2  3B7       [8]  02 00 00 00 94 11 00 00
17:13:15.638  CAN2  3B7       [8]  03 00 00 9A 99 99 99 00
17:13:15.638  CAN2  3B7       [8]  04 07 CB 07 C5 0A F8 00
17:13:15.638  CAN2  3B7       [8]  05 12 01 11 00 00 00 01
17:13:15.638  CAN2  117       [8]  12 40 00 00 54 00 00 5A
17:13:15.638  CAN2  124       [8]  39 10 00 15 55 2A A8 00
17:13:15.638  CAN2  1AE       [8]  4A 30 00 01 0F FF 7F F8
17:13:15.638  CAN2  2B2       [8]  D2 C0 00 00 41 00 90 41
17:13:15.638  CAN2  3E5       [8]  10 00 00 00 00 00 00 00
17:13:15.638  CAN2  3B1       [8]  00 00 00 01 00 00 00 A0
17:13:15.638  CAN2  3B3       [8]  10 20 00 00 00 85 5F 00
17:13:15.638  CAN2  409       [8]  0A 02 00 00 00 00 00 00
17:13:15.638  CAN2  435       [8]  00 00 00 00 00 00 00 00
17:13:15.638  CAN2  42D       [8]  00 08 00 00 00 00 12 40
17:13:15.638  CAN2  121       [8]  E0 20 2A A9 6A 8A AA 00
17:13:15.638  CAN2  23A       [8]  D0 30 00 00 00 00 00 00
17:13:15.638  CAN2  359       [8]  00 28 5D C0 FF 00 02 00
17:13:15.638  CAN2  583       [8]  51 00 11 2C 6D A0 12 0E
17:13:15.638  CAN2  3E1       [8]  00 00 00 00 00 00 00 00
17:13:15.638  CAN2  117       [8]  22 40 00 00 54 00 00 4A
17:13:15.638  CAN2  124       [8]  EF 20 00 15 55 2A A8 00
17:13:15.638  CAN2  1AE       [8]  3A 40 00 01 0F FF 7F F8
17:13:15.674  CAN2  20E       [8]  00 01 00 00 00 10 61 04
17:13:15.674  CAN2  121       [8]  59 30 2A A9 6A 8A AA 00
17:13:15.674  CAN2  23A       [8]  C0 40 00 00 00 00 00 00
17:13:15.674  CAN2  520       [8]  50 00 32 44 00 00 00 00
17:13:15.674  CAN2  3BD       [8]  00 00 00 00 00 00 00 00
17:13:15.674  CAN2  517       [8]  FF 01 0E 00 92 00 4D 41
17:13:15.674  CAN2  518       [8]  00 05 FF 00 00 FF 00 00
17:13:15.674  CAN2  117       [8]  32 40 00 00 54 00 00 3A
17:13:15.674  CAN2  124       [8]  56 30 00 15 55 2A A8 00
17:13:15.674  CAN2  1AE       [8]  2A 50 00 01 0F FF 7F F8
17:13:15.674  CAN2  335       [8]  00 02 00 1C FD 8E F0 00
17:13:15.674  CAN2  29A       [8]  11 0C 00 00 11 01 01 00
17:13:15.674  CAN2  2AB       [8]  00 00 00 00 00 02 2B FE
17:13:15.674  CAN2  2CD       [8]  C0 00 28 00 00 00 40 03
17:13:15.674  CAN2  121       [8]  51 40 2A A9 6A 8A AA 00
17:13:15.674  CAN2  23A       [8]  B0 50 00 00 00 00 00 00
17:13:15.674  CAN2  247       [8]  00 06 00 00 18 49 08 88
17:13:15.674  CAN2  117       [8]  42 40 00 00 54 00 00 2A
17:13:15.674  CAN2  124       [8]  5E 40 00 15 55 2A A8 00
17:13:15.674  CAN2  1AE       [8]  1A 60 00 01 0F FF 7F F8
17:13:15.674  CAN2  121       [8]  E8 50 2A A9 6A 8A AA 00
17:13:15.674  CAN2  23A       [8]  A0 60 00 00 00 00 00 00
17:13:15.674  CAN2  249       [8]  00 00 00 00 00 00 00 00
17:13:15.674  CAN2  117       [8]  52 40 00 00 54 00 00 1A
17:13:15.674  CAN2  124       [8]  E7 50 00 15 55 2A A8 00
17:13:15.674  CAN2  1AE       [8]  0A 70 00 01 0F FF 7F F8
17:13:15.674  CAN2  121       [8]  3E 60 2A A9 6A 8A AA 00
17:13:15.674  CAN2  23A       [8]  90 70 00 00 00 00 00 00
17:13:15.674  CAN2  2C1       [8]  00 08 00 00 0F 00 00 00
17:13:15.674  CAN2  3B7       [8]  00 41 41 22 22 F9 00 00
17:13:15.674  CAN2  3B7       [8]  01 3F 7F BF 7F 1E 75 00
17:13:15.674  CAN2  3B7       [8]  02 00 00 00 94 11 00 00
17:13:15.710  CAN2  3B7       [8]  03 00 00 9A 99 99 99 00
17:13:15.710  CAN2  3B7       [8]  04 07 CB 07 C5 0A F9 00
17:13:15.710  CAN2  3B7       [8]  05 12 01 11 00 00 00 01
17:13:15.710  CAN2  117       [8]  62 40 00 00 54 00 00 0A
17:13:15.710  CAN2  124       [8]  31 60 00 15 55 2A A8 00
17:13:15.710  CAN2  1AE       [8]  FA 80 00 01 0F FF 7F F8
17:13:15.710  CAN2  3E5       [8]  10 00 00 00 00 00 00 00
17:13:15.710  CAN2  3B1       [8]  00 00 00 01 00 00 00 A0
17:13:15.710  CAN2  3B3       [8]  10 20 00 00 00 85 5F 00
17:13:15.710  CAN2  121       [8]  87 70 2A A9 6A 8A AA 00
17:13:15.710  CAN2  23A       [8]  80 80 00 00 00 00 00 00
17:13:15.710  CAN2  583       [8]  51 00 11 2C 6D A0 12 0E
17:13:15.710  CAN2  3E1       [8]  00 00 00 00 00 00 00 00
17:13:15.710  CAN2  117       [8]  72 40 00 00 54 00 00 FA
17:13:15.710  CAN2  124       [8]  88 70 00 15 55 2A A8 00
17:13:15.710  CAN2  1AE       [8]  EA 90 00 01 0F FF 7F F8
17:13:15.710  CAN2  20E       [8]  00 01 00 00 00 10 61 04
17:13:15.710  CAN2  121       [8]  2E 80 2A A9 6A 8A AA 00
17:13:15.710  CAN2  23A       [8]  70 90 00 00 00 00 00 00
17:13:15.710  CAN2  520       [8]  50 00 32 44 00 00 00 00
17:13:15.710  CAN2  3BD       [8]  00 00 00 00 00 00 00 00
17:13:15.710  CAN2  517       [8]  FF 01 0E 00 92 00 4D 41
17:13:15.710  CAN2  518       [8]  00 05 FF 00 00 FF 00 00
17:13:15.710  CAN2  117       [8]  82 40 00 00 54 00 00 EA
17:13:15.710  CAN2  124       [8]  21 80 00 15 55 2A A8 00
17:13:15.710  CAN2  1AE       [8]  DA A0 00 01 0F FF 7F F8
17:13:15.710  CAN2  335       [8]  00 02 00 1C FD 8E F0 00
17:13:15.710  CAN2  29A       [8]  11 0C 00 00 11 01 01 00
17:13:15.710  CAN2  2AB       [8]  00 00 00 00 00 02 2B FE
17:13:15.710  CAN2  2CD       [8]  C0 00 28 00 00 00 40 03
17:13:15.710  CAN2  121       [8]  97 90 2A A9 6A 8A AA 00
17:13:15.710  CAN2  23A       [8]  60 A0 00 00 00 00 00 00
17:13:15.734  CAN2  247       [8]  00 06 00 00 18 49 08 88
17:13:15.734  CAN2  256       [8]  4F 10 00 61 25 2B AC 44
17:13:15.734  CAN2  632       [8]  04 01 52 01 01 FF FF FF
17:13:15.734  CAN2  636       [8]  04 01 52 01 01 FF FF FF
17:13:15.734  CAN2  117       [8]  92 40 00 00 54 00 00 DA
17:13:15.734  CAN2  124       [8]  98 90 00 15 55 2A A8 00
17:13:15.734  CAN2  1AE       [8]  CA B0 00 01 0F FF 7F F8
17:13:15.734  CAN2  121       [8]  41 A0 2A A9 6A 8A AA 00
17:13:15.734  CAN2  23A       [8]  50 B0 00 00 00 00 00 00
17:13:15.734  CAN2  249       [8]  00 00 00 00 00 00 00 00
17:13:15.734  CAN2  117       [8]  A2 40 00 00 54 00 00 CA
17:13:15.734  CAN2  124       [8]  4E A0 00 15 55 2A A8 00
17:13:15.734  CAN2  1AE       [8]  BA C0 00 01 0F FF 7F F8
17:13:15.734  CAN2  121       [8]  F8 B0 2A A9 6A 8A AA 00
17:13:15.734  CAN2  23A       [8]  40 C0 00 00 00 00 00 00
17:13:15.734  CAN2  3B7       [8]  00 41 41 22 22 F9 00 00
17:13:15.734  CAN2  3B7       [8]  01 3F 7F BF 7F 1E 75 00
17:13:15.734  CAN2  3B7       [8]  02 00 00 00 94 11 00 00
17:13:15.734  CAN2  3B7       [8]  03 00 00 9A 99 99 99 00
17:13:15.734  CAN2  3B7       [8]  04 07 CA 07 C4 0A FA 00
17:13:15.734  CAN2  3B7       [8]  05 12 01 11 00 00 00 01
17:13:15.734  CAN2  117       [8]  B2 40 00 00 54 00 00 BA
17:13:15.734  CAN2  124       [8]  F7 B0 00 15 55 2A A8 00
17:13:15.734  CAN2  1AE       [8]  AA D0 00 01 0F FF 7F F8
17:13:15.734  CAN2  2B2       [8]  E2 D0 00 00 41 00 90 41
17:13:15.734  CAN2  3E5       [8]  10 00 00 00 00 00 00 00
17:13:15.734  CAN2  3B1       [8]  00 00 00 01 00 00 00 A0
17:13:15.734  CAN2  2C1       [8]  00 08 00 00 0F 00 00 00
17:13:15.734  CAN2  3B3       [8]  10 20 00 00 00 85 5F 00
17:13:15.734  CAN2  40A       [8]  0D 02 00 00 00 00 00 00
17:13:15.734  CAN2  435       [8]  00 00 00 00 00 00 00 00
17:13:15.734  CAN2  42D       [8]  00 08 00 00 00 00 12 40
17:13:15.769  CAN2  121       [8]  F0 C0 2A A9 6A 8A AA 00
17:13:15.769  CAN2  23A       [8]  30 D0 00 00 00 00 00 00
17:13:15.769  CAN2  359       [8]  00 28 5D C0 FF 00 02 00
17:13:15.769  CAN2  583       [8]  51 00 11 2C 6D A0 12 0E
17:13:15.769  CAN2  117       [8]  C2 40 00 00 54 00 00 AA
17:13:15.769  CAN2  124       [8]  FF C0 00 15 55 2A A8 00
17:13:15.769  CAN2  1AE       [8]  9A E0 00 01 0F FF 7F F8
17:13:15.769  CAN2  20E       [8]  00 01 00 00 00 10 61 04
17:13:15.769  CAN2  3E1       [8]  00 00 00 00 00 00 00 00
17:13:15.769  CAN2  121       [8]  49 D0 2A A9 6A 8A AA 00
17:13:15.769  CAN2  23A       [8]  20 E0 00 00 00 00 00 00
17:13:15.769  CAN2  520       [8]  50 00 32 44 00 00 00 00
17:13:15.769  CAN2  3BD       [8]  00 00 00 00 00 00 00 00
17:13:15.769  CAN2  517       [8]  FF 01 0E 00 92 00 4D 41
17:13:15.769  CAN2  518       [8]  00 05 FF 00 00 FF 00 00
17:13:15.769  CAN2  117       [8]  D2 40 00 00 54 00 00 9A
17:13:15.769  CAN2  124       [8]  46 D0 00 15 55 2A A8 00
17:13:15.769  CAN2  1AE       [8]  8A F0 00 01 0F FF 7F F8
17:13:15.769  CAN2  335       [8]  00 02 00 1C FD 8E F0 00
17:13:15.769  CAN2  631       [8]  04 03 48 01 01 00 00 00
17:13:15.769  CAN2  29A       [8]  11 0C 00 00 11 01 01 00
17:13:15.769  CAN2  2AB       [8]  00 00 00 00 00 02 2B FE
17:13:15.769  CAN2  2CD       [8]  C0 00 28 00 00 00 40 03
17:13:15.769  CAN2  121       [8]  9F E0 2A A9 6A 8A AA 00
17:13:15.769  CAN2  23A       [8]  10 F0 00 00 00 00 00 00
17:13:15.769  CAN2  247       [8]  00 06 00 00 18 49 08 88
17:13:15.769  CAN2  117       [8]  E2 40 00 00 54 00 00 8A
17:13:15.769  CAN2  124       [8]  90 E0 00 15 55 2A A8 00
17:13:15.769  CAN2  1AE       [8]  7A 00 00 01 0F FF 7F F8
17:13:15.769  CAN2  121       [8]  26 F0 2A A9 6A 8A AA 00
17:13:15.769  CAN2  23A       [8]  00 00 00 00 00 00 00 00
17:13:15.769  CAN2  249       [8]  00 00 00 00 00 00 00 00
17:13:15.803  CAN2  117       [8]  F2 40 00 00 54 00 00 7A
17:13:15.803  CAN2  124       [8]  29 F0 00 15 55 2A A8 00
17:13:15.803  CAN2  1AE       [8]  6A 10 00 01 0F FF 7F F8
17:13:15.803  CAN2  121       [8]  8F 00 2A A9 6A 8A AA 00
17:13:15.803  CAN2  23A       [8]  F0 10 00 00 00 00 00 00
17:13:15.803  CAN2  3B7       [8]  00 41 41 22 22 F9 00 00
17:13:15.803  CAN2  3B7       [8]  01 3F 7F BF 7F 1E 75 00
17:13:15.803  CAN2  3B7       [8]  02 00 00 00 94 11 00 00
17:13:15.803  CAN2  3B7       [8]  03 00 00 9A 99 99 99 00
17:13:15.803  CAN2  3B7       [8]  04 07 CB 07 C5 0A F8 00
17:13:15.803  CAN2  3B7       [8]  05 12 01 11 00 00 00 01
17:13:15.803  CAN2  117       [8]  02 40 00 00 54 00 00 6A
17:13:15.803  CAN2  124       [8]  80 00 00 15 55 2A A8 00
17:13:15.803  CAN2  1AE       [8]  5A 20 00 01 0F FF 7F F8
17:13:15.803  CAN2  3E5       [8]  10 00 00 00 00 00 00 00
17:13:15.803  CAN2  3B1       [8]  00 00 00 01 00 00 00 A0
17:13:15.803  CAN2  3B3       [8]  10 20 00 00 00 85 5F 00
17:13:15.803  CAN2  121       [8]  36 10 2A A9 6A 8A AA 00
17:13:15.803  CAN2  23A       [8]  E0 20 00 00 00 00 00 00
17:13:15.803  CAN2  583       [8]  51 00 11 2C 6D A0 12 0E
17:13:15.803  CAN2  2C1       [8]  00 08 00 00 0F 00 00 00
17:13:15.803  CAN2  117       [8]  12 40 00 00 54 00 00 5A
17:13:15.803  CAN2  124       [8]  39 10 00 15 55 2A A8 00
17:13:15.803  CAN2  1AE       [8]  4A 30 00 01 0F FF 7F F8
17:13:15.803  CAN2  20E       [8]  00 01 00 00 00 10 61 04
17:13:15.803  CAN2  3E1       [8]  00 00 00 00 00 00 00 00
17:13:15.803  CAN2  121       [8]  E0 20 2A A9 6A 8A AA 00
17:13:15.803  CAN2  23A       [8]  D0 30 00 00 00 00 00 00
17:13:15.803  CAN2  520       [8]  50 00 32 44 00 00 00 00
17:13:15.803  CAN2  3BD       [8]  00 00 00 00 00 00 00 00
17:13:15.803  CAN2  517       [8]  FF 01 0E 00 92 00 4D 41
17:13:15.803  CAN2  518       [8]  00 05 FF 00 00 FF 00 00
17:13:15.827  CAN2  117       [8]  22 40 00 00 54 00 00 4A
17:13:15.827  CAN2  124       [8]  EF 20 00 15 55 2A A8 00
17:13:15.827  CAN2  1AE       [8]  3A 40 00 01 0F FF 7F F8
17:13:15.827  CAN2  335       [8]  00 02 00 1C FD 8E F0 00
17:13:15.827  CAN2  29A       [8]  11 0C 00 00 11 01 01 00
17:13:15.827  CAN2  2AB       [8]  00 00 00 00 00 02 2B FE
17:13:15.827  CAN2  2CD       [8]  C0 00 28 00 00 00 40 03
17:13:15.827  CAN2  121       [8]  59 30 2A A9 6A 8A AA 00
17:13:15.827  CAN2  23A       [8]  C0 40 00 00 00 00 00 00
17:13:15.827  CAN2  247       [8]  00 06 00 00 18 49 08 88
17:13:15.827  CAN2  256       [8]  4E 10 00 61 25 2B AD 44
17:13:15.827  CAN2  117       [8]  32 40 00 00 54 00 00 3A
17:13:15.827  CAN2  124       [8]  56 30 00 15 55 2A A8 00
17:13:15.827  CAN2  1AE       [8]  2A 50 00 01 0F FF 7F F8
17:13:15.827  CAN2  121       [8]  51 40 2A A9 6A 8A AA 00
17:13:15.827  CAN2  23A       [8]  B0 50 00 00 00 00 00 00
17:13:15.827  CAN2  249       [8]  00 00 00 00 00 00 00 00
17:13:15.827  CAN2  117       [8]  42 40 00 00 54 00 00 2A
17:13:15.827  CAN2  124       [8]  5E 40 00 15 55 2A A8 00
17:13:15.827  CAN2  1AE       [8]  1A 60 00 01 0F FF 7F F8
17:13:15.827  CAN2  121       [8]  E8 50 2A A9 6A 8A AA 00
17:13:15.827  CAN2  23A       [8]  A0 60 00 00 00 00 00 00
17:13:15.827  CAN2  3B7       [8]  00 41 41 22 22 F9 00 00
17:13:15.827  CAN2  3B7       [8]  01 3F 7F BF 7F 1E 75 00
17:13:15.827  CAN2  3B7       [8]  02 00 00 00 94 11 00 00
17:13:15.827  CAN2  3B7       [8]  03 00 00 9A 99 99 99 00
17:13:15.827  CAN2  3B7       [8]  04 07 CB 07 C6 0A F8 00
17:13:15.827  CAN2  3B7       [8]  05 12 01 11 00 00 00 01
17:13:15.827  CAN2  117       [8]  52 40 00 00 54 00 00 1A
17:13:15.827  CAN2  124       [8]  E7 50 00 15 55 2A A8 00
17:13:15.827  CAN2  1AE       [8]  0A 70 00 01 0F FF 7F F8
17:13:15.827  CAN2  2B2       [8]  F2 E0 00 00 41 00 90 41
17:13:15.852  CAN2  3E5       [8]  10 00 00 00 00 00 00 00
17:13:15.852  CAN2  3C2       [8]  00 00 00 42 00 00 00 09
17:13:15.852  CAN2  3B1       [8]  00 00 00 01 00 00 00 A0
17:13:15.852  CAN2  3B3       [8]  10 20 00 00 00 85 5F 00
17:13:15.852  CAN2  435       [8]  00 00 00 00 00 00 00 00
17:13:15.852  CAN2  42D       [8]  00 08 00 00 00 00 12 40
17:13:15.852  CAN2  121       [8]  3E 60 2A A9 6A 8A AA 00
17:13:15.852  CAN2  23A       [8]  90 70 00 00 00 00 00 00
17:13:15.852  CAN2  359       [8]  00 28 5D C0 FF 00 02 00
17:13:15.852  CAN2  583       [8]  51 00 11 2C 6D A0 12 0E
17:13:15.852  CAN2  40D       [8]  01 02 00 00 00 00 00 00
17:13:15.852  CAN2  117       [8]  62 40 00 00 54 00 00 0A
17:13:15.852  CAN2  124       [8]  31 60 00 15 55 2A A8 00
17:13:15.852  CAN2  1AE       [8]  FA 80 00 01 0F FF 7F F8
17:13:15.852  CAN2  20E       [8]  00 01 00 00 00 10 61 04
17:13:15.852  CAN2  2C1       [8]  00 08 00 00 0F 00 00 00
17:13:15.852  CAN2  121       [8]  87 70 2A A9 6A 8A AA 00
17:13:15.852  CAN2  23A       [8]  80 80 00 00 00 00 00 00
17:13:15.852  CAN2  520       [8]  50 00 32 44 00 00 00 00
17:13:15.852  CAN2  3E1       [8]  00 00 00 00 00 00 00 00
17:13:15.852  CAN2  3BD       [8]  00 00 00 00 00 00 00 00
17:13:15.852  CAN2  517       [8]  FF 01 0E 00 92 00 4D 41
17:13:15.852  CAN2  518       [8]  00 05 FF 00 00 FF 00 00
17:13:15.852  CAN2  117       [8]  72 40 00 00 54 00 00 FA
17:13:15.852  CAN2  124       [8]  88 70 00 15 55 2A A8 00
17:13:15.852  CAN2  1AE       [8]  EA 90 00 01 0F FF 7F F8
17:13:15.852  CAN2  335       [8]  00 02 00 1C FD 8E F0 00
17:13:15.852  CAN2  29A       [8]  11 0C 00 00 11 01 01 00
17:13:15.852  CAN2  2AB       [8]  00 00 00 00 00 02 2B FE
17:13:15.852  CAN2  2CD       [8]  C0 00 28 00 00 00 40 03
17:13:15.852  CAN2  121       [8]  2E 80 2A A9 6A 8A AA 00
17:13:15.852  CAN2  23A       [8]  70 90 00 00 00 00 00 00
17:13:15.888  CAN2  247       [8]  00 06 00 00 18 49 08 88
17:13:15.888  CAN2  117       [8]  82 40 00 00 54 00 00 EA
17:13:15.888  CAN2  124       [8]  21 80 00 15 55 2A A8 00
17:13:15.888  CAN2  1AE       [8]  DA A0 00 01 0F FF 7F F8
17:13:15.888  CAN2  121       [8]  97 90 2A A9 6A 8A AA 00
17:13:15.888  CAN2  23A       [8]  60 A0 00 00 00 00 00 00
17:13:15.888  CAN2  249       [8]  00 00 00 00 00 00 00 00
17:13:15.888  CAN2  117       [8]  92 40 00 00 54 00 00 DA
17:13:15.888  CAN2  124       [8]  98 90 00 15 55 2A A8 00
17:13:15.888  CAN2  1AE       [8]  CA B0 00 01 0F FF 7F F8
17:13:15.888  CAN2  580       [8]  7E A5 02 13 0D 50 00 00
17:13:15.888  CAN2  121       [8]  41 A0 2A A9 6A 8A AA 00
17:13:15.888  CAN2  23A       [8]  50 B0 00 00 00 00 00 00
17:13:15.888  CAN2  3B7       [8]  00 41 41 22 22 F9 00 00
17:13:15.888  CAN2  3B7       [8]  01 3F 7F BF 7F 1E 75 00
17:13:15.888  CAN2  3B7       [8]  02 00 00 00 94 11 00 00
17:13:15.888  CAN2  3B7       [8]  03 00 00 9A 99 99 99 00
17:13:15.888  CAN2  3B7       [8]  04 07 CB 07 C5 0A F8 00
17:13:15.888  CAN2  3B7       [8]  05 12 01 11 00 00 00 01
17:13:15.888  CAN2  117       [8]  A2 40 00 00 54 00 00 CA
17:13:15.888  CAN2  124       [8]  4E A0 00 15 55 2A A8 00
17:13:15.888  CAN2  1AE       [8]  BA C0 00 01 0F FF 7F F8
17:13:15.888  CAN2  3E5       [8]  10 00 00 00 00 00 00 00
17:13:15.888  CAN2  3B1       [8]  00 00 00 01 00 00 00 A0
17:13:15.888  CAN2  3B3       [8]  10 20 00 00 00 85 5F 00
17:13:15.888  CAN2  121       [8]  F8 B0 2A A9 6A 8A AA 00
17:13:15.888  CAN2  23A       [8]  40 C0 00 00 00 00 00 00
17:13:15.888  CAN2  583       [8]  51 00 11 2C 6D A0 12 0E
17:13:15.888  CAN2  117       [8]  B2 40 00 00 54 00 00 BA
17:13:15.888  CAN2  124       [8]  F7 B0 00 15 55 2A A8 00
17:13:15.888  CAN2  1AE       [8]  AA D0 00 01 0F FF 7F F8
17:13:15.888  CAN2  20E       [8]  00 01 00 00 00 10 61 04
17:13:15.926  CAN2  121       [8]  F0 C0 2A A9 6A 8A AA 00
17:13:15.926  CAN2  23A       [8]  30 D0 00 00 00 00 00 00
17:13:15.926  CAN2  520       [8]  50 00 32 44 00 00 00 00
17:13:15.926  CAN2  2C1       [8]  00 08 00 00 0F 00 00 00
17:13:15.926  CAN2  3BD       [8]  00 00 00 00 00 00 00 00
17:13:15.926  CAN2  3E1       [8]  00 00 00 00 00 00 00 00
17:13:15.926  CAN2  517       [8]  FF 01 0E 00 92 00 4D 41
17:13:15.926  CAN2  518       [8]  00 05 FF 00 00 FF 00 00
17:13:15.926  CAN2  117       [8]  C2 40 00 00 54 00 00 AA
17:13:15.926  CAN2  124       [8]  FF C0 00 15 55 2A A8 00
17:13:15.926  CAN2  1AE       [8]  9A E0 00 01 0F FF 7F F8
17:13:15.926  CAN2  335       [8]  00 02 00 1C FD 8E F0 00
17:13:15.926  CAN2  29A       [8]  11 0C 00 00 11 01 01 00
17:13:15.926  CAN2  2AB       [8]  00 00 00 00 00 02 2B FE
17:13:15.926  CAN2  2CD       [8]  C0 00 28 00 00 00 40 03
17:13:15.926  CAN2  121       [8]  49 D0 2A A9 6A 8A AA 00
17:13:15.926  CAN2  23A       [8]  20 E0 00 00 00 00 00 00
17:13:15.926  CAN2  247       [8]  00 06 00 00 18 49 08 88
17:13:15.926  CAN2  256       [8]  4D 10 00 61 25 2B AE 44
17:13:15.926  CAN2  632       [8]  04 01 52 01 01 FF FF FF
17:13:15.926  CAN2  636       [8]  04 01 52 01 01 FF FF FF
17:13:15.926  CAN2  117       [8]  D2 40 00 00 54 00 00 9A
17:13:15.926  CAN2  124       [8]  46 D0 00 15 55 2A A8 00
17:13:15.926  CAN2  1AE       [8]  8A F0 00 01 0F FF 7F F8
17:13:15.926  CAN2  121       [8]  9F E0 2A A9 6A 8A AA 00
17:13:15.926  CAN2  23A       [8]  10 F0 00 00 00 00 00 00
17:13:15.926  CAN2  249       [8]  00 00 00 00 00 00 00 00
17:13:15.926  CAN2  117       [8]  E2 40 00 00 54 00 00 8A
17:13:15.926  CAN2  124       [8]  90 E0 00 15 55 2A A8 00
17:13:15.926  CAN2  1AE       [8]  7A 00 00 01 0F FF 7F F8
17:13:15.926  CAN2  121       [8]  26 F0 2A A9 6A 8A AA 00
17:13:15.926  CAN2  23A       [8]  00 00 00 00 00 00 00 00
17:13:15.950  CAN2  3B7       [8]  00 41 41 22 22 F9 00 00
17:13:15.950  CAN2  3B7       [8]  01 3F 7F BF 7F 1E 75 00
17:13:15.950  CAN2  3B7       [8]  02 00 00 00 94 11 00 00
17:13:15.950  CAN2  3B7       [8]  03 00 00 9A 99 99 99 00
17:13:15.950  CAN2  3B7       [8]  04 07 CB 07 C6 0A F8 00
17:13:15.950  CAN2  3B7       [8]  05 12 01 11 00 00 00 01
17:13:15.950  CAN2  117       [8]  F2 40 00 00 54 00 00 7A
17:13:15.950  CAN2  124       [8]  29 F0 00 15 55 2A A8 00
17:13:15.950  CAN2  1AE       [8]  6A 10 00 01 0F FF 7F F8
17:13:15.950  CAN2  2B2       [8]  02 F0 00 00 41 00 90 41
17:13:15.950  CAN2  3E5       [8]  10 00 00 00 00 00 00 00
17:13:15.950  CAN2  3B1       [8]  00 00 00 01 00 00 00 A0
17:13:15.950  CAN2  3B3       [8]  10 20 00 00 00 85 5F 00
17:13:15.950  CAN2  435       [8]  00 00 00 00 00 00 00 00
17:13:15.950  CAN2  42D       [8]  00 08 00 00 00 00 12 40
17:13:15.950  CAN2  121       [8]  8F 00 2A A9 6A 8A AA 00
17:13:15.950  CAN2  23A       [8]  F0 10 00 00 00 00 00 00
17:13:15.950  CAN2  359       [8]  00 28 5D C0 FF 00 02 00
17:13:15.950  CAN2  583       [8]  51 00 11 2C 6D A0 12 0E
17:13:15.950  CAN2  117       [8]  02 40 00 00 54 00 00 6A
17:13:15.950  CAN2  124       [8]  80 00 00 15 55 2A A8 00
17:13:15.950  CAN2  1AE       [8]  5A 20 00 01 0F FF 7F F8
17:13:15.950  CAN2  20E       [8]  00 01 00 00 00 10 61 04
17:13:15.950  CAN2  401       [8]  02 02 00 00 00 00 00 00
17:13:15.950  CAN2  121       [8]  36 10 2A A9 6A 8A AA 00
17:13:15.950  CAN2  23A       [8]  E0 20 00 00 00 00 00 00
17:13:15.950  CAN2  520       [8]  50 00 32 44 00 00 00 00
17:13:15.950  CAN2  3BD       [8]  00 00 00 00 00 00 00 00
17:13:15.950  CAN2  517       [8]  FF 01 0E 00 92 00 4D 41
17:13:15.950  CAN2  518       [8]  00 05 FF 00 00 FF 00 00
17:13:15.950  CAN2  3E1       [8]  00 00 00 00 00 00 00 00
17:13:15.950  CAN2  117       [8]  12 40 00 00 54 00 00 5A
17:13:15.987  CAN2  124       [8]  39 10 00 15 55 2A A8 00
17:13:15.987  CAN2  1AE       [8]  4A 30 00 01 0F FF 7F F8
17:13:15.987  CAN2  335       [8]  00 02 00 1C FD 8E F0 00
17:13:15.987  CAN2  29A       [8]  11 0C 00 00 11 01 01 00
17:13:15.987  CAN2  2AB       [8]  00 00 00 00 00 02 2B FE
17:13:15.987  CAN2  2C1       [8]  00 08 00 00 0F 00 00 00
17:13:15.987  CAN2  2CD       [8]  C0 00 28 00 00 00 40 03
17:13:15.987  CAN2  631       [8]  04 03 48 01 01 00 00 00
17:13:15.987  CAN2  121       [8]  E0 20 2A A9 6A 8A AA 00
17:13:15.987  CAN2  23A       [8]  D0 30 00 00 00 00 00 00
17:13:15.987  CAN2  247       [8]  00 06 00 00 18 49 08 88
17:13:15.987  CAN2  117       [8]  22 40 00 00 54 00 00 4A
17:13:15.987  CAN2  124       [8]  EF 20 00 15 55 2A A8 00
17:13:15.987  CAN2  1AE       [8]  3A 40 00 01 0F FF 7F F8
17:13:15.987  CAN2  121       [8]  59 30 2A A9 6A 8A AA 00
17:13:15.987  CAN2  23A       [8]  C0 40 00 00 00 00 00 00
17:13:15.987  CAN2  249       [8]  00 00 00 00 00 00 00 00
17:13:15.987  CAN2  117       [8]  32 40 00 00 54 00 00 3A
17:13:15.987  CAN2  124       [8]  56 30 00 15 55 2A A8 00
17:13:15.987  CAN2  1AE       [8]  2A 50 00 01 0F FF 7F F8
17:13:15.987  CAN2  121       [8]  51 40 2A A9 6A 8A AA 00
17:13:15.987  CAN2  23A       [8]  B0 50 00 00 00 00 00 00
17:13:15.987  CAN2  3B7       [8]  00 41 41 22 22 F9 00 00
17:13:15.987  CAN2  3B7       [8]  01 3F 7F BF 7F 1E 75 00
17:13:15.987  CAN2  3B7       [8]  02 00 00 00 94 11 00 00
17:13:15.987  CAN2  3B7       [8]  03 00 00 9A 99 99 99 00
17:13:15.987  CAN2  3B7       [8]  04 07 CB 07 C5 0A F9 00
17:13:15.987  CAN2  3B7       [8]  05 12 01 11 00 00 00 01
17:13:15.987  CAN2  117       [8]  42 40 00 00 54 00 00 2A
17:13:15.987  CAN2  124       [8]  5E 40 00 15 55 2A A8 00
17:13:15.987  CAN2  1AE       [8]  1A 60 00 01 0F FF 7F F8
17:13:15.987  CAN2  3E5       [8]  10 00 00 00 00 00 00 00
17:13:16.022  CAN2  3B1       [8]  00 00 00 01 00 00 00 A0
17:13:16.022  CAN2  3B3       [8]  10 20 00 00 00 85 5F 00
17:13:16.022  CAN2  121       [8]  E8 50 2A A9 6A 8A AA 00
17:13:16.022  CAN2  23A       [8]  A0 60 00 00 00 00 00 00
17:13:16.022  CAN2  583       [8]  51 00 11 2C 6D A0 12 0E
17:13:16.022  CAN2  117       [8]  52 40 00 00 54 00 00 1A
17:13:16.022  CAN2  124       [8]  E7 50 00 15 55 2A A8 00
17:13:16.022  CAN2  1AE       [8]  0A 70 00 01 0F FF 7F F8
17:13:16.022  CAN2  20E       [8]  00 01 00 00 00 10 61 04
17:13:16.022  CAN2  121       [8]  3E 60 2A A9 6A 8A AA 00
17:13:16.022  CAN2  23A       [8]  90 70 00 00 00 00 00 00
17:13:16.022  CAN2  520       [8]  50 00 32 44 00 00 00 00
17:13:16.022  CAN2  3BD       [8]  00 00 00 00 00 00 00 00
17:13:16.022  CAN2  517       [8]  FF 01 0E 00 92 00 4D 41
17:13:16.022  CAN2  518       [8]  00 05 FF 00 00 FF 00 00
17:13:16.022  CAN2  117       [8]  62 40 00 00 54 00 00 0A
17:13:16.022  CAN2  124       [8]  31 60 00 15 55 2A A8 00
17:13:16.022  CAN2  1AE       [8]  FA 80 00 01 0F FF 7F F8
17:13:16.022  CAN2  335       [8]  00 02 00 1C FD 8E F0 00
17:13:16.022  CAN2  3E1       [8]  00 00 00 00 00 00 00 00
17:13:16.022  CAN2  29A       [8]  11 0C 00 00 11 01 01 00
17:13:16.022  CAN2  2AB       [8]  00 00 00 00 00 02 2B FE
17:13:16.022  CAN2  2CD       [8]  C0 00 28 00 00 00 40 03
17:13:16.022  CAN2  121       [8]  87 70 2A A9 6A 8A AA 00
17:13:16.022  CAN2  23A       [8]  80 80 00 00 00 00 00 00
17:13:16.022  CAN2  247       [8]  00 06 00 00 18 49 08 88
17:13:16.022  CAN2  256       [8]  4C 10 00 61 25 2B AF 44
17:13:16.022  CAN2  2C1       [8]  00 08 00 00 0F 00 00 00
17:13:16.022  CAN2  117       [8]  72 40 00 00 54 00 00 FA
17:13:16.022  CAN2  124       [8]  88 70 00 15 55 2A A8 00
17:13:16.022  CAN2  1AE       [8]  EA 90 00 01 0F FF 7F F8
17:13:16.022  CAN2  121       [8]  2E 80 2A A9 6A 8A AA 00
17:13:16.046  CAN2  23A       [8]  70 90 00 00 00 00 00 00
17:13:16.046  CAN2  249       [8]  00 00 00 00 00 00 00 00
17:13:16.046  CAN2  117       [8]  82 40 00 00 54 00 00 EA
17:13:16.046  CAN2  124       [8]  21 80 00 15 55 2A A8 00
17:13:16.046  CAN2  1AE       [8]  DA A0 00 01 0F FF 7F F8
17:13:16.046  CAN2  121       [8]  97 90 2A A9 6A 8A AA 00
17:13:16.046  CAN2  23A       [8]  60 A0 00 00 00 00 00 00
17:13:16.046  CAN2  3B7       [8]  00 41 41 22 22 F9 00 00
17:13:16.046  CAN2  3B7       [8]  01 3F 7F BF 7F 1E 75 00
17:13:16.046  CAN2  3B7       [8]  02 00 00 00 94 11 00 00
17:13:16.046  CAN2  3B7       [8]  03 00 00 9A 99 99 99 00
17:13:16.046  CAN2  3B7       [8]  04 07 CB 07 C6 0A F8 00
17:13:16.046  CAN2  3B7       [8]  05 12 01 11 00 00 00 01
17:13:16.046  CAN2  117       [8]  92 40 00 00 54 00 00 DA
17:13:16.046  CAN2  124       [8]  98 90 00 15 55 2A A8 00
17:13:16.046  CAN2  1AE       [8]  CA B0 00 01 0F FF 7F F8
17:13:16.046  CAN2  2B2       [8]  12 00 00 00 41 00 90 41
17:13:16.046  CAN2  3E5       [8]  10 00 00 00 00 00 00 00
17:13:16.046  CAN2  3B1       [8]  00 00 00 01 00 00 00 A0
17:13:16.046  CAN2  3B3       [8]  10 20 00 00 00 85 5F 00
17:13:16.046  CAN2  435       [8]  00 00 00 00 00 00 00 00
17:13:16.046  CAN2  42D       [8]  00 08 00 00 00 00 12 40
17:13:16.046  CAN2  121       [8]  41 A0 2A A9 6A 8A AA 00
17:13:16.046  CAN2  23A       [8]  50 B0 00 00 00 00 00 00
17:13:16.046  CAN2  359       [8]  00 28 5D C0 FF 00 02 00
17:13:16.046  CAN2  583       [8]  51 00 11 2C 6D A0 12 0E
17:13:16.046  CAN2  402       [8]  06 02 00 00 00 00 00 00
17:13:16.046  CAN2  117       [8]  A2 40 00 00 54 00 00 CA
17:13:16.046  CAN2  124       [8]  4E A0 00 15 55 2A A8 00
17:13:16.046  CAN2  1AE       [8]  BA C0 00 01 0F FF 7F F8
17:13:16.046  CAN2  20E       [8]  00 01 00 00 00 10 61 04
17:13:16.046  CAN2  121       [8]  F8 B0 2A A9 6A 8A AA 00
17:13:16.082  CAN2  23A       [8]  40 C0 00 00 00 00 00 00
17:13:16.082  CAN2  520       [8]  50 00 32 44 00 00 00 00
17:13:16.082  CAN2  3BD       [8]  00 00 00 00 00 00 00 00
17:13:16.082  CAN2  517       [8]  FF 01 0E 00 92 00 4D 41
17:13:16.082  CAN2  518       [8]  00 05 FF 00 00 FF 00 00
17:13:16.082  CAN2  117       [8]  B2 40 00 00 54 00 00 BA
17:13:16.082  CAN2  124       [8]  F7 B0 00 15 55 2A A8 00
17:13:16.082  CAN2  1AE       [8]  AA D0 00 01 0F FF 7F F8
17:13:16.082  CAN2  335       [8]  00 02 00 1C FD 8E F0 00
17:13:16.082  CAN2  3E1       [8]  00 00 00 00 00 00 00 00
17:13:16.082  CAN2  29A       [8]  11 0C 00 00 11 01 01 00
17:13:16.082  CAN2  2AB       [8]  00 00 00 00 00 02 2B FE
17:13:16.082  CAN2  2CD       [8]  C0 00 28 00 00 00 40 03
17:13:16.082  CAN2  121       [8]  F0 C0 2A A9 6A 8A AA 00
17:13:16.082  CAN2  23A       [8]  30 D0 00 00 00 00 00 00
17:13:16.082  CAN2  247       [8]  00 06 00 00 18 49 08 88
17:13:16.082  CAN2  117       [8]  C2 40 00 00 54 00 00 AA
17:13:16.082  CAN2  124       [8]  FF C0 00 15 55 2A A8 00
17:13:16.082  CAN2  1AE       [8]  9A E0 00 01 0F FF 7F F8
17:13:16.082  CAN2  2C1       [8]  00 08 00 00 0F 00 00 00
17:13:16.082  CAN2  121       [8]  49 D0 2A A9 6A 8A AA 00
17:13:16.082  CAN2  23A       [8]  20 E0 00 00 00 00 00 00
17:13:16.082  CAN2  249       [8]  00 00 00 00 00 00 00 00
17:13:16.082  CAN2  117       [8]  D2 40 00 00 54 00 00 9A
17:13:16.082  CAN2  124       [8]  46 D0 00 15 55 2A A8 00
17:13:16.082  CAN2  1AE       [8]  8A F0 00 01 0F FF 7F F8
17:13:16.082  CAN2  121       [8]  9F E0 2A A9 6A 8A AA 00
17:13:16.082  CAN2  23A       [8]  10 F0 00 00 00 00 00 00
17:13:16.082  CAN2  3B7       [8]  00 41 41 22 22 F9 00 00
17:13:16.082  CAN2  3B7       [8]  01 3F 7F BF 7F 1E 75 00
17:13:16.082  CAN2  3B7       [8]  02 00 00 00 94 11 00 00
17:13:16.082  CAN2  3B7       [8]  03 00 00 9A 99 99 99 00
17:13:16.106  CAN2  3B7       [8]  04 07 CB 07 C5 0A F8 00
17:13:16.106  CAN2  3B7       [8]  05 12 01 11 00 00 00 01
17:13:16.106  CAN2  117       [8]  E2 40 00 00 54 00 00 8A
17:13:16.106  CAN2  124       [8]  90 E0 00 15 55 2A A8 00
17:13:16.106  CAN2  1AE       [8]  7A 00 00 01 0F FF 7F F8
17:13:16.106  CAN2  3E5       [8]  10 00 00 00 00 00 00 00
17:13:16.106  CAN2  3B1       [8]  00 00 00 01 00 00 00 A0
17:13:16.106  CAN2  3B3       [8]  10 20 00 00 00 85 5F 00
17:13:16.106  CAN2  121       [8]  26 F0 2A A9 6A 8A AA 00
17:13:16.106  CAN2  23A       [8]  00 00 00 00 00 00 00 00
17:13:16.106  CAN2  583       [8]  51 00 11 2C 6D A0 12 0E
17:13:16.106  CAN2  117       [8]  F2 40 00 00 54 00 00 7A
17:13:16.106  CAN2  124       [8]  29 F0 00 15 55 2A A8 00
17:13:16.106  CAN2  1AE       [8]  6A 10 00 01 0F FF 7F F8
17:13:16.106  CAN2  20E       [8]  00 01 00 00 00 10 61 04
17:13:16.106  CAN2  121       [8]  8F 00 2A A9 6A 8A AA 00
17:13:16.106  CAN2  23A       [8]  F0 10 00 00 00 00 00 00
17:13:16.106  CAN2  520       [8]  50 00 32 44 00 00 00 00
17:13:16.106  CAN2  3BD       [8]  00 00 00 00 00 00 00 00
17:13:16.106  CAN2  517       [8]  FF 01 0E 00 92 00 4D 41
17:13:16.106  CAN2  518       [8]  00 05 FF 00 00 FF 00 00
17:13:16.106  CAN2  117       [8]  02 40 00 00 54 00 00 6A
17:13:16.106  CAN2  124       [8]  80 00 00 15 55 2A A8 00
17:13:16.106  CAN2  1AE       [8]  5A 20 00 01 0F FF 7F F8
17:13:16.106  CAN2  335       [8]  00 02 00 1C FD 8E F0 00
17:13:16.106  CAN2  29A       [8]  11 0C 00 00 11 01 01 00
17:13:16.106  CAN2  2AB       [8]  00 00 00 00 00 02 2B FE
17:13:16.106  CAN2  2CD       [8]  C0 00 28 00 00 00 40 03
17:13:16.106  CAN2  121       [8]  36 10 2A A9 6A 8A AA 00
17:13:16.106  CAN2  23A       [8]  E0 20 00 00 00 00 00 00
17:13:16.106  CAN2  247       [8]  00 06 00 00 18 49 08 88
17:13:16.106  CAN2  256       [8]  5B 10 00 61 25 2B A0 44
17:13:16.142  CAN2  3E1       [8]  00 00 00 00 00 00 00 00
17:13:16.142  CAN2  632       [8]  04 01 52 01 01 FF FF FF
17:13:16.142  CAN2  636       [8]  04 01 52 01 01 FF FF FF
17:13:16.142  CAN2  117       [8]  12 40 00 00 54 00 00 5A
17:13:16.142  CAN2  124       [8]  39 10 00 15 55 2A A8 00
17:13:16.142  CAN2  1AE       [8]  4A 30 00 01 0F FF 7F F8
17:13:16.142  CAN2  121       [8]  E0 20 2A A9 6A 8A AA 00
17:13:16.142  CAN2  23A       [8]  D0 30 00 00 00 00 00 00
17:13:16.142  CAN2  249       [8]  00 00 00 00 00 00 00 00
17:13:16.142  CAN2  2C1       [8]  00 08 00 00 0F 00 00 00
17:13:16.142  CAN2  117       [8]  22 40 00 00 54 00 00 4A
17:13:16.142  CAN2  124       [8]  EF 20 00 15 55 2A A8 00
17:13:16.142  CAN2  1AE       [8]  3A 40 00 01 0F FF 7F F8
17:13:16.142  CAN2  121       [8]  59 30 2A A9 6A 8A AA 00
17:13:16.142  CAN2  23A       [8]  C0 40 00 00 00 00 00 00
17:13:16.142  CAN2  3B7       [8]  00 41 41 22 22 F9 00 00
17:13:16.142  CAN2  3B7       [8]  01 3F 7F BF 7F 1E 75 00
17:13:16.142  CAN2  3B7       [8]  02 00 00 00 94 11 00 00
17:13:16.142  CAN2  3B7       [8]  03 00 00 9A 99 99 99 00
17:13:16.142  CAN2  3B7       [8]  04 07 CB 07 C5 0A F8 00
17:13:16.142  CAN2  3B7       [8]  05 12 01 11 00 00 00 01
17:13:16.142  CAN2  117       [8]  32 40 00 00 54 00 00 3A
17:13:16.142  CAN2  124       [8]  56 30 00 15 55 2A A8 00
17:13:16.142  CAN2  1AE       [8]  2A 50 00 01 0F FF 7F F8
17:13:16.142  CAN2  2B2       [8]  22 10 00 00 41 00 90 41
17:13:16.142  CAN2  3E5       [8]  10 00 00 00 00 00 00 00
17:13:16.142  CAN2  3B1       [8]  00 00 00 01 00 00 00 A0
17:13:16.142  CAN2  3B3       [8]  10 20 00 00 00 85 5F 00
17:13:16.142  CAN2  435       [8]  00 00 00 00 00 00 00 00
17:13:16.142  CAN2  42D       [8]  00 08 00 00 00 00 12 40
17:13:16.142  CAN2  121       [8]  51 40 2A A9 6A 8A AA 00
17:13:16.142  CAN2  23A       [8]  B0 50 00 00 00 00 00 00
17:13:16.167  CAN2  359       [8]  00 28 5D C0 FF 00 02 00
17:13:16.167  CAN2  583       [8]  51 00 11 2C 6D A0 12 0E
17:13:16.167  CAN2  117       [8]  42 40 00 00 54 00 00 2A
17:13:16.167  CAN2  124       [8]  5E 40 00 15 55 2A A8 00
17:13:16.167  CAN2  1AE       [8]  1A 60 00 01 0F FF 7F F8
17:13:16.167  CAN2  20E       [8]  00 01 00 00 00 10 61 04
17:13:16.167  CAN2  406       [8]  09 02 00 00 00 00 00 00
17:13:16.167  CAN2  121       [8]  E8 50 2A A9 6A 8A AA 00
17:13:16.167  CAN2  23A       [8]  A0 60 00 00 00 00 00 00
17:13:16.167  CAN2  520       [8]  50 00 32 44 00 00 00 00
17:13:16.167  CAN2  3BD       [8]  00 00 00 00 00 00 00 00
17:13:16.167  CAN2  517       [8]  FF 01 0E 00 92 00 4D 41
17:13:16.167  CAN2  518       [8]  00 05 FF 00 00 FF 00 00
17:13:16.167  CAN2  117       [8]  52 40 00 00 54 00 00 1A
17:13:16.167  CAN2  124       [8]  E7 50 00 15 55 2A A8 00
17:13:16.167  CAN2  1AE       [8]  0A 70 00 01 0F FF 7F F8
17:13:16.167  CAN2  335       [8]  00 02 00 1C FD 8E F0 00
17:13:16.167  CAN2  29A       [8]  11 0C 00 00 11 01 01 00
17:13:16.167  CAN2  2AB       [8]  00 00 00 00 00 02 2B FE
17:13:16.167  CAN2  2CD       [8]  C0 00 28 00 00 00 40 03
17:13:16.167  CAN2  631       [8]  04 03 48 01 01 00 00 00
17:13:16.167  CAN2  121       [8]  3E 60 2A A9 6A 8A AA 00
17:13:16.167  CAN2  23A       [8]  90 70 00 00 00 00 00 00
17:13:16.167  CAN2  247       [8]  00 06 00 00 18 49 08 88
17:13:16.167  CAN2  3E1       [8]  00 00 00 00 00 00 00 00
17:13:16.167  CAN2  117       [8]  62 40 00 00 54 00 00 0A
17:13:16.167  CAN2  124       [8]  31 60 00 15 55 2A A8 00
17:13:16.167  CAN2  1AE       [8]  FA 80 00 01 0F FF 7F F8
17:13:16.167  CAN2  121       [8]  87 70 2A A9 6A 8A AA 00
17:13:16.167  CAN2  23A       [8]  80 80 00 00 00 00 00 00
17:13:16.167  CAN2  249       [8]  00 00 00 00 00 00 00 00
17:13:16.167  CAN2  117       [8]  72 40 00 00 54 00 00 FA
17:13:16.201  CAN2  124       [8]  88 70 00 15 55 2A A8 00
17:13:16.201  CAN2  1AE       [8]  EA 90 00 01 0F FF 7F F8
17:13:16.201  CAN2  2C1       [8]  00 08 00 00 0F 00 00 00
17:13:16.201  CAN2  121       [8]  2E 80 2A A9 6A 8A AA 00
17:13:16.201  CAN2  23A       [8]  70 90 00 00 00 00 00 00
17:13:16.201  CAN2  3B7       [8]  00 41 41 22 22 F9 00 00
17:13:16.201  CAN2  3B7       [8]  01 3F 7F BF 7F 1E 75 00
17:13:16.201  CAN2  3B7       [8]  02 00 00 00 94 11 00 00
17:13:16.201  CAN2  3B7       [8]  03 00 00 9A 99 99 99 00
17:13:16.201  CAN2  3B7       [8]  04 07 CB 07 C5 0A F9 00
17:13:16.201  CAN2  3B7       [8]  05 12 01 11 00 00 00 01
17:13:16.201  CAN2  117       [8]  82 40 00 00 54 00 00 EA
17:13:16.201  CAN2  124       [8]  21 80 00 15 55 2A A8 00
17:13:16.201  CAN2  1AE       [8]  DA A0 00 01 0F FF 7F F8
17:13:16.201  CAN2  3B1       [8]  00 00 00 01 00 00 00 A0
17:13:16.201  CAN2  3E5       [8]  10 00 00 00 00 00 00 00
17:13:16.201  CAN2  3B3       [8]  10 20 00 00 00 85 5F 00
17:13:16.201  CAN2  121       [8]  97 90 2A A9 6A 8A AA 00
17:13:16.201  CAN2  23A       [8]  60 A0 00 00 00 00 00 00
17:13:16.201  CAN2  583       [8]  51 00 11 2C 6D A0 12 0E
17:13:16.201  CAN2  117       [8]  92 40 00 00 54 00 00 DA
17:13:16.201  CAN2  124       [8]  98 90 00 15 55 2A A8 00
17:13:16.201  CAN2  1AE       [8]  CA B0 00 01 0F FF 7F F8
17:13:16.201  CAN2  20E       [8]  00 01 00 00 00 10 61 04
17:13:16.201  CAN2  121       [8]  41 A0 2A A9 6A 8A AA 00
17:13:16.201  CAN2  23A       [8]  50 B0 00 00 00 00 00 00
17:13:16.201  CAN2  520       [8]  50 00 32 44 00 00 00 00
17:13:16.201  CAN2  3BD       [8]  00 00 00 00 00 00 00 00
17:13:16.201  CAN2  517       [8]  FF 01 0E 00 92 00 4D 41
17:13:16.201  CAN2  518       [8]  00 05 FF 00 00 FF 00 00
17:13:16.201  CAN2  117       [8]  A2 40 00 00 54 00 00 CA
17:13:16.201  CAN2  124       [8]  4E A0 00 15 55 2A A8 00
17:13:16.227  CAN2  1AE       [8]  BA C0 00 01 0F FF 7F F8
17:13:16.227  CAN2  335       [8]  00 02 00 1C FD 8E F0 00
17:13:16.227  CAN2  29A       [8]  11 0C 00 00 11 01 01 00
17:13:16.227  CAN2  2AB       [8]  00 00 00 00 00 02 2B FE
17:13:16.227  CAN2  2CD       [8]  C0 00 28 00 00 00 40 03
17:13:16.227  CAN2  121       [8]  F8 B0 2A A9 6A 8A AA 00
17:13:16.227  CAN2  23A       [8]  40 C0 00 00 00 00 00 00
17:13:16.227  CAN2  247       [8]  00 06 00 00 18 49 08 88
17:13:16.227  CAN2  256       [8]  5A 10 00 61 25 2B A1 44
17:13:16.227  CAN2  3E1       [8]  00 00 00 00 00 00 00 00
17:13:16.227  CAN2  117       [8]  B2 40 00 00 54 00 00 BA
17:13:16.227  CAN2  124       [8]  F7 B0 00 15 55 2A A8 00
17:13:16.227  CAN2  1AE       [8]  AA D0 00 01 0F FF 7F F8
17:13:16.227  CAN2  121       [8]  F0 C0 2A A9 6A 8A AA 00
17:13:16.227  CAN2  23A       [8]  30 D0 00 00 00 00 00 00
17:13:16.227  CAN2  249       [8]  00 00 00 00 00 00 00 00
17:13:16.227  CAN2  117       [8]  C2 40 00 00 54 00 00 AA
17:13:16.227  CAN2  124       [8]  FF C0 00 15 55 2A A8 00
17:13:16.227  CAN2  1AE       [8]  9A E0 00 01 0F FF 7F F8
17:13:16.227  CAN2  121       [8]  49 D0 2A A9 6A 8A AA 00
17:13:16.227  CAN2  23A       [8]  20 E0 00 00 00 00 00 00
17:13:16.227  CAN2  3B7       [8]  00 41 41 22 22 F9 00 00
17:13:16.227  CAN2  2C1       [8]  00 08 00 00 0F 00 00 00
17:13:16.227  CAN2  3B7       [8]  01 3F 7F BF 7F 1E 75 00
17:13:16.227  CAN2  3B7       [8]  02 00 00 00 94 11 00 00
17:13:16.227  CAN2  3B7       [8]  03 00 00 9A 99 99 99 00
17:13:16.227  CAN2  3B7       [8]  04 07 CB 07 C6 0A F8 00
17:13:16.227  CAN2  3B7       [8]  05 12 01 11 00 00 00 01
17:13:16.227  CAN2  117       [8]  D2 40 00 00 54 00 00 9A
17:13:16.227  CAN2  124       [8]  46 D0 00 15 55 2A A8 00
17:13:16.227  CAN2  1AE       [8]  8A F0 00 01 0F FF 7F F8
17:13:16.227  CAN2  2B2       [8]  32 20 00 00 41 00 90 41
17:13:16.264  CAN2  3E5       [8]  10 00 00 00 00 00 00 00
17:13:16.264  CAN2  3B1       [8]  00 00 00 01 00 00 00 A0
17:13:16.264  CAN2  3B3       [8]  10 20 00 00 00 85 5F 00
17:13:16.264  CAN2  435       [8]  00 00 00 00 00 00 00 00
17:13:16.264  CAN2  42D       [8]  00 08 00 00 00 00 12 40
17:13:16.264  CAN2  121       [8]  9F E0 2A A9 6A 8A AA 00
17:13:16.264  CAN2  23A       [8]  10 F0 00 00 00 00 00 00
17:13:16.264  CAN2  359       [8]  00 28 5D C0 FF 00 02 00
17:13:16.264  CAN2  583       [8]  51 00 11 2C 6D A0 12 0E
17:13:16.264  CAN2  117       [8]  E2 40 00 00 54 00 00 8A
17:13:16.264  CAN2  124       [8]  90 E0 00 15 55 2A A8 00
17:13:16.264  CAN2  1AE       [8]  7A 00 00 01 0F FF 7F F8
17:13:16.264  CAN2  20E       [8]  00 01 00 00 00 10 61 04
17:13:16.264  CAN2  409       [8]  0A 02 00 00 00 00 00 00
17:13:16.264  CAN2  121       [8]  26 F0 2A A9 6A 8A AA 00
17:13:16.264  CAN2  23A       [8]  00 00 00 00 00 00 00 00
17:13:16.264  CAN2  520       [8]  50 00 32 44 00 00 00 00
17:13:16.264  CAN2  3BD       [8]  00 00 00 00 00 00 00 00
17:13:16.264  CAN2  517       [8]  FF 01 0E 00 92 00 4D 41
17:13:16.264  CAN2  518       [8]  00 05 FF 00 00 FF 00 00
17:13:16.264  CAN2  117       [8]  F2 40 00 00 54 00 00 7A
17:13:16.264  CAN2  124       [8]  29 F0 00 15 55 2A A8 00
17:13:16.264  CAN2  1AE       [8]  6A 10 00 01 0F FF 7F F8
17:13:16.264  CAN2  335       [8]  00 02 00 1C FD 8E F0 00
17:13:16.264  CAN2  29A       [8]  11 0C 00 00 11 01 01 00
17:13:16.264  CAN2  2AB       [8]  00 00 00 00 00 02 2B FE
17:13:16.264  CAN2  2CD       [8]  C0 00 28 00 00 00 40 03
17:13:16.264  CAN2  121       [8]  8F 00 2A A9 6A 8A AA 00
17:13:16.264  CAN2  23A       [8]  F0 10 00 00 00 00 00 00
17:13:16.264  CAN2  247       [8]  00 06 00 00 18 49 08 88
17:13:16.264  CAN2  117       [8]  02 40 00 00 54 00 00 6A
17:13:16.264  CAN2  124       [8]  80 00 00 15 55 2A A8 00
17:13:16.301  CAN2  1AE       [8]  5A 20 00 01 0F FF 7F F8
17:13:16.301  CAN2  3E1       [8]  00 00 00 00 00 00 00 00
17:13:16.301  CAN2  121       [8]  36 10 2A A9 6A 8A AA 00
17:13:16.301  CAN2  23A       [8]  E0 20 00 00 00 00 00 00
17:13:16.301  CAN2  249       [8]  00 00 00 00 00 00 00 00
17:13:16.301  CAN2  117       [8]  12 40 00 00 54 00 00 5A
17:13:16.301  CAN2  124       [8]  39 10 00 15 55 2A A8 00
17:13:16.301  CAN2  1AE       [8]  4A 30 00 01 0F FF 7F F8
17:13:16.301  CAN2  121       [8]  E0 20 2A A9 6A 8A AA 00
17:13:16.301  CAN2  23A       [8]  D0 30 00 00 00 00 00 00
17:13:16.301  CAN2  3B7       [8]  00 41 41 22 22 F9 00 00
17:13:16.301  CAN2  3B7       [8]  01 3F 7F BF 7F 1E 75 00
17:13:16.301  CAN2  3B7       [8]  02 00 00 00 94 11 00 00
17:13:16.301  CAN2  3B7       [8]  03 00 00 9A 99 99 99 00
17:13:16.301  CAN2  3B7       [8]  04 07 CB 07 C5 0A F8 00
17:13:16.301  CAN2  3B7       [8]  05 12 01 11 00 00 00 01
17:13:16.301  CAN2  117       [8]  22 40 00 00 54 00 00 4A
17:13:16.301  CAN2  124       [8]  EF 20 00 15 55 2A A8 00
17:13:16.301  CAN2  1AE       [8]  3A 40 00 01 0F FF 7F F8
17:13:16.301  CAN2  3B1       [8]  00 00 00 01 00 00 00 A0
17:13:16.301  CAN2  3E5       [8]  10 00 00 00 00 00 00 00
17:13:16.301  CAN2  3B3       [8]  10 20 00 00 00 85 5F 00
17:13:16.301  CAN2  2C1       [8]  00 08 00 00 0F 00 00 00
17:13:16.301  CAN2  121       [8]  59 30 2A A9 6A 8A AA 00
17:13:16.301  CAN2  23A       [8]  C0 40 00 00 00 00 00 00
17:13:16.301  CAN2  583       [8]  51 00 11 2C 6D A0 12 0E
17:13:16.301  CAN2  117       [8]  32 40 00 00 54 00 00 3A
17:13:16.301  CAN2  124       [8]  56 30 00 15 55 2A A8 00
17:13:16.301  CAN2  1AE       [8]  2A 50 00 01 0F FF 7F F8
17:13:16.301  CAN2  20E       [8]  00 01 00 00 00 10 61 04
17:13:16.301  CAN2  121       [8]  51 40 2A A9 6A 8A AA 00
17:13:16.301  CAN2  23A       [8]  B0 50 00 00 00 00 00 00
17:13:16.326  CAN2  520       [8]  50 00 32 44 00 00 00 00
17:13:16.326  CAN2  3BD       [8]  00 00 00 00 00 00 00 00
17:13:16.326  CAN2  517       [8]  FF 01 0E 00 92 00 4D 41
17:13:16.326  CAN2  518       [8]  00 05 FF 00 00 FF 00 00
17:13:16.326  CAN2  117       [8]  42 40 00 00 54 00 00 2A
17:13:16.326  CAN2  124       [8]  5E 40 00 15 55 2A A8 00
17:13:16.326  CAN2  1AE       [8]  1A 60 00 01 0F FF 7F F8
17:13:16.326  CAN2  335       [8]  00 02 00 1C FD 8E F0 00
17:13:16.326  CAN2  29A       [8]  11 0C 00 00 11 01 01 00
17:13:16.326  CAN2  2AB       [8]  00 00 00 00 00 02 2B FE
17:13:16.326  CAN2  2CD       [8]  C0 00 28 00 00 00 40 03
17:13:16.326  CAN2  121       [8]  E8 50 2A A9 6A 8A AA 00
17:13:16.326  CAN2  23A       [8]  A0 60 00 00 00 00 00 00
17:13:16.326  CAN2  247       [8]  00 06 00 00 18 49 08 88
17:13:16.326  CAN2  256       [8]  59 10 00 61 25 2B A2 44
17:13:16.326  CAN2  632       [8]  04 01 52 01 01 FF FF FF
17:13:16.326  CAN2  636       [8]  04 01 52 01 01 FF FF FF
17:13:16.326  CAN2  117       [8]  52 40 00 00 54 00 00 1A
17:13:16.326  CAN2  124       [8]  E7 50 00 15 55 2A A8 00
17:13:16.326  CAN2  1AE       [8]  0A 70 00 01 0F FF 7F F8
17:13:16.326  CAN2  3E1       [8]  00 00 00 00 00 00 00 00
17:13:16.326  CAN2  121       [8]  3E 60 2A A9 6A 8A AA 00
17:13:16.326  CAN2  23A       [8]  90 70 00 00 00 00 00 00
17:13:16.326  CAN2  249       [8]  00 00 00 00 00 00 00 00
17:13:16.326  CAN2  117       [8]  62 40 00 00 54 00 00 0A
17:13:16.326  CAN2  124       [8]  31 60 00 15 55 2A A8 00
17:13:16.326  CAN2  1AE       [8]  FA 80 00 01 0F FF 7F F8
17:13:16.326  CAN2  121       [8]  87 70 2A A9 6A 8A AA 00
17:13:16.326  CAN2  23A       [8]  80 80 00 00 00 00 00 00
17:13:16.326  CAN2  3B7       [8]  00 41 41 22 22 F9 00 00
17:13:16.326  CAN2  3B7       [8]  01 3F 7F BF 7F 1E 75 00
17:13:16.326  CAN2  3B7       [8]  02 00 00 00 94 11 00 00
17:13:16.352  CAN2  3B7       [8]  03 00 00 9A 99 99 99 00
17:13:16.352  CAN2  3B7       [8]  04 07 CB 07 C6 0A F8 00
17:13:16.352  CAN2  3B7       [8]  05 12 01 11 00 00 00 01
17:13:16.352  CAN2  117       [8]  72 40 00 00 54 00 00 FA
17:13:16.352  CAN2  124       [8]  88 70 00 15 55 2A A8 00
17:13:16.352  CAN2  1AE       [8]  EA 90 00 01 0F FF 7F F8
17:13:16.352  CAN2  248       [8]  00 08 00 00 00 00 12 40
17:13:16.352  CAN2  3E5       [8]  10 00 00 00 00 00 00 00
17:13:16.352  CAN2  3C2       [8]  00 00 00 42 00 00 00 09
17:13:16.352  CAN2  699       [8]  00 00 00 00 00 00 00 00
17:13:16.352  CAN2  3B1       [8]  00 00 00 01 00 00 00 A0
17:13:16.352  CAN2  3B3       [8]  10 20 00 00 00 85 5F 00
17:13:16.352  CAN2  435       [8]  00 00 00 00 00 00 00 00
17:13:16.352  CAN2  121       [8]  2E 80 2A A9 6A 8A AA 00
17:13:16.352  CAN2  23A       [8]  70 90 00 00 00 00 00 00
17:13:16.352  CAN2  359       [8]  00 28 5D C0 FF 00 02 00
17:13:16.352  CAN2  42D       [8]  00 08 00 00 00 00 12 40
17:13:16.352  CAN2  583       [8]  51 00 11 2C 6D A0 12 0E
17:13:16.352  CAN2  2C1       [8]  00 08 00 00 0F 00 00 00
17:13:16.352  CAN2  117       [8]  82 40 00 00 54 00 00 EA
17:13:16.352  CAN2  124       [8]  21 80 00 15 55 2A A8 00
17:13:16.352  CAN2  1AE       [8]  DA A0 00 01 0F FF 7F F8
17:13:16.352  CAN2  20E       [8]  00 01 00 00 00 10 61 04
17:13:16.352  CAN2  40A       [8]  0D 02 00 00 00 00 00 00
17:13:16.352  CAN2  121       [8]  97 90 2A A9 6A 8A AA 00
17:13:16.352  CAN2  23A       [8]  60 A0 00 00 00 00 00 00
17:13:16.352  CAN2  520       [8]  50 00 32 44 00 00 00 00
17:13:16.352  CAN2  3BD       [8]  00 00 00 00 00 00 00 00
17:13:16.352  CAN2  517       [8]  FF 01 0E 00 92 00 4D 41
17:13:16.352  CAN2  518       [8]  00 05 FF 00 00 FF 00 00
17:13:16.352  CAN2  117       [8]  92 40 00 00 54 00 00 DA
17:13:16.352  CAN2  124       [8]  98 90 00 15 55 2A A8 00
17:13:16.387  CAN2  1AE       [8]  CA B0 00 01 0F FF 7F F8
17:13:16.387  CAN2  335       [8]  00 02 00 1C FD 8E F0 00
17:13:16.387  CAN2  29A       [8]  11 0C 00 00 11 01 01 00
17:13:16.387  CAN2  2AB       [8]  00 00 00 00 00 02 2B FE
17:13:16.387  CAN2  2CD       [8]  C0 00 28 00 00 00 40 03
17:13:16.387  CAN2  631       [8]  04 03 48 01 01 00 00 00
17:13:16.387  CAN2  121       [8]  41 A0 2A A9 6A 8A AA 00
17:13:16.387  CAN2  23A       [8]  50 B0 00 00 00 00 00 00
17:13:16.387  CAN2  247       [8]  00 06 00 00 18 49 08 88
17:13:16.387  CAN2  117       [8]  A2 40 00 00 54 00 00 CA
17:13:16.387  CAN2  124       [8]  4E A0 00 15 55 2A A8 00
17:13:16.387  CAN2  1AE       [8]  BA C0 00 01 0F FF 7F F8
17:13:16.387  CAN2  121       [8]  F8 B0 2A A9 6A 8A AA 00
17:13:16.387  CAN2  23A       [8]  40 C0 00 00 00 00 00 00
17:13:16.387  CAN2  249       [8]  00 00 00 00 00 00 00 00
17:13:16.387  CAN2  3E1       [8]  00 00 00 00 00 00 00 00
17:13:16.387  CAN2  117       [8]  B2 40 00 00 54 00 00 BA
17:13:16.387  CAN2  124       [8]  F7 B0 00 15 55 2A A8 00
17:13:16.387  CAN2  1AE       [8]  AA D0 00 01 0F FF 7F F8
17:13:16.387  CAN2  580       [8]  7E A5 02 13 0D 50 00 00
17:13:16.387  CAN2  121       [8]  F0 C0 2A A9 6A 8A AA 00
17:13:16.387  CAN2  23A       [8]  30 D0 00 00 00 00 00 00
17:13:16.387  CAN2  3B7       [8]  00 41 41 22 22 F9 00 00
17:13:16.387  CAN2  3B7       [8]  01 3F 7F BF 7F 1E 75 00
17:13:16.387  CAN2  3B7       [8]  02 00 00 00 94 11 00 00
17:13:16.387  CAN2  3B7       [8]  03 00 00 9A 99 99 99 00
17:13:16.387  CAN2  3B7       [8]  04 07 CA 07 C5 0A F8 00
17:13:16.387  CAN2  3B7       [8]  05 12 01 11 00 00 00 01
17:13:16.387  CAN2  117       [8]  C2 40 00 00 54 00 00 AA
17:13:16.387  CAN2  124       [8]  FF C0 00 15 55 2A A8 00
17:13:16.387  CAN2  1AE       [8]  9A E0 00 01 0F FF 7F F8
17:13:16.387  CAN2  3B1       [8]  00 00 00 01 00 00 00 A0
17:13:16.422  CAN2  3E5       [8]  10 00 00 00 00 00 00 00
17:13:16.422  CAN2  3B3       [8]  10 20 00 00 00 85 5F 00
17:13:16.422  CAN2  121       [8]  49 D0 2A A9 6A 8A AA 00
17:13:16.422  CAN2  23A       [8]  20 E0 00 00 00 00 00 00
17:13:16.422  CAN2  583       [8]  51 00 11 2C 6D A0 12 0E
17:13:16.422  CAN2  117       [8]  D2 40 00 00 54 00 00 9A
17:13:16.422  CAN2  124       [8]  46 D0 00 15 55 2A A8 00
17:13:16.422  CAN2  1AE       [8]  8A F0 00 01 0F FF 7F F8
17:13:16.422  CAN2  20E       [8]  00 01 00 00 00 10 61 04
17:13:16.422  CAN2  2C1       [8]  00 08 00 00 0F 00 00 00
17:13:16.422  CAN2  121       [8]  9F E0 2A A9 6A 8A AA 00
17:13:16.422  CAN2  23A       [8]  10 F0 00 00 00 00 00 00
17:13:16.422  CAN2  520       [8]  50 00 32 44 00 00 00 00
17:13:16.422  CAN2  3BD       [8]  00 00 00 00 00 00 00 00
17:13:16.422  CAN2  517       [8]  FF 01 0E 00 92 00 4D 41
17:13:16.422  CAN2  518       [8]  00 05 FF 00 00 FF 00 00
17:13:16.422  CAN2  117       [8]  E2 40 00 00 54 00 00 8A
17:13:16.422  CAN2  124       [8]  90 E0 00 15 55 2A A8 00
17:13:16.422  CAN2  1AE       [8]  7A 00 00 01 0F FF 7F F8
17:13:16.422  CAN2  335       [8]  00 02 00 1C FD 8E F0 00
17:13:16.422  CAN2  29A       [8]  11 0C 00 00 11 01 01 00
17:13:16.422  CAN2  2AB       [8]  00 00 00 00 00 02 2B FE
17:13:16.422  CAN2  2CD       [8]  C0 00 28 00 00 00 40 03
17:13:16.422  CAN2  121       [8]  26 F0 2A A9 6A 8A AA 00
17:13:16.422  CAN2  23A       [8]  00 00 00 00 00 00 00 00
17:13:16.422  CAN2  247       [8]  00 06 00 00 18 49 08 88
17:13:16.422  CAN2  256       [8]  58 10 00 61 25 2B A3 44
17:13:16.422  CAN2  117       [8]  F2 40 00 00 54 00 00 7A
17:13:16.422  CAN2  124       [8]  29 F0 00 15 55 2A A8 00
17:13:16.422  CAN2  1AE       [8]  6A 10 00 01 0F FF 7F F8
17:13:16.422  CAN2  121       [8]  8F 00 2A A9 6A 8A AA 00
17:13:16.422  CAN2  23A       [8]  F0 10 00 00 00 00 00 00
17:13:16.446  CAN2  249       [8]  00 00 00 00 00 00 00 00
17:13:16.446  CAN2  3E1       [8]  00 00 00 00 00 00 00 00
17:13:16.446  CAN2  117       [8]  02 40 00 00 54 00 00 6A
17:13:16.446  CAN2  124       [8]  80 00 00 15 55 2A A8 00
17:13:16.446  CAN2  1AE       [8]  5A 20 00 01 0F FF 7F F8
17:13:16.446  CAN2  121       [8]  36 10 2A A9 6A 8A AA 00
17:13:16.446  CAN2  23A       [8]  E0 20 00 00 00 00 00 00
17:13:16.446  CAN2  3B7       [8]  00 41 41 22 22 F9 00 00
17:13:16.446  CAN2  3B7       [8]  01 3F 7F BF 7F 1E 75 00
17:13:16.446  CAN2  3B7       [8]  02 00 00 00 94 11 00 00
17:13:16.446  CAN2  3B7       [8]  03 00 00 9A 99 99 99 00
17:13:16.446  CAN2  3B7       [8]  04 07 CB 07 C5 0A F9 00
17:13:16.446  CAN2  3B7       [8]  05 12 01 11 00 00 00 01
17:13:16.446  CAN2  117       [8]  12 40 00 00 54 00 00 5A
17:13:16.446  CAN2  124       [8]  39 10 00 15 55 2A A8 00
17:13:16.446  CAN2  1AE       [8]  4A 30 00 01 0F FF 7F F8
17:13:16.446  CAN2  2B2       [8]  52 40 00 00 41 00 90 41
17:13:16.446  CAN2  3E5       [8]  10 00 00 00 00 00 00 00
17:13:16.446  CAN2  3B1       [8]  00 00 00 01 00 00 00 A0
17:13:16.446  CAN2  3B3       [8]  10 20 00 00 00 85 5F 00
17:13:16.446  CAN2  435       [8]  00 00 00 00 00 00 00 00
17:13:16.446  CAN2  42D       [8]  00 08 00 00 00 00 12 40
17:13:16.446  CAN2  121       [8]  E0 20 2A A9 6A 8A AA 00
17:13:16.446  CAN2  23A       [8]  D0 30 00 00 00 00 00 00
17:13:16.446  CAN2  359       [8]  00 28 5D C0 FF 00 02 00
17:13:16.446  CAN2  583       [8]  51 00 11 2C 6D A0 12 0E
17:13:16.446  CAN2  117       [8]  22 40 00 00 54 00 00 4A
17:13:16.446  CAN2  124       [8]  EF 20 00 15 55 2A A8 00
17:13:16.446  CAN2  1AE       [8]  3A 40 00 01 0F FF 7F F8
17:13:16.446  CAN2  20E       [8]  00 01 00 00 00 10 61 04
17:13:16.446  CAN2  121       [8]  59 30 2A A9 6A 8A AA 00
17:13:16.446  CAN2  23A       [8]  C0 40 00 00 00 00 00 00
17:13:16.484  CAN2  520       [8]  50 00 32 44 00 00 00 00
17:13:16.484  CAN2  2C1       [8]  00 08 00 00 0F 00 00 00
17:13:16.484  CAN2  40D       [8]  01 02 00 00 00 00 00 00
17:13:16.484  CAN2  3BD       [8]  00 00 00 00 00 00 00 00
17:13:16.484  CAN2  517       [8]  FF 01 0E 00 92 00 4D 41
17:13:16.484  CAN2  518       [8]  00 05 FF 00 00 FF 00 00
17:13:16.484  CAN2  117       [8]  32 40 00 00 54 00 00 3A
17:13:16.484  CAN2  124       [8]  56 30 00 15 55 2A A8 00
17:13:16.484  CAN2  1AE       [8]  2A 50 00 01 0F FF 7F F8
17:13:16.484  CAN2  335       [8]  00 02 00 1C FD 8E F0 00
17:13:16.484  CAN2  29A       [8]  11 0C 00 00 11 01 01 00
17:13:16.484  CAN2  2AB       [8]  00 00 00 00 00 02 2B FE
17:13:16.484  CAN2  2CD       [8]  C0 00 28 00 00 00 40 03
17:13:16.484  CAN2  121       [8]  51 40 2A A9 6A 8A AA 00
17:13:16.484  CAN2  23A       [8]  B0 50 00 00 00 00 00 00
17:13:16.484  CAN2  247       [8]  00 06 00 00 18 49 08 88
17:13:16.484  CAN2  117       [8]  42 40 00 00 54 00 00 2A
17:13:16.484  CAN2  124       [8]  5E 40 00 15 55 2A A8 00
17:13:16.484  CAN2  1AE       [8]  1A 60 00 01 0F FF 7F F8
17:13:16.484  CAN2  121       [8]  E8 50 2A A9 6A 8A AA 00
17:13:16.484  CAN2  23A       [8]  A0 60 00 00 00 00 00 00
17:13:16.484  CAN2  249       [8]  00 00 00 00 00 00 00 00
17:13:16.484  CAN2  3E1       [8]  00 00 00 00 00 00 00 00
17:13:16.484  CAN2  117       [8]  52 40 00 00 54 00 00 1A
17:13:16.484  CAN2  124       [8]  E7 50 00 15 55 2A A8 00
17:13:16.484  CAN2  1AE       [8]  0A 70 00 01 0F FF 7F F8
17:13:16.484  CAN2  121       [8]  3E 60 2A A9 6A 8A AA 00
17:13:16.484  CAN2  23A       [8]  90 70 00 00 00 00 00 00
17:13:16.484  CAN2  3B7       [8]  00 41 41 22 22 F9 00 00
17:13:16.484  CAN2  3B7       [8]  01 3F 7F BF 7F 1E 75 00
17:13:16.484  CAN2  3B7       [8]  02 00 00 00 94 11 00 00
17:13:16.484  CAN2  3B7       [8]  03 00 00 9A 99 99 99 00
17:13:16.509  CAN2  3B7       [8]  04 07 CB 07 C5 0A F8 00
17:13:16.509  CAN2  3B7       [8]  05 12 01 11 00 00 00 01
17:13:16.509  CAN2  117       [8]  62 40 00 00 54 00 00 0A
17:13:16.509  CAN2  124       [8]  31 60 00 15 55 2A A8 00
17:13:16.509  CAN2  1AE       [8]  FA 80 00 01 0F FF 7F F8
17:13:16.509  CAN2  3E5       [8]  10 00 00 00 00 00 00 00
17:13:16.509  CAN2  3B1       [8]  00 00 00 01 00 00 00 A0
17:13:16.509  CAN2  3B3       [8]  10 20 00 00 00 85 5F 00
17:13:16.509  CAN2  121       [8]  87 70 2A A9 6A 8A AA 00
17:13:16.509  CAN2  23A       [8]  80 80 00 00 00 00 00 00
17:13:16.509  CAN2  583       [8]  51 00 11 2C 6D A0 12 0E
17:13:16.509  CAN2  117       [8]  72 40 00 00 54 00 00 FA
17:13:16.509  CAN2  124       [8]  88 70 00 15 55 2A A8 00
17:13:16.509  CAN2  1AE       [8]  EA 90 00 01 0F FF 7F F8
17:13:16.509  CAN2  20E       [8]  00 01 00 00 00 10 61 04
17:13:16.509  CAN2  121       [8]  2E 80 2A A9 6A 8A AA 00
17:13:16.509  CAN2  23A       [8]  70 90 00 00 00 00 00 00
17:13:16.509  CAN2  520       [8]  50 00 32 44 00 00 00 00
17:13:16.509  CAN2  3BD       [8]  00 00 00 00 00 00 00 00
17:13:16.509  CAN2  517       [8]  FF 01 0E 00 92 00 4D 41
17:13:16.509  CAN2  518       [8]  00 05 FF 00 00 FF 00 00
17:13:16.509  CAN2  117       [8]  82 40 00 00 54 00 00 EA
17:13:16.509  CAN2  124       [8]  21 80 00 15 55 2A A8 00
17:13:16.509  CAN2  1AE       [8]  DA A0 00 01 0F FF 7F F8
17:13:16.509  CAN2  335       [8]  00 02 00 1C FD 8E F0 00
17:13:16.509  CAN2  2C1       [8]  00 08 00 00 0F 00 00 00
17:13:16.509  CAN2  29A       [8]  11 0C 00 00 11 01 01 00
17:13:16.509  CAN2  2AB       [8]  00 00 00 00 00 02 2B FE
17:13:16.509  CAN2  2CD       [8]  C0 00 28 00 00 00 40 03
17:13:16.509  CAN2  121       [8]  97 90 2A A9 6A 8A AA 00
17:13:16.509  CAN2  23A       [8]  60 A0 00 00 00 00 00 00
17:13:16.509  CAN2  247       [8]  00 06 00 00 18 49 08 88
17:13:16.534  CAN2  256       [8]  57 10 00 61 25 2B A4 44
17:13:16.534  CAN2  632       [8]  04 01 52 01 01 FF FF FF
17:13:16.534  CAN2  636       [8]  04 01 52 01 01 FF FF FF
17:13:16.534  CAN2  117       [8]  92 40 00 00 54 00 00 DA
17:13:16.534  CAN2  124       [8]  98 90 00 15 55 2A A8 00
17:13:16.534  CAN2  1AE       [8]  CA B0 00 01 0F FF 7F F8
17:13:16.534  CAN2  121       [8]  41 A0 2A A9 6A 8A AA 00
17:13:16.534  CAN2  23A       [8]  50 B0 00 00 00 00 00 00
17:13:16.534  CAN2  249       [8]  00 00 00 00 00 00 00 00
17:13:16.534  CAN2  117       [8]  A2 40 00 00 54 00 00 CA
17:13:16.534  CAN2  124       [8]  4E A0 00 15 55 2A A8 00
17:13:16.534  CAN2  1AE       [8]  BA C0 00 01 0F FF 7F F8
17:13:16.534  CAN2  3E1       [8]  00 00 00 00 00 00 00 00
17:13:16.534  CAN2  121       [8]  F8 B0 2A A9 6A 8A AA 00
17:13:16.534  CAN2  23A       [8]  40 C0 00 00 00 00 00 00
17:13:16.534  CAN2  3B7       [8]  00 41 41 22 22 F9 00 00
17:13:16.534  CAN2  3B7       [8]  01 3F 7F BF 7F 1E 75 00
17:13:16.534  CAN2  3B7       [8]  02 00 00 00 94 11 00 00
17:13:16.534  CAN2  3B7       [8]  03 00 00 9A 99 99 99 00
17:13:16.534  CAN2  3B7       [8]  04 07 CB 07 C6 0A F8 00
17:13:16.534  CAN2  3B7       [8]  05 12 01 11 00 00 00 01
17:13:16.534  CAN2  117       [8]  B2 40 00 00 54 00 00 BA
17:13:16.534  CAN2  124       [8]  F7 B0 00 15 55 2A A8 00
17:13:16.534  CAN2  1AE       [8]  AA D0 00 01 0F FF 7F F8
17:13:16.534  CAN2  2B2       [8]  62 50 00 00 41 00 90 41
17:13:16.534  CAN2  3E5       [8]  10 00 00 00 00 00 00 00
17:13:16.534  CAN2  3B1       [8]  00 00 00 01 00 00 00 A0
17:13:16.534  CAN2  3B3       [8]  10 20 00 00 00 85 5F 00
17:13:16.534  CAN2  435       [8]  00 00 00 00 00 00 00 00
17:13:16.534  CAN2  42D       [8]  00 08 00 00 00 00 12 40
17:13:16.534  CAN2  121       [8]  F0 C0 2A A9 6A 8A AA 00
17:13:16.534  CAN2  23A       [8]  30 D0 00 00 00 00 00 00
LOG   stopped
